client_id,client_type,first_name,last_name,date_of_birth,gender,country,region,acquisition_purpose,satisfaction_score,loan_applied,referral_channel,units_bought,total_spend,avg_price,avg_area,towers_used,age,log_total_spend,log_avg_price,cluster,segment
c0001,individual,kareem,liu,1968-05-11,f,usa,california,home,4,1,website,4,1246764.72,311691.18,983.885,4,58,14.036063332111715,12.649771377214856,1,First-Time Buyers
c0002,individual,trystan,oconnor,1962-11-26,m,usa,california,home,1,0,website,5,1841095.9300000002,368219.18600000005,1187.942,5,63,14.42587210956251,12.81643636974387,3,Global Investors
c0003,individual,kale,gay,1959-04-07,m,usa,california,home,4,1,agency,5,1661457.5899999999,332291.518,1058.1100000000001,5,67,14.323206443204084,12.713770938290224,1,First-Time Buyers
c0004,individual,russell,gross,1959-11-25,m,usa,california,home,5,0,website,6,1608263.51,268043.91833333333,937.1033333333334,5,66,14.290666211461678,12.498909851170117,2,Luxury Investors
c0005,company,marleez,co,1976-02-28,m,usa,california,investment,5,0,website,13,3653385.38,281029.64461538463,927.2961538461539,5,50,15.111165070783612,12.546218997940521,2,Luxury Investors
c0006,individual,yurem,wright,1957-03-06,m,usa,california,home,3,1,website,5,1514131.06,302826.212,989.5899999999999,5,69,14.230352935067252,12.620917664407157,1,First-Time Buyers
c0007,individual,xavier,faulkner,1947-05-24,m,canada,quebec,investment,5,0,website,11,3251147.83,295558.8936363636,995.6936363636363,6,79,14.994518977998254,12.596626781030965,2,Luxury Investors
c0008,individual,kayden,olsen,1969-10-17,f,usa,california,home,5,0,website,5,1476730.4100000001,295346.08200000005,1031.106,5,57,14.20534169663587,12.595906492882953,1,First-Time Buyers
c0009,individual,joaquin,mullins,1975-10-05,m,usa,california,investment,5,0,agency,5,1820832.35,364166.47000000003,1305.644,4,51,14.414804838871191,12.805369123230996,1,First-Time Buyers
c0010,individual,nicolas,navarro,1966-06-17,m,usa,oregon,investment,3,0,agency,5,1732434.0,346486.8,1140.206,4,60,14.365038491304858,12.755602887757027,1,First-Time Buyers
c0011,individual,laci,guerra,1956-06-17,f,usa,california,home,2,1,website,5,1325211.52,265042.304,935.914,5,70,14.097083396993796,12.487648502938939,0,Corporate Buyers
c0012,company,kylax,co,1975-04-25,m,usa,california,investment,5,0,website,4,1599526.4,399881.6,1317.445,4,51,14.285218768578222,12.898926283010564,1,First-Time Buyers
c0013,individual,harley,lucero,1962-08-10,m,usa,california,home,1,1,website,5,2142750.89,428550.178,1407.376,4,64,14.577601490804842,12.968165445127358,3,Global Investors
c0014,company,esther,co,1980-07-10,m,usa,california,home,3,1,website,4,1548140.0699999998,387035.01749999996,1280.5425,4,46,14.252565459470635,12.86627303615677,3,Global Investors
c0015,individual,jaylynn,hickman,1941-08-19,f,usa,california,home,5,0,client,5,1585907.37,317181.47400000005,1030.764,4,85,14.276667905233028,12.66723251500956,1,First-Time Buyers
c0016,individual,olivia,oconnell,1939-09-03,f,usa,california,investment,5,0,website,4,1010217.73,252554.4325,842.145,4,87,13.825677429727202,12.439386038256812,0,Corporate Buyers
c0017,individual,antonio,porter,1977-01-08,m,usa,arizona,home,3,0,client,5,1778693.75,355738.75,1195.8139999999999,4,49,14.391390366765352,12.781954703168779,1,First-Time Buyers
c0018,individual,luke,lynn,1967-02-07,m,usa,california,home,2,1,agency,4,1061478.67,265369.6675,913.8325,4,59,13.87517440779885,12.488882872918449,0,Corporate Buyers
c0019,individual,anahi,curry,1957-09-09,m,usa,california,home,5,1,client,4,1773474.26,443368.565,1402.0425,4,69,14.388451603281768,13.002158933754385,3,Global Investors
c0020,individual,camille,sharp,1967-10-17,f,usa,california,home,5,0,website,4,1508032.25,377008.0625,1307.08,4,59,14.22631687637858,12.840024504602766,1,First-Time Buyers
c0021,individual,jesus,obrien,1938-06-09,m,usa,oregon,investment,3,0,website,6,1928172.72,321362.12,1028.86,5,88,14.47208385382797,12.6803269777239,2,Luxury Investors
c0022,individual,araceli,nelson,1966-09-14,m,germany,berlin,investment,5,0,agency,4,1372403.2,343100.8,1247.4850000000001,4,60,14.132074650294014,12.74578247511666,1,First-Time Buyers
c0023,individual,cole,taylor,1958-12-06,m,usa,california,home,3,1,website,5,1457871.69,291574.338,948.3880000000001,5,67,14.192488869494111,12.583053700780049,1,First-Time Buyers
c0024,individual,alonso,terrell,1963-11-05,m,usa,california,investment,4,0,website,6,1884156.9000000001,314026.15,1053.735,5,62,14.448991541646835,12.657234726120663,2,Luxury Investors
c0025,individual,rodolfo,gibson,1937-01-20,m,usa,nevada,home,2,1,website,5,1694448.83,338889.766,1120.576,5,89,14.34286866203708,12.733433110248429,1,First-Time Buyers
c0026,individual,joseph,reeves,1962-09-23,m,usa,california,investment,5,0,website,10,2932241.75,293224.175,1002.383,7,64,14.891278131876645,12.58869610820085,2,Luxury Investors
c0027,individual,grant,weber,1968-09-08,m,usa,california,home,5,1,website,5,1517969.44,303593.888,1070.234,4,58,14.232884763757333,12.623449486417188,1,First-Time Buyers
c0028,individual,ava,phelps,1958-04-15,f,usa,california,home,3,0,client,5,1791082.79,358216.558,1266.366,5,68,14.398331463868113,12.788895784716205,3,Global Investors
c0029,individual,kyla,walker,1976-02-26,f,usa,colorado,home,4,1,agency,4,1247795.31,311948.8275,993.05,3,50,14.03688960144977,12.650597644565547,1,First-Time Buyers
c0030,individual,alanna,hess,1952-06-19,f,usa,nevada,home,3,0,website,4,1547311.29,386827.8225,1279.3725,4,74,14.252029977314441,12.865737555038514,3,Global Investors
c0031,individual,skylar,buchanan,1977-12-25,m,usa,nevada,home,4,1,website,5,1077148.21,215429.642,677.3399999999999,5,48,13.889828488789417,12.280394289854371,0,Corporate Buyers
c0032,individual,rodrigo,robinson,1966-08-11,m,usa,california,home,4,0,website,5,1888995.1600000001,377799.032,1282.528,5,60,14.451556113659981,12.842120318750442,1,First-Time Buyers
c0033,individual,lydia,tate,1968-08-14,f,usa,california,home,3,1,website,4,1404998.67,351249.6675,1250.4325,4,58,14.15554762587451,12.769255399984159,1,First-Time Buyers
c0034,individual,lauryn,patrick,1969-10-30,f,belgium,brussels,home,2,0,agency,5,1632608.66,326521.73199999996,1160.556,4,56,14.305690310924188,12.696254848552217,1,First-Time Buyers
c0035,individual,diego,mendez,1965-05-12,m,mexico,mexico city,home,3,0,agency,5,1987876.4,397575.27999999997,1445.752,5,61,14.502577994276862,12.893142094037264,3,Global Investors
c0036,individual,victor,jensen,1973-09-01,m,usa,california,home,4,0,website,4,1173683.53,293420.8825,963.325,4,53,13.97565852946118,12.589366724391137,1,First-Time Buyers
c0037,individual,scarlet,hendricks,1962-01-20,f,usa,california,home,5,1,website,5,1607228.75,321445.75,1018.368,4,64,14.290022602764507,12.68058717908164,1,First-Time Buyers
c0038,individual,janelle,espinoza,1974-12-25,f,usa,california,investment,4,0,client,4,1175129.27,293782.3175,1105.1225,4,51,13.976889567500091,12.590597759285394,1,First-Time Buyers
c0039,individual,aleksandra,karenina,1967-06-13,f,russia,krasnodar krai,home,1,0,agency,4,1858527.54,464631.885,1365.68,4,59,14.435295625071806,13.049002878130828,3,Global Investors
c0040,individual,conner,huff,1975-03-22,m,usa,nevada,home,5,0,website,6,1854608.29,309101.38166666665,1047.8,5,51,14.433184606502113,12.641427833256058,2,Luxury Investors
c0041,individual,zain,horne,1967-04-13,m,usa,arizona,home,1,1,website,5,1374460.79,274892.158,872.838,4,59,14.133572787001324,12.524137784793036,0,Corporate Buyers
c0042,individual,maia,chandler,1975-08-12,f,usa,utah,home,1,1,website,4,1101390.25,275347.5625,913.8425,4,51,13.912084711344605,12.525793074048709,0,Corporate Buyers
c0043,individual,jordyn,park,1965-04-04,m,usa,nevada,investment,3,1,website,4,1126492.46,281623.115,983.505,4,61,13.93462023324504,12.54832853525291,0,Corporate Buyers
c0044,individual,diana,hunt,1931-02-13,f,usa,arizona,home,3,0,website,4,1330493.26,332623.315,1106.8675,4,95,14.101061055222969,12.714768948901696,1,First-Time Buyers
c0045,individual,kevin,mata,1968-10-12,m,usa,colorado,investment,2,0,agency,5,1463432.3599999999,292686.47199999995,913.774,4,58,14.1962958494002,12.586860670260721,1,First-Time Buyers
c0046,individual,brisa,mckee,1964-09-24,f,usa,california,home,5,0,client,8,2026517.4,253314.675,857.8050000000001,7,62,14.521829804703334,12.442391717217603,2,Luxury Investors
c0047,individual,mason,gilbert,1970-07-31,m,usa,colorado,home,2,0,agency,5,1438239.28,287647.856,953.568,5,56,14.178930896489597,12.569495765228082,1,First-Time Buyers
c0048,individual,derick,li,1957-03-20,m,usa,california,home,3,1,agency,4,1338718.0,334679.5,1026.3200000000002,4,69,14.107223744546955,12.720931624372803,1,First-Time Buyers
c0049,individual,jace,riggs,1971-08-20,f,usa,california,home,1,0,website,4,1390091.2,347522.8,1204.3675,4,55,14.144880633842327,12.758588430850338,3,Global Investors
c0050,individual,jair,johns,1940-03-05,m,usa,california,home,5,0,website,9,2744452.35,304939.15,993.5088888888889,7,86,14.825092469195992,12.627870806825824,2,Luxury Investors
c0051,individual,matilda,madden,1941-03-03,f,usa,colorado,home,3,0,agency,4,1270440.42,317610.105,1039.56,4,85,14.054874972847795,12.668582973109082,1,First-Time Buyers
c0052,individual,myla,ewing,1967-02-03,f,usa,oregon,investment,2,0,client,4,1474211.53,368552.8825,1187.925,3,59,14.20363452722637,12.817342201089149,3,Global Investors
c0053,individual,miguel,walter,1954-01-07,m,usa,arizona,home,4,0,agency,4,1120539.44,280134.86,929.245,4,72,13.929321662602643,12.543029978758714,1,First-Time Buyers
c0054,company,bridger cal,co,1967-02-15,m,usa,nevada,investment,5,0,website,6,2109277.6,351546.26666666666,1115.6333333333334,4,59,14.56185655125798,12.77009945250582,2,Luxury Investors
c0055,individual,mara,franco,1973-06-07,f,usa,california,home,5,1,agency,4,1178979.21,294744.8025,989.8299999999999,4,53,13.980160393967266,12.593868577416112,1,First-Time Buyers
c0056,individual,erik,mora,1964-12-07,m,usa,oregon,investment,5,0,agency,4,1579301.3599999999,394825.33999999997,1355.5975,4,61,14.272493763189962,12.88620130164119,1,First-Time Buyers
c0057,individual,henry,kennedy,1933-06-08,m,usa,california,home,4,1,agency,5,2020519.52,404103.904,1344.1439999999998,4,93,14.5188657193511,12.909429786602926,3,Global Investors
c0058,company,kenyon,co,1969-05-03,f,usa,california,investment,1,1,website,5,1441406.17,288281.234,919.8399999999999,4,57,14.181130395790618,12.571695258418647,0,Corporate Buyers
c0059,individual,oswaldo,palmer,1960-06-16,m,usa,california,home,2,0,website,4,1278854.25,319713.5625,1102.44,4,66,14.061475899801314,12.675183884526648,1,First-Time Buyers
c0060,individual,kassidy,vega,1972-05-07,f,usa,california,home,5,0,website,4,1355662.25,338915.5625,1119.4675,3,54,14.119801375932854,12.733509227749458,1,First-Time Buyers
c0061,individual,morgan,glass,1967-05-12,m,usa,utah,home,5,0,agency,4,1306907.58,326726.895,1101.62,4,59,14.083175043717759,12.696882978088619,1,First-Time Buyers
c0062,individual,tyler,carr,1974-03-27,m,usa,california,home,5,1,client,5,1489333.49,297866.698,1059.8319999999999,4,52,14.213839927136657,12.604404700462307,1,First-Time Buyers
c0063,individual,yesenia,marquez,1942-07-23,f,usa,arizona,home,4,0,website,5,1625480.88,325096.176,1112.538,5,84,14.301314871324685,12.691879419696287,1,First-Time Buyers
c0064,individual,gordon,brown,1974-02-10,m,uk,northern ireland,investment,4,0,agency,4,1448881.28,362220.32,1095.85,4,52,14.186302975766466,12.800010685206024,1,First-Time Buyers
c0065,individual,rodrigo,ramirez,1972-03-26,m,usa,california,home,1,0,agency,4,1557125.73,389281.4325,1261.5275,4,54,14.258352841209692,12.872060406713404,3,Global Investors
c0066,individual,melanie,holland,1974-12-25,f,usa,california,investment,3,0,client,4,1107164.17,276791.0425,932.7550000000001,4,51,13.917313405619524,12.531021754118772,0,Corporate Buyers
c0067,individual,enrique,cardenas,1977-06-10,m,usa,california,home,2,0,website,5,1431941.84,286388.368,851.818,4,49,14.174542709504937,12.565107590474527,0,Corporate Buyers
c0068,individual,helen,williamson,1966-02-26,f,usa,colorado,home,5,1,agency,4,1572779.33,393194.8325,1450.2925,4,60,14.268355521938746,12.882063068267138,3,Global Investors
c0069,individual,isis,rios,1970-04-01,m,usa,california,investment,4,0,website,5,1439142.47,287828.494,957.588,5,56,14.179558682081048,12.570123549074104,1,First-Time Buyers
c0070,individual,kayley,nielsen,1947-04-27,f,usa,arizona,home,4,1,website,5,1521570.62,304314.124,1039.274,4,79,14.235254319179765,12.625819035603017,1,First-Time Buyers
c0071,individual,donavan,flowers,1985-12-27,m,usa,california,home,1,1,client,5,1150384.09,230076.81800000003,833.3799999999999,5,40,13.95560730515561,12.34617286981199,0,Corporate Buyers
c0072,individual,augustus,hinton,1953-02-03,m,usa,nevada,investment,2,0,website,6,2246488.58,374414.76333333337,1129.4916666666666,5,73,14.624879369155309,12.833122125619498,2,Luxury Investors
c0073,individual,alejandra,greer,1965-01-11,f,denmark,capital region,investment,1,0,agency,4,1413902.33,353475.5825,1194.0325,4,61,14.161864756764937,12.77557251742859,3,Global Investors
c0074,individual,violet,nixon,1959-01-01,f,usa,oregon,investment,5,0,client,5,1709458.65,341891.73,1138.044,4,67,14.351687884390124,12.742252311873973,1,First-Time Buyers
c0075,individual,jaelyn,berger,1970-05-05,f,usa,california,home,3,0,website,4,1269395.74,317348.935,1048.3425,4,56,14.05405233770878,12.66776033991342,1,First-Time Buyers
c0076,individual,tristian,fuller,1956-03-13,m,usa,california,home,5,0,agency,6,1905852.0899999999,317642.01499999996,1067.28,5,70,14.460440282576123,12.668683436841697,2,Luxury Investors
c0077,individual,christian,costa,1980-09-14,m,usa,california,home,5,0,website,5,1880012.18,376002.436,1191.826,4,46,14.446789345419855,12.83735356062815,1,First-Time Buyers
c0078,individual,nora,lynch,1948-04-23,f,usa,california,home,5,0,website,4,1685882.3900000001,421470.59750000003,1415.63,4,78,14.33780025145095,12.951507669811983,3,Global Investors
c0079,individual,dangelo,shea,1954-02-27,m,belgium,brussels,investment,4,0,website,4,1456436.3,364109.075,1219.0675,4,72,14.19150380605131,12.805211504750204,1,First-Time Buyers
c0080,individual,aiyana,christensen,1949-01-16,f,usa,california,investment,3,0,website,5,1427531.56,285506.31200000003,965.024,4,77,14.171458029359009,12.562022918958647,1,First-Time Buyers
c0081,individual,sidney,cline,1943-07-24,f,usa,california,home,4,1,website,4,1522144.26,380536.065,1252.745,4,83,14.235631253059891,12.849338862840625,1,First-Time Buyers
c0082,individual,kaitlin,owen,1981-12-26,f,usa,virginia,investment,5,0,client,5,1282267.95,256453.59,884.2239999999999,4,44,14.064141683851611,12.454706890883019,1,First-Time Buyers
c0083,individual,issac,edwards,1938-10-29,m,usa,california,home,5,0,website,6,1513641.46,252273.57666666666,851.395,5,87,14.230029529211873,12.438273363268362,2,Luxury Investors
c0084,individual,zaiden,merritt,1948-02-23,m,usa,wyoming,home,3,0,agency,5,1762231.92,352446.38399999996,1083.6119999999999,5,78,14.382092267434237,12.772656624845068,1,First-Time Buyers
c0085,individual,iris,larsen,1966-09-14,m,usa,california,home,4,1,agency,4,1185505.46,296376.365,986.395,4,60,13.985680633650313,12.599388803091246,1,First-Time Buyers
c0086,individual,grace,stein,1968-12-20,f,usa,california,home,3,1,website,5,1928188.6099999999,385637.72199999995,1354.634,5,57,14.472092094752718,12.862656256801246,3,Global Investors
c0087,individual,alessandra,perry,1979-05-15,f,usa,california,home,4,0,agency,4,1681153.28,420288.32,1287.6625,4,47,14.334991186882498,12.948698610249231,3,Global Investors
c0088,individual,jamal,mueller,1936-08-13,m,usa,oregon,investment,2,0,website,6,1450519.57,241753.2616666667,786.9733333333334,5,90,14.18743306375983,12.395677041564161,2,Luxury Investors
c0089,individual,irvin,ellis,1949-11-14,m,usa,california,home,3,0,agency,4,1041853.81,260463.4525,854.79,4,76,13.856513153775134,12.470221672131013,0,Corporate Buyers
c0090,individual,terry,forbes,1982-05-27,m,usa,california,home,5,0,client,5,980850.4199999999,196170.08399999997,703.798,5,44,13.796176269380396,12.186742435027606,0,Corporate Buyers
c0091,individual,jacqueline,grant,1959-11-13,f,usa,california,home,4,0,website,4,1356644.74,339161.185,1161.6775,4,66,14.120525843570276,12.734233693784262,1,First-Time Buyers
c0092,individual,brock,fischer,1971-05-29,m,usa,kansas,home,3,0,website,8,2817926.96,352240.87,1218.0425,7,55,14.851512406884043,12.772073349295852,2,Luxury Investors
c0093,individual,curtis,howard,1962-09-11,m,usa,california,home,2,0,agency,5,1732558.38,346511.676,1196.466,5,64,14.365110283629123,12.755674679915538,3,Global Investors
c0094,individual,avah,huang,1948-04-23,f,usa,california,home,5,0,website,5,1062675.82,212535.16400000002,692.664,4,78,13.876301584758162,12.266867436396446,0,Corporate Buyers
c0095,individual,frank,meyer,1964-03-16,m,usa,california,home,3,1,agency,6,1668973.02,278162.17,923.105,4,62,14.327719636315507,12.53596316293547,2,Luxury Investors
c0096,individual,darien,dorsey,1985-12-27,m,usa,california,investment,3,1,website,4,1363013.17,340753.2925,1113.615,4,40,14.125209106809516,12.738916946691466,1,First-Time Buyers
c0097,individual,franklin,mack,1943-06-18,m,usa,virginia,home,5,1,website,7,2189906.04,312843.72000000003,1061.722857142857,5,83,14.59936965340318,12.65346224418644,2,Luxury Investors
c0098,individual,elena,petrova,1949-06-22,f,russia,saint petersburg,home,3,1,agency,4,1131592.65,282898.1625,981.955,4,77,13.939137506870297,12.552845796875237,0,Corporate Buyers
c0099,individual,jack,hanson,1941-12-01,m,usa,california,investment,4,0,website,6,2000308.58,333384.76333333337,1201.5883333333334,5,84,14.508812516545483,12.717055546927389,2,Luxury Investors
c0100,individual,emmett,estes,1969-06-05,m,usa,california,home,3,0,website,4,1449544.65,362386.1625,1174.44,4,57,14.186760720466422,12.80046842895841,1,First-Time Buyers
c0101,individual,aniya,miller,1951-03-02,f,usa,nevada,home,3,0,website,4,1125013.8,281253.45,874.345,4,75,13.93330674908968,12.54701505459782,0,Corporate Buyers
c0102,individual,jack,anderson,1947-02-13,m,usa,california,investment,5,1,website,9,3403263.85,378140.4277777778,1222.908888888889,8,79,15.040245778841289,12.843023552186239,2,Luxury Investors
c0103,individual,kael,hurley,1973-12-15,m,usa,colorado,home,3,0,website,5,1483838.77,296767.754,964.9799999999999,4,52,14.210143725181986,12.600708508453103,1,First-Time Buyers
c0104,individual,kamden,stewart,1978-09-14,m,usa,california,home,5,0,website,5,1677155.01,335431.002,1090.3,4,48,14.33261006569724,12.72317453825011,1,First-Time Buyers
c0105,individual,aniyah,ali,1959-11-03,f,usa,california,investment,2,1,website,5,1328084.36,265616.87200000003,850.948,5,66,14.099248884061264,12.489813983477228,0,Corporate Buyers
c0106,individual,simon,bennett,1953-06-09,m,usa,colorado,home,4,0,website,4,957679.27,239419.8175,820.9825000000001,4,73,13.772269253856546,12.385978025301243,0,Corporate Buyers
c0107,individual,laurel,benitez,1959-08-06,m,usa,california,home,4,1,agency,5,1715058.23,343011.646,1102.66,5,67,14.354958174428956,12.745522594273105,1,First-Time Buyers
c0108,individual,trey,strong,1958-12-20,m,usa,california,home,4,0,agency,6,1998798.72,333133.12,1104.1699999999998,4,67,14.508057418368127,12.716300450638194,2,Luxury Investors
c0109,individual,myah,roman,1933-05-05,f,usa,california,investment,5,1,agency,5,1995551.0899999999,399110.218,1285.854,4,93,14.506431306863629,12.896995398885345,1,First-Time Buyers
c0110,individual,nyla,blake,1959-06-05,f,usa,california,investment,5,1,agency,5,1205555.46,241111.092,811.4019999999999,5,67,14.002451810844656,12.393017216374913,1,First-Time Buyers
c0111,individual,kole,shannon,1979-06-27,m,usa,arizona,home,2,1,website,4,1198421.22,299605.305,896.7175,4,47,13.996516432961721,12.610224575130067,0,Corporate Buyers
c0112,individual,melany,glover,1960-10-01,f,usa,california,investment,1,1,agency,5,1775142.2,355028.44,1115.986,5,66,14.389391653693853,12.77995599459655,3,Global Investors
c0113,individual,arthur,bray,1949-07-14,m,usa,utah,investment,4,0,agency,4,1414433.46,353608.365,1186.715,4,77,14.16224033425651,12.775948094123418,1,First-Time Buyers
c0114,individual,kamila,collier,1962-01-21,f,usa,california,home,1,1,website,4,1124004.05,281001.0125,932.9449999999999,3,64,13.932408802308244,12.546117110211945,0,Corporate Buyers
c0115,individual,amanda,simon,1978-12-03,f,usa,california,home,5,0,agency,5,1757354.59,351470.918,1143.692,5,47,14.379320731438932,12.769885095149437,1,First-Time Buyers
c0116,individual,erika,steward,1955-08-07,f,usa,california,investment,4,0,website,8,2484590.08,310573.76,1039.8925,7,71,14.72561864864016,12.646179924321377,2,Luxury Investors
c0117,individual,jakobe,bailey,1964-10-06,m,uk,scotland,investment,4,0,agency,8,2884556.25,360569.53125,1135.78625,7,62,14.874881979942687,12.795442864975481,2,Luxury Investors
c0118,individual,sonia,choi,1948-11-09,f,usa,oregon,investment,5,0,agency,4,1218377.19,304594.2975,1009.1225,4,77,14.013031179877594,12.626739281044316,1,First-Time Buyers
c0119,individual,erika,gallagher,1942-07-19,f,usa,california,home,1,1,website,4,1603043.92,400760.98,1399.315,4,84,14.28741545365696,12.90112296397383,3,Global Investors
c0120,individual,madeline,michael,1953-07-30,f,usa,california,home,4,1,website,5,1753587.39,350717.478,1243.96,5,73,14.377174755047859,12.767739123648155,1,First-Time Buyers
c0121,individual,bennett,chen,1950-07-18,m,usa,nevada,home,2,0,website,5,1169150.31,233830.062,806.688,4,76,13.97178866749305,12.362354176338235,0,Corporate Buyers
c0122,individual,belinda,hogan,1973-08-18,f,usa,california,home,1,1,agency,4,1412560.68,353140.17,1085.975,4,53,14.160915408305984,12.774623170984903,3,Global Investors
c0123,individual,johanna,fisher,1962-08-25,f,usa,california,home,4,1,website,5,1821348.69,364269.738,1230.6599999999999,5,64,14.415088372124622,12.805652655861651,1,First-Time Buyers
c0124,individual,jaylen,turner,1963-07-15,f,usa,california,home,4,0,agency,5,1613985.08,322797.016,1184.6299999999999,4,63,14.294217503239524,12.684782069138473,1,First-Time Buyers
c0125,individual,michael,juarez,1976-12-25,m,usa,colorado,home,4,1,agency,4,1341108.25,335277.0625,1148.5475,4,49,14.109007627998338,12.722715503830168,1,First-Time Buyers
c0126,individual,adriana,shaffer,1972-07-11,f,usa,california,investment,2,0,agency,5,1319929.46,263985.892,850.052,4,54,14.093089611356636,12.483654729380625,0,Corporate Buyers
c0127,individual,julio,leonard,1974-07-18,m,usa,nevada,home,2,1,website,4,967474.23,241868.5575,765.085,4,52,13.782445101491152,12.396153841221036,0,Corporate Buyers
c0128,company,abdiel,co,1963-05-22,m,usa,nevada,investment,5,1,website,5,1639392.9500000002,327878.59,1054.034,5,63,14.309837188819731,12.7004017163087,1,First-Time Buyers
c0129,individual,warren,pugh,1973-07-17,m,usa,arizona,investment,5,0,website,4,1748372.75,437093.1875,1296.9850000000001,4,53,14.374196628131754,12.987903982890648,3,Global Investors
c0130,individual,luis,crane,1959-04-20,m,usa,nevada,home,3,1,website,4,1488042.88,372010.72,1215.035,3,67,14.212972983187687,12.826680638135343,3,Global Investors
c0131,individual,mohammad,irwin,1971-12-02,m,usa,california,home,1,0,website,5,1428058.5499999998,285611.70999999996,928.7940000000001,5,54,14.171827122692848,12.562392011258467,0,Corporate Buyers
c0132,individual,davion,stout,1965-07-20,m,usa,nevada,home,1,1,agency,4,1203775.04,300943.76,1025.1775,4,61,14.00097387425925,12.61468200529418,0,Corporate Buyers
c0133,individual,logan,simmons,1946-09-14,m,usa,california,investment,4,0,agency,4,1449799.93,362449.9825,1177.4025000000001,4,80,14.186936815316498,12.80064452344407,1,First-Time Buyers
c0134,individual,kaylin,villarreal,1932-06-13,f,russia,novosibirsk,investment,3,0,website,5,1761669.8699999999,352333.974,1095.602,4,94,14.381773274613627,12.772337632748636,1,First-Time Buyers
c0135,individual,ruben,melton,1939-03-05,m,usa,utah,investment,2,0,agency,4,1221442.92,305360.73,1043.6100000000001,3,87,14.01554425786055,12.629252352847129,0,Corporate Buyers
c0136,individual,gianni,fritz,1973-09-15,m,usa,california,home,3,0,website,5,1892554.72,378510.944,1244.274,5,53,14.453438706396646,12.844002907504425,3,Global Investors
c0137,individual,emilie,morrison,1957-10-29,f,usa,california,home,3,1,website,4,989750.45,247437.6125,855.0699999999999,4,68,13.805209129983723,12.418917799923248,0,Corporate Buyers
c0138,individual,crystal,wyatt,1939-06-30,f,usa,oregon,investment,3,1,website,5,1367824.55,273564.91000000003,914.412,5,87,14.128732847103196,12.519297859014346,1,First-Time Buyers
c0139,individual,annabel,robles,1969-10-14,f,usa,california,home,5,1,website,5,1807366.3,361473.26,1136.694,5,57,14.407381813999061,12.797946114726377,1,First-Time Buyers
c0140,individual,rachel,cross,1952-06-18,f,usa,california,home,3,0,website,5,1559561.53,311912.306,1041.7220000000002,5,74,14.25991591041084,12.650480562795265,1,First-Time Buyers
c0141,individual,madalyn,mercer,1986-06-21,f,usa,california,home,5,0,website,5,1765019.09,353003.818,1088.806,5,40,14.383672630721016,12.774236984547503,1,First-Time Buyers
c0142,individual,michelle,cameron,1978-06-04,f,usa,nevada,home,3,1,website,5,1673770.19,334754.038,1149.396,5,48,14.330589836101554,12.72115431347751,1,First-Time Buyers
c0143,individual,ezra,lozano,1958-02-24,m,usa,california,home,1,0,website,8,2389960.3,298745.0375,1008.6325,8,68,14.686787731307975,12.607349118541569,2,Luxury Investors
c0144,individual,ramiro,oneill,1954-09-29,m,usa,california,home,4,0,agency,5,1897739.74,379547.948,1206.354,5,72,14.456174652404588,12.84673884773774,1,First-Time Buyers
c0145,individual,emely,watts,1964-11-30,f,usa,california,home,4,0,website,5,1746571.55,349314.31,1297.3200000000002,5,61,14.373165882589557,12.763730260352574,1,First-Time Buyers
c0146,individual,hazel,ayers,1963-02-01,m,usa,colorado,home,2,0,website,4,1481536.3900000001,370384.09750000003,1242.6425,4,63,14.208590883611812,12.822298547413453,3,Global Investors
c0147,individual,cedric,goodwin,1948-02-20,m,usa,utah,home,4,0,client,5,1398309.27,279661.854,1000.47,5,78,14.150775115634739,12.541340063792,1,First-Time Buyers
c0148,individual,dayton,hatfield,1969-04-19,m,usa,colorado,investment,4,1,agency,4,1700383.7,425095.925,1413.5925,4,57,14.34636507754344,12.960072480728623,3,Global Investors
c0149,individual,piotr,aleksandrov,1955-12-02,m,russia,krasnodar krai,investment,3,0,agency,4,1049009.0,262252.25,906.4850000000001,4,70,13.863357420221462,12.47706591893676,0,Corporate Buyers
c0150,individual,memphis,mcconnell,1968-08-25,m,usa,california,home,2,1,website,4,1846066.58,461516.645,1500.95,4,58,14.428568302258919,13.042275566213645,3,Global Investors
c0151,individual,arabella,ferrell,1976-08-17,f,usa,oregon,home,1,0,agency,5,1589086.32,317817.264,1123.442,5,50,14.278670396809506,12.669235001540395,3,Global Investors
c0152,individual,sincere,hansen,1967-01-19,f,usa,california,investment,2,1,agency,7,2539205.93,362743.7042857143,1212.7585714285713,6,59,14.747362357956607,12.801454571841013,2,Luxury Investors
c0153,individual,lara,carrillo,1983-02-24,f,usa,california,home,5,0,website,5,1560375.26,312075.052,944.0319999999999,5,43,14.260437542451223,12.651002193498108,1,First-Time Buyers
c0154,individual,valentina,simpson,1965-01-24,f,usa,california,home,4,1,agency,5,2142457.31,428491.462,1390.49,5,61,14.577464470688321,12.968028425266638,3,Global Investors
c0155,company,kamd,co,1975-08-18,m,usa,california,investment,5,0,agency,5,1622885.53,324577.106,1097.394,5,51,14.29971693031266,12.690281482619623,1,First-Time Buyers
c0156,individual,case,sanchez,1966-05-26,f,usa,california,home,5,0,website,4,1344903.47,336225.8675,1102.105,4,60,14.111833542473304,12.72554141199263,1,First-Time Buyers
c0157,individual,van,charles,1952-05-15,m,usa,colorado,home,2,1,client,4,1060400.03,265100.0075,830.7675,4,74,13.874157724728109,12.487866192722555,0,Corporate Buyers
c0158,individual,emmy,singh,1979-12-03,f,usa,virginia,investment,3,1,agency,4,1439477.66,359869.415,1131.4975,4,46,14.17979156433261,12.793499287298408,1,First-Time Buyers
c0159,individual,colin,campos,1942-04-14,m,usa,california,home,3,0,website,4,1596507.45,399126.8625,1336.7325,4,84,14.283329583951028,12.89703710192998,3,Global Investors
c0160,individual,anya,stephenson,1959-06-11,f,usa,california,home,4,0,website,5,1679716.96,335943.392,1144.06,5,67,14.334136456333477,12.724700925248705,1,First-Time Buyers
c0161,individual,parker,poole,1951-11-10,m,usa,california,home,5,0,website,9,2534264.26,281584.91777777777,939.4144444444444,7,74,14.745414314731892,12.548192894124174,2,Luxury Investors
c0162,individual,ivan,bright,1953-09-15,m,usa,california,home,4,0,website,4,1135363.52,283840.88,983.24,4,73,13.942464320331439,12.556172601531248,1,First-Time Buyers
c0163,individual,larry,turner,1986-03-24,m,usa,utah,investment,5,1,agency,4,1506594.21,376648.5525,1307.32,4,40,14.225362835024459,12.839070465147467,1,First-Time Buyers
c0164,individual,matthew,nelson,1986-09-20,m,usa,arizona,home,5,0,website,4,1436152.54,359038.135,1196.7975,4,40,14.177478944880127,12.791186672671195,1,First-Time Buyers
c0165,individual,mary,hall,1956-07-11,f,usa,california,home,3,1,website,3,1276849.33,425616.44333333336,1357.1933333333334,3,70,14.059906923760428,12.961296201445387,3,Global Investors
c0166,individual,carolyn,weaver,1984-01-24,f,usa,arizona,home,4,1,agency,4,1273643.37,318410.8425,1025.3225,4,42,14.057392931719187,12.6711009260421,1,First-Time Buyers
c0167,individual,grace,green,1955-02-02,f,uk,scotland,home,3,1,website,7,2749577.33,392796.7614285714,1320.3814285714286,7,71,14.826958123340356,12.881050156435442,2,Luxury Investors
c0168,individual,pamela,sanders,1960-06-06,f,usa,nevada,home,3,0,agency,4,1491785.87,372946.4675,1329.6025,4,66,14.215485201016552,12.82919285090577,3,Global Investors
c0169,individual,terry,turner,1990-08-13,m,usa,ohio,investment,5,1,agency,3,688864.2,229621.4,845.8633333333333,3,36,13.442800884991076,12.344191499644396,0,Corporate Buyers
c0170,individual,jacob,jones,1949-06-13,m,usa,california,home,5,0,website,3,1161316.17,387105.38999999996,1339.7466666666667,3,77,13.965065410279118,12.866454843791933,1,First-Time Buyers
c0171,individual,julie,sanders,1991-05-05,f,usa,washington,investment,5,1,client,4,1278753.71,319688.4275,1070.72,4,35,14.061397279525648,12.67510526443542,1,First-Time Buyers
c0172,individual,catherine,carter,1992-09-16,f,usa,washington,home,1,1,agency,4,1681471.9100000001,420367.97750000004,1572.79,4,34,14.335180699417162,12.948888122445744,3,Global Investors
c0173,individual,amber,wilson,1976-07-20,f,usa,arizona,home,5,1,agency,8,2619968.43,327496.05375,1074.5925,7,50,14.778673207730277,12.699234337833772,2,Luxury Investors
c0174,individual,rachel,harris,1982-07-06,f,usa,california,investment,3,0,client,3,865359.73,288453.24333333335,869.7866666666667,3,44,13.670901727883367,12.572291750387487,0,Corporate Buyers
c0175,individual,brandon,alexander,1962-04-05,m,usa,washington,home,5,0,agency,4,1606138.1199999999,401534.52999999997,1313.38,4,64,14.289343794892767,12.90305130160435,1,First-Time Buyers
c0176,individual,hannah,williams,1993-06-27,f,usa,california,home,2,0,website,6,2681927.91,446987.98500000004,1514.8,3,33,14.802046836133908,13.01028923123392,2,Luxury Investors
c0177,individual,sarah,hansen,1951-03-05,f,uk,england,home,5,1,website,7,2269897.21,324271.02999999997,1160.9514285714286,7,75,14.635245547042487,12.689338041274016,2,Luxury Investors
c0178,individual,laura,chavez,1952-12-23,f,usa,virginia,home,4,0,agency,7,2665917.96,380845.42285714287,1284.9985714285715,7,73,14.796059381659374,12.850151483232583,2,Luxury Investors
c0179,individual,ashley,turner,1986-02-11,f,usa,oregon,investment,2,0,website,8,2131372.11,266421.51375,947.5450000000001,8,40,14.57227698256855,12.492838725151085,2,Luxury Investors
c0180,individual,jacob,wilson,1943-01-28,m,usa,california,home,2,1,agency,7,2660292.37,380041.76714285713,1249.51,7,83,14.793946964150129,12.848039070482624,2,Luxury Investors
c0181,individual,lawrence,peterson,1970-04-26,m,usa,texas,home,2,1,website,7,2047189.62,292455.66000000003,974.1771428571428,7,56,14.531978981949303,12.586071763735479,2,Luxury Investors
c0182,individual,virginia,bennett,1971-12-02,f,germany,north rhine westphalia,investment,1,1,website,8,3082362.35,385295.29375,1246.94625,8,54,14.94120718213775,12.861767911440033,2,Luxury Investors
c0183,individual,nicholas,green,1988-09-15,m,usa,nevada,home,3,0,website,7,1883106.92,269015.27428571426,907.1042857142857,7,38,14.4484341187957,12.502527155957372,2,Luxury Investors
c0184,individual,peter,pierce,1994-01-21,m,usa,florida,home,1,0,website,6,2618938.16,436489.69333333336,1481.7150000000001,5,32,14.778279892979473,12.986522332919566,2,Luxury Investors
c0185,individual,andrea,nelson,1945-07-02,f,usa,nevada,home,4,1,agency,7,2491911.81,355987.40142857144,1137.2942857142857,7,81,14.728561170315912,12.782653429046597,2,Luxury Investors
c0186,individual,carol,green,1982-04-02,f,usa,virginia,home,1,0,website,8,2674286.63,334285.82875,1100.27125,5,44,14.799193596304304,12.719754672140535,2,Luxury Investors
c0187,individual,cheryl,kim,1990-01-17,f,usa,florida,home,1,0,website,6,2066651.1400000001,344441.8566666667,1135.37,5,36,14.541440532290249,12.749683482431111,2,Luxury Investors
c0188,individual,jose,martin,1940-10-08,m,usa,oregon,home,5,1,website,7,2891447.6,413063.9428571429,1263.962857142857,7,86,14.877268180181705,12.931360106208679,2,Luxury Investors
c0189,individual,anna,adams,1958-12-11,f,usa,california,home,2,0,agency,7,2209659.42,315665.6314285714,1024.6857142857143,7,67,14.608349405579029,12.662441971869386,2,Luxury Investors
c0190,individual,karen,johnson,1971-10-19,f,usa,california,home,2,0,website,7,2276701.17,325243.02428571426,1049.1542857142856,7,55,14.638238537193581,12.692331023525616,2,Luxury Investors
c0191,individual,sarah,turner,1977-05-06,f,usa,florida,home,3,0,agency,8,2172926.7600000002,271615.84500000003,913.8512499999999,6,49,14.591586014323328,12.512147694098367,2,Luxury Investors
c0192,individual,margaret,moore,1984-02-04,f,belgium,brussels,investment,2,1,website,7,2900509.0999999996,414358.4428571428,1304.7214285714288,7,42,14.880397176040441,12.934489095584647,2,Luxury Investors
c0193,individual,sharon,campbell,1968-08-09,f,usa,california,investment,4,1,website,7,1933778.2399999998,276254.03428571427,962.7214285714286,7,58,14.474986801634214,12.529079755306745,2,Luxury Investors
c0194,individual,jonathan,hall,1953-08-18,m,france,ile de france,home,5,1,website,7,2759372.27,394196.03857142857,1237.292857142857,7,73,14.830514135820698,12.88460616116982,2,Luxury Investors
c0195,individual,sean,jones,1947-06-19,m,usa,california,home,2,1,website,7,2102233.85,300319.12142857147,1029.2714285714285,7,79,14.558511551104782,12.612604256150872,2,Luxury Investors
c0196,individual,alexander,adams,1957-04-22,m,usa,nevada,investment,5,0,agency,6,2611736.44,435289.4066666667,1411.9466666666667,6,69,14.775526243652104,12.983768688856618,2,Luxury Investors
c0197,individual,kevin,wright,1944-07-01,m,usa,virginia,home,4,0,client,8,2775768.6,346971.075,1082.87,5,82,14.836438600046225,12.756999580186346,2,Luxury Investors
c0198,individual,michelle,white,1976-01-28,f,usa,california,home,4,0,website,8,2399689.67,299961.20875,997.5475,7,50,14.690850399511467,12.611411774870012,2,Luxury Investors
c0199,individual,ryan,brown,1958-04-13,m,usa,california,home,3,0,agency,7,2582959.87,368994.26714285713,1162.7385714285715,7,68,14.76444692291174,12.818539096769289,2,Luxury Investors
c0200,individual,linda,harris,1944-05-06,f,usa,california,home,1,0,agency,4,1071359.3900000001,267839.84750000003,920.7075,4,82,13.88443979142637,12.498148230480751,0,Corporate Buyers
c0201,individual,lauren,weaver,1968-02-13,f,usa,california,home,1,0,agency,4,1298787.54,324696.885,1147.435,4,58,14.076942495642488,12.690650444364765,0,Corporate Buyers
c0202,individual,jack,reyes,1996-11-11,m,canada,british columbia,home,1,0,website,3,1019272.5900000001,339757.53,1049.3799999999999,3,29,13.834600764882643,12.735990438394323,0,Corporate Buyers
c0203,individual,christine,brooks,1956-05-18,f,usa,california,home,4,0,client,4,1242478.83,310619.7075,916.0375,4,70,14.032619803420756,12.646327856824067,1,First-Time Buyers
c0204,individual,joyce,pierce,1947-01-10,f,usa,california,home,5,0,agency,3,934432.98,311477.66,1042.7266666666667,3,79,13.747696255977079,12.649086107639803,1,First-Time Buyers
c0205,individual,kelly,nelson,1968-08-26,f,mexico,puebla,home,1,1,agency,3,949224.48,316408.16,1072.7266666666667,3,58,13.763401646841277,12.664791465151895,0,Corporate Buyers
c0206,individual,nancy,roberts,1957-05-08,f,usa,california,home,1,1,agency,3,853060.9299999999,284353.6433333333,851.4266666666667,3,69,13.65658742641751,12.55797748224232,0,Corporate Buyers
c0207,individual,kyle,gray,1944-11-19,m,usa,virginia,investment,4,0,website,3,889948.76,296649.58666666667,1104.51,3,81,13.69892029067679,12.600310249324027,0,Corporate Buyers
c0208,individual,mark,james,1986-03-26,m,france,provence,home,4,1,agency,4,1199654.38,299913.595,997.4100000000001,4,40,13.997544890179865,12.611253029775012,1,First-Time Buyers
c0209,individual,kyle,moore,1949-08-22,m,usa,arizona,investment,3,0,agency,4,979868.13,244967.0325,794.1275,4,77,13.79517430091306,12.408883001421826,0,Corporate Buyers
c0210,individual,janice,price,1943-03-24,f,usa,colorado,home,2,0,website,4,1346156.55,336539.1375,1135.53,4,83,14.112764832856993,12.726472700299915,1,First-Time Buyers
c0211,individual,amy,evans,1972-02-23,f,usa,california,home,3,0,agency,4,1254240.07,313560.0175,1053.27,4,54,14.042041222528448,12.655749253290377,1,First-Time Buyers
c0212,individual,jacob,wood,1956-03-23,m,usa,california,home,4,0,agency,3,1068278.76,356092.92,1224.68,3,70,13.881560211765548,12.78294979526445,1,First-Time Buyers
c0213,individual,jason,gray,1976-10-23,m,usa,florida,investment,5,0,agency,3,809691.13,269897.04333333333,897.3100000000001,3,49,13.604409367977716,12.505799549381202,0,Corporate Buyers
c0214,individual,helen,wood,1946-07-18,f,belgium,brussels,investment,5,0,website,3,1070534.6400000001,356844.88000000006,1179.5233333333333,3,80,13.883669679311486,12.785059258865282,1,First-Time Buyers
c0215,individual,lauren,foster,1999-07-11,f,germany,hamburg,investment,4,0,website,3,1032856.46,344285.48666666663,1110.27,3,27,13.84783975213353,12.74922939983916,1,First-Time Buyers
c0216,individual,albert,hansen,1999-07-19,m,usa,utah,home,1,0,website,4,1352642.3399999999,338160.58499999996,1063.04,4,27,14.117571265602841,12.73127912236004,0,Corporate Buyers
c0217,individual,deborah,miller,1984-07-11,f,usa,colorado,home,3,0,website,4,1238434.91,309608.7275,1019.1225,4,42,14.029359778490216,12.643067839777768,1,First-Time Buyers
c0218,individual,shirley,anderson,1970-01-24,f,usa,california,home,2,0,website,3,836639.27,278879.75666666665,913.6700000000001,3,56,13.637149472141354,12.538539573984055,0,Corporate Buyers
c0219,individual,william,turner,1988-01-20,m,usa,california,home,4,0,website,4,1267653.57,316913.3925,1035.1925,4,38,14.052678955730284,12.666386961182898,1,First-Time Buyers
c0220,individual,walter,phillips,1951-06-06,m,canada,ontario,investment,1,0,website,3,1060812.68,353604.2266666666,1101.55,3,75,13.874546794258185,12.775936390933516,0,Corporate Buyers
c0221,company,atlas,co,1987-05-14,f,usa,california,home,5,0,website,4,1377133.5999999999,344283.39999999997,1186.5225,4,39,14.135515521662818,12.749223338976853,1,First-Time Buyers
c0222,individual,christopher,stone,1956-11-08,m,usa,utah,investment,3,0,agency,3,1223560.82,407853.6066666667,1517.47,3,69,14.017276687764543,12.918666033667186,3,Global Investors
c0223,individual,patrick,hansen,1973-11-12,m,usa,colorado,investment,3,1,website,4,969341.87,242335.4675,837.5225,4,52,13.784373667295933,12.398082401051395,0,Corporate Buyers
c0224,individual,nathan,richardson,1960-08-23,m,usa,colorado,home,5,0,website,3,1189255.63,396418.5433333333,1330.2166666666667,3,66,13.988838989221179,12.890228382274463,1,First-Time Buyers
c0225,individual,evelyn,reyes,1948-12-19,f,usa,california,home,1,1,agency,4,1120626.94,280156.735,905.7525,4,77,13.929399746874067,12.543108062821092,0,Corporate Buyers
c0226,individual,julia,jordan,1958-07-11,f,usa,colorado,home,2,0,website,3,1571251.03,523750.3433333333,1599.3433333333332,3,68,14.267383330850755,13.16877231505211,3,Global Investors
c0227,individual,rachel,evans,1944-10-23,f,usa,arizona,home,5,1,website,3,942245.37,314081.79,1104.51,3,82,13.756022058641197,12.657411892557946,1,First-Time Buyers
c0228,individual,hannah,owens,1952-04-23,f,usa,oregon,investment,4,0,website,3,606605.72,202201.90666666665,610.62,3,74,13.315635952315711,12.217026960671252,0,Corporate Buyers
c0229,individual,jose,turner,1981-11-19,m,usa,colorado,investment,5,0,website,3,892220.13,297406.71,900.46,3,44,13.701469284426574,12.602859237352718,0,Corporate Buyers
c0230,company,forsyte,co,1977-07-22,m,usa,nevada,investment,4,1,website,4,1457429.02,364357.255,1104.2925,4,49,14.192185182331961,12.805892879627825,1,First-Time Buyers
c0231,individual,ronald,rogers,1993-12-18,m,denmark,central denmark,investment,2,1,website,3,729893.08,243297.69333333333,849.6366666666667,3,32,13.500654706706737,12.40204515815848,0,Corporate Buyers
c0232,individual,megan,kim,1962-05-04,f,usa,california,home,3,1,website,4,1276710.4900000002,319177.62250000006,1036.6525,4,64,14.059798181532964,12.673506170197264,1,First-Time Buyers
c0233,individual,larry,garcia,1997-09-10,m,france,provence,home,4,1,website,4,1105806.54,276451.635,914.3125,4,29,13.916086431455597,12.529794783281515,1,First-Time Buyers
c0234,individual,andrea,hughes,1979-03-02,f,usa,new york,home,1,1,website,3,839967.04,279989.01333333337,973.09,3,47,13.64111912247662,12.54250921484865,0,Corporate Buyers
c0235,individual,kenneth,allen,1949-10-10,m,usa,california,home,5,0,website,4,1268586.58,317146.645,1092.085,4,77,14.05341469781397,12.66712270152604,1,First-Time Buyers
c0236,individual,gerald,howard,1972-08-10,m,canada,manitoba,home,3,0,agency,3,1321475.69,440491.89666666667,1449.5,3,54,14.094260373824373,12.99564959861352,3,Global Investors
c0237,individual,jason,nelson,1984-11-03,m,usa,california,home,5,1,website,3,1392353.31,464117.77,1630.1366666666665,3,41,14.146506620534439,13.047895768281291,3,Global Investors
c0238,individual,amber,patterson,1982-01-08,f,usa,virginia,home,4,1,agency,3,1125732.72,375244.24,1125.17,3,44,13.93394557658912,12.835335064538505,1,First-Time Buyers
c0239,individual,megan,baker,1973-02-18,f,usa,oregon,home,3,1,website,4,1352763.67,338190.9175,1011.5799999999999,4,53,14.117660960022043,12.73136881658032,1,First-Time Buyers
c0240,individual,amber,morales,1942-05-15,f,usa,colorado,investment,3,0,website,3,935028.28,311676.0933333333,1022.67,3,84,13.748333123288525,12.649722973588577,0,Corporate Buyers
c0241,individual,kelly,anderson,1962-01-14,f,mexico,nuevo leon,home,5,1,website,3,1025934.71,341978.23666666663,1110.27,3,64,13.841115641930868,12.74250530270075,1,First-Time Buyers
c0242,individual,stephen,peterson,1998-03-16,m,usa,utah,home,3,1,agency,4,1358315.73,339578.9325,1191.1025,4,28,14.121756792601401,12.735464640095026,1,First-Time Buyers
c0243,individual,nancy,patterson,1978-07-11,f,usa,utah,home,2,0,website,4,1382777.8900000001,345694.47250000003,1286.2725,4,48,14.13960572078638,12.753313529208391,3,Global Investors
c0244,individual,joyce,pierce,1998-08-03,f,usa,california,home,1,0,website,3,1046652.28,348884.0933333333,1095.0333333333335,3,28,13.861108279325618,12.762497901508148,0,Corporate Buyers
c0245,individual,sean,long,1974-01-07,m,usa,nevada,investment,4,0,agency,3,1354584.5,451528.1666666667,1439.256666666667,3,52,14.119006061438707,13.020395249235925,3,Global Investors
c0246,individual,stephen,pierce,1992-05-15,m,france,normandy,home,1,1,agency,3,1024485.26,341495.08666666667,1117.9399999999998,3,34,13.839701835150953,12.74109149867891,0,Corporate Buyers
c0247,individual,kevin,morris,1965-01-18,m,usa,california,home,1,0,website,4,1696540.52,424135.13,1458.93,4,61,14.344102336823829,12.957809744005694,3,Global Investors
c0248,individual,carl,collins,1968-12-09,m,usa,florida,home,4,1,agency,3,1035934.63,345311.54333333333,1224.68,3,57,13.850815566666585,12.752205208618497,1,First-Time Buyers
c0249,individual,stephanie,montgomery,1968-12-05,f,usa,california,investment,4,0,agency,4,1142995.52,285748.88,1027.3249999999998,4,57,13.949163898152891,12.562872161709462,1,First-Time Buyers
c0250,individual,justin,stewart,1947-10-19,m,uk,england,home,2,0,agency,3,982306.66,327435.55333333334,1076.69,3,79,13.7976598376576,12.69904958500941,0,Corporate Buyers
c0251,individual,janice,chavez,1976-08-11,f,usa,utah,home,5,0,website,3,463611.95,154537.31666666668,564.01,3,50,13.046805323621015,11.948197348886945,0,Corporate Buyers
c0252,individual,elizabeth,rogers,1953-08-23,f,usa,nevada,investment,2,0,website,3,1082221.48,360740.49333333335,1209.64,3,73,13.89452733647549,12.795916895854512,3,Global Investors
c0253,individual,betty,hughes,1994-09-15,f,usa,virginia,home,4,0,website,4,1239226.11,309806.5275,1052.8325,4,32,14.029998444862928,12.643706504603866,1,First-Time Buyers
c0254,individual,rachel,freeman,1956-07-21,f,usa,florida,home,5,0,website,4,1332152.57,333038.1425,1096.3725,4,70,14.10230741622956,12.716015307099749,1,First-Time Buyers
c0255,individual,sara,jones,1961-02-08,f,uk,england,investment,3,1,client,4,1689083.06,422270.765,1253.3075,4,65,14.339696963645636,12.953404378634707,3,Global Investors
c0256,individual,anthony,hughes,1990-12-10,m,usa,california,home,1,1,website,3,1150229.15,383409.7166666666,1281.3166666666666,3,35,13.95547261075079,12.856862060863621,3,Global Investors
c0257,individual,nicholas,kim,1974-10-22,m,usa,california,home,1,0,website,3,1145456.23,381818.74333333335,1277.84,3,51,13.951314442771384,12.852703900129404,3,Global Investors
c0258,individual,carl,murray,1991-04-15,m,uk,northern ireland,home,4,1,agency,3,1001712.37,333904.12333333335,1173.1833333333334,3,35,13.817222461820355,12.718612169729374,1,First-Time Buyers
c0259,individual,emma,chavez,1990-02-15,f,usa,oregon,home,4,0,website,3,779396.4099999999,259798.80333333332,842.68,3,36,13.566276348812197,12.46766662622579,0,Corporate Buyers
c0260,individual,rebecca,wood,1946-08-04,f,usa,nevada,investment,3,0,website,4,1057192.79,264298.1975,820.9225,4,80,13.871128587688208,12.48483706426541,0,Corporate Buyers
c0261,company,celera,co,1985-05-13,f,usa,florida,investment,4,1,website,4,2094623.1,523655.775,1676.3825,4,41,14.55488466803175,13.168591739148724,3,Global Investors
c0262,individual,billy,bryant,1947-05-25,m,usa,oregon,home,2,0,website,3,1233260.4,411086.8,1359.24,3,79,14.02517276292109,12.926562095967872,3,Global Investors
c0263,individual,anthony,garcia,1981-08-02,m,usa,nevada,investment,2,1,website,3,969140.41,323046.80333333334,1016.7633333333333,3,45,13.784165814178108,12.685555589190196,0,Corporate Buyers
c0264,individual,melissa,baker,1992-09-12,f,usa,colorado,home,2,1,agency,4,1127766.02,281941.505,972.245,4,34,13.9357501471541,12.549458446154567,0,Corporate Buyers
c0265,company,celera,co,1967-04-13,m,belgium,flanders,home,1,0,website,4,1708031.99,427007.9975,1293.0725,4,59,14.350852968132411,12.964560363417334,3,Global Investors
c0266,individual,aaron,owens,1977-02-26,m,usa,california,home,5,1,agency,3,931646.38,310548.79333333333,1078.7866666666666,3,49,13.744709674436717,12.646099532501262,1,First-Time Buyers
c0267,individual,judy,howard,1948-11-12,f,usa,utah,home,4,1,agency,4,1314495.01,328623.7525,1096.12,4,77,14.088963887772799,12.702671808893824,1,First-Time Buyers
c0268,individual,danielle,carter,1959-02-21,f,usa,georgia,investment,3,0,website,4,1108939.8599999999,277234.96499999997,900.39,4,67,13.91891593758864,12.532624281749122,0,Corporate Buyers
c0269,individual,david,stewart,1969-02-04,m,usa,new york,home,2,0,agency,3,1049110.08,349703.36000000004,1076.69,3,57,13.863453773097415,12.764843390803312,0,Corporate Buyers
c0270,individual,megan,allen,1944-07-21,f,usa,florida,home,5,0,website,3,924009.9,308003.3,983.4266666666667,3,82,13.736479147091039,12.637869022897219,1,First-Time Buyers
c0271,individual,laura,hughes,1972-04-28,f,usa,california,investment,3,0,agency,4,1295689.37,323922.3425,1024.3375,4,54,14.074554215313293,12.688262169558707,1,First-Time Buyers
c0272,individual,pamela,green,1993-08-03,f,uk,scotland,home,5,1,website,4,1439584.37,359896.0925,1248.58,4,33,14.179865692590223,12.793573415401536,1,First-Time Buyers
c0273,individual,paul,morales,1987-02-27,m,denmark,zealand,investment,2,0,website,3,682452.64,227484.21333333335,801.46,3,39,13.4334498769942,12.334840518923793,0,Corporate Buyers
c0274,individual,raymond,young,1950-10-01,m,usa,florida,home,2,0,website,3,1343449.34,447816.4466666667,1467.89,3,76,14.110751743198593,13.012140943233453,3,Global Investors
c0275,individual,william,thompson,2000-06-26,m,usa,oregon,home,1,1,website,4,1237500.3,309375.075,1177.3375,4,26,14.02860482392948,12.64231288704653,0,Corporate Buyers
c0276,individual,gloria,harris,1953-02-16,f,usa,washington,home,5,0,website,3,1011195.98,337065.32666666666,1164.9766666666667,3,73,13.826645315819638,12.72803500500358,1,First-Time Buyers
c0277,individual,jordan,garcia,1954-11-17,m,usa,colorado,investment,1,1,agency,3,1123449.53,374483.1766666667,1286.4266666666667,3,71,13.931915337595358,12.833304829155365,3,Global Investors
c0278,individual,margaret,foster,1955-08-03,f,usa,california,investment,2,1,website,3,1442538.67,480846.2233333333,1685.2766666666666,3,71,14.1819157778528,13.083304875627404,3,Global Investors
c0279,individual,heather,montgomery,1967-05-15,f,usa,oregon,home,1,0,website,3,1012986.25,337662.0833333333,1170.3533333333332,3,59,13.828414196774514,12.729803882462967,0,Corporate Buyers
c0280,individual,nathan,price,1944-04-14,m,usa,florida,home,4,0,client,4,1282020.93,320505.2325,1154.2525,4,82,14.063949022400688,12.677657001331635,1,First-Time Buyers
c0281,individual,katherine,phillips,1977-03-22,f,usa,california,home,1,1,agency,3,1256275.37,418758.4566666667,1388.4566666666667,3,49,14.04366264161399,12.945051944950997,3,Global Investors
c0282,individual,emily,owens,1997-10-18,f,usa,california,investment,1,0,website,4,973863.8,243465.95,858.9825,4,28,13.789027763954898,12.402736483340002,0,Corporate Buyers
c0283,individual,susan,edwards,1962-05-12,f,usa,arizona,home,2,1,agency,4,1118599.47,279649.8675,922.54,4,64,13.927588881537604,12.541297202336823,0,Corporate Buyers
c0284,individual,patrick,owens,1977-02-25,m,usa,arizona,home,4,0,client,4,1251975.85,312993.9625,994.0725,4,49,14.040234340055896,12.653942375143576,1,First-Time Buyers
c0285,individual,billy,parker,1999-03-09,m,france,ile de france,investment,3,0,website,4,1679056.13,419764.0325,1423.1725,4,27,14.333742961686875,12.947450387282437,3,Global Investors
c0286,individual,noah,brooks,1996-03-24,m,uk,scotland,home,1,0,agency,3,859353.0900000001,286451.03,988.6033333333334,3,30,13.66393632790469,12.565326366563228,0,Corporate Buyers
c0287,individual,joan,bell,1990-06-10,f,australia,new south wales,home,5,0,website,3,1171265.03,390421.6766666667,1205.9633333333334,3,36,13.97359579867377,12.874985217558208,1,First-Time Buyers
c0288,individual,kevin,freeman,1997-11-03,m,usa,colorado,investment,4,0,agency,4,1364289.23,341072.3075,1198.3725,4,28,14.126144873343765,12.739852711167059,1,First-Time Buyers
c0289,individual,laura,hayes,1993-06-14,f,usa,california,investment,5,0,agency,4,1533862.35,383465.5875,1200.2725,4,33,14.243300176106986,12.857007770830858,1,First-Time Buyers
c0290,individual,ryan,watson,1962-01-01,m,usa,california,home,2,0,website,3,1215398.18,405132.7266666666,1337.1733333333334,3,64,14.01058312400816,12.911972480888597,3,Global Investors
c0291,individual,james,bryant,1953-07-06,m,usa,nevada,home,2,0,agency,3,1322506.76,440835.58666666667,1523.6933333333334,3,73,14.095040310372235,12.996429533981443,3,Global Investors
c0292,individual,karen,watson,1945-12-02,f,usa,california,home,1,0,agency,4,1442818.3399999999,360704.58499999996,1084.0625,4,80,14.18210963241295,12.795817350553294,3,Global Investors
c0293,individual,ruth,collins,1993-07-01,f,usa,california,investment,4,0,website,4,1580876.65,395219.1625,1299.3274999999999,4,33,14.273490725467738,12.887198262026113,3,Global Investors
c0294,individual,nicholas,reyes,1963-07-17,m,usa,nevada,home,3,1,website,4,1027250.91,256812.7275,825.1324999999999,4,63,13.842397746077099,12.456106305366108,0,Corporate Buyers
c0295,individual,roger,harris,1967-09-07,m,russia,tatarstan,home,3,0,agency,3,1350375.73,450125.24333333335,1413.8666666666668,3,59,14.11589417074408,13.017283363143047,3,Global Investors
c0296,individual,mark,young,1984-04-06,m,canada,manitoba,home,1,1,client,3,1142875.46,380958.48666666663,1238.0233333333333,3,42,13.949058852945951,12.850448314246732,3,Global Investors
c0297,individual,julia,murray,1972-11-19,f,uk,wales,investment,5,0,agency,4,1709184.75,427296.1875,1422.9925,4,53,14.351527645483458,12.965235039583776,3,Global Investors
c0298,individual,sarah,patterson,1972-11-10,f,usa,oregon,home,3,0,website,4,1262479.23,315619.8075,1069.63,4,53,14.048588780603101,12.662296795755223,1,First-Time Buyers
c0299,individual,barbara,davis,1977-05-03,f,uk,wales,home,5,0,agency,4,1177661.76,294415.44,948.7574999999999,4,49,13.979042320373585,12.592750506669034,1,First-Time Buyers
c0300,individual,zachary,peterson,1959-04-11,m,canada,alberta,home,5,1,website,3,844956.55,281652.18333333335,877.9633333333333,3,67,13.647041668391015,12.548431746702919,0,Corporate Buyers
c0301,individual,lisa,alexander,1959-03-02,f,usa,virginia,home,4,0,agency,3,1045776.52,348592.17333333334,1286.4266666666667,3,67,13.860271204999302,12.761660828782025,1,First-Time Buyers
c0302,individual,maria,edwards,1976-07-25,f,usa,utah,investment,1,0,agency,4,1654300.33,413575.0825,1239.145,4,50,14.318889320560208,12.932596772893056,3,Global Investors
c0303,individual,betty,owens,1957-07-10,f,usa,virginia,investment,5,1,website,4,1519113.12,379778.28,1242.0825,4,69,14.233637907129845,12.84734552084318,1,First-Time Buyers
c0304,individual,patrick,morris,1959-12-22,m,usa,california,investment,1,0,agency,4,1685753.28,421438.32,1333.5625,4,66,14.337723665522866,12.951431084020186,3,Global Investors
c0305,individual,emily,kim,1995-11-22,f,usa,arizona,home,1,0,website,3,1327736.23,442578.74333333335,1493.243333333333,3,30,14.098986720463964,13.000375938116871,3,Global Investors
c0306,individual,samuel,foster,1988-04-05,m,usa,california,home,1,0,client,4,1399698.79,349924.6975,1075.5049999999999,4,38,14.151768335876577,12.765476118071135,3,Global Investors
c0307,individual,samuel,freeman,1992-10-13,m,usa,california,home,5,1,client,4,1490170.3800000001,372542.59500000003,1167.105,4,34,14.214401691441562,12.828109343510906,1,First-Time Buyers
c0308,individual,catherine,roberts,1972-10-10,f,belgium,flanders,investment,4,1,agency,3,1176582.54,392194.18,1343.8166666666666,3,54,13.97812549185348,12.879514903020725,3,Global Investors
c0309,individual,stephanie,cox,1957-10-15,f,usa,washington,home,4,0,agency,3,1382649.58,460883.19333333336,1412.2166666666665,3,69,14.139512925073102,13.040902082901008,3,Global Investors
c0310,individual,edward,weaver,1992-05-02,m,uk,northern ireland,home,3,0,website,3,1389329.62,463109.87333333335,1565.3233333333335,3,34,14.144332620770275,13.045721771643288,3,Global Investors
c0311,individual,justin,anderson,1952-03-09,m,usa,georgia,home,2,0,website,4,1632999.56,408249.89,1312.8225,4,74,14.305929714879671,12.919637190867077,3,Global Investors
c0312,individual,zachary,cooper,1941-01-14,m,usa,nevada,home,3,1,website,4,1105668.66,276417.165,962.3199999999999,4,85,13.915961736523016,12.529670088687245,0,Corporate Buyers
c0313,company,stratos,co,1974-04-12,m,usa,california,home,1,0,agency,3,1091085.9300000002,363695.31000000006,1190.3133333333333,3,52,13.90268494083439,12.804074485199115,3,Global Investors
c0314,individual,andrew,jones,1982-08-23,m,usa,washington,investment,4,0,agency,3,1040795.02,346931.67333333334,1138.4233333333334,3,44,13.855496382191568,12.756886015127732,1,First-Time Buyers
c0315,individual,michael,phillips,1987-03-18,m,mexico,baja california,investment,5,0,website,4,1178606.56,294651.64,979.6775,4,39,13.979844265755332,12.593552450008714,1,First-Time Buyers
c0316,individual,brandon,martin,1997-04-14,m,uk,scotland,investment,4,1,website,4,1792447.27,448111.8175,1338.8999999999999,4,29,14.399092991904194,13.012800304471371,3,Global Investors
c0317,individual,amber,hansen,1999-11-17,f,usa,california,investment,2,1,website,3,1248444.31,416148.10333333333,1451.2533333333333,3,26,14.037409583177038,12.938798896500128,3,Global Investors
c0318,individual,amy,peterson,1974-03-22,f,germany,berlin,home,5,0,website,3,871968.67,290656.2233333333,927.6066666666666,3,52,13.678509920176113,12.579899925163133,0,Corporate Buyers
c0319,company,zynex,co,1995-11-12,f,usa,texas,home,5,1,website,4,2061054.65,515263.6625,1726.0575,4,30,14.538728860963667,13.15243595540749,3,Global Investors
c0320,individual,tyler,cox,1984-12-01,m,usa,texas,home,3,1,client,3,1317732.09,439244.03,1465.92,3,41,14.091423462155511,12.992812691244296,3,Global Investors
c0321,individual,jesse,cook,1992-01-12,m,usa,california,investment,2,0,agency,4,1701753.71,425438.4275,1321.76,4,34,14.34717045904546,12.960877860810278,3,Global Investors
c0322,individual,deborah,moore,1996-12-25,f,usa,california,home,2,1,website,3,1347002.93,449000.9766666666,1445.2933333333333,3,29,14.1133933729829,13.01478256909035,3,Global Investors
c0323,individual,samantha,hayes,1975-09-16,f,usa,california,investment,2,1,website,3,1230825.62,410275.2066666667,1308.5133333333333,3,51,14.023196550405432,12.924585886660234,3,Global Investors
c0324,individual,raymond,parker,1993-06-14,m,usa,washington,home,4,0,website,3,1147121.25,382373.75,1313.16,3,33,13.952766972820848,12.854156427644556,1,First-Time Buyers
c0325,individual,maria,flores,1983-02-24,f,usa,california,home,5,1,agency,4,1205175.56,301293.89,1030.1225,4,43,14.002136636995049,12.615844765133883,1,First-Time Buyers
c0326,individual,daniel,reed,1958-05-10,m,usa,oregon,investment,4,1,agency,4,1321975.5,330493.875,1028.1275,4,68,14.094638523138949,12.70834643134578,1,First-Time Buyers
c0327,individual,elizabeth,ward,1961-07-09,f,uk,scotland,home,1,0,agency,4,1116366.72,279091.68,933.355,4,65,13.925590865858666,12.539299192021751,0,Corporate Buyers
c0328,individual,william,young,1946-10-22,m,usa,california,home,1,1,client,4,1356560.31,339140.0775,1030.21,4,80,14.120463607258435,12.73417145761005,0,Corporate Buyers
c0329,individual,diane,morales,1998-10-05,f,germany,hesse,home,3,0,agency,3,770062.4,256687.46666666667,922.6666666666666,3,28,13.554228128102645,12.455618436619913,0,Corporate Buyers
c0330,individual,christian,richardson,1975-06-21,m,usa,california,home,1,0,website,4,1331463.63,332865.9075,1146.9925,4,51,14.101790119857759,12.715498011893192,3,Global Investors
c0331,individual,ann,martin,1984-05-23,f,usa,california,investment,3,0,agency,4,1546334.4,386583.6,1259.95,4,42,14.251398431559812,12.865106010508738,3,Global Investors
c0332,individual,christopher,price,1989-12-15,m,usa,texas,investment,3,0,website,3,1209987.46,403329.1533333333,1435.6633333333332,3,36,14.006121380337362,12.907510744576213,3,Global Investors
c0333,individual,helen,hall,1955-12-23,f,uk,wales,home,3,0,website,3,1118960.06,372986.6866666667,1203.39,3,70,13.927911187760952,12.829300686463542,1,First-Time Buyers
c0334,individual,andrew,roberts,1950-08-01,m,usa,arizona,investment,3,0,agency,4,1445655.93,361413.9825,1047.99,4,76,14.184074399056387,12.797782113115487,1,First-Time Buyers
c0335,individual,charles,morris,1975-12-24,m,usa,arizona,home,4,0,website,4,1478341.12,369585.28,1190.4075,4,50,14.206431828670258,12.820139496848535,1,First-Time Buyers
c0336,individual,karen,price,1971-11-17,f,usa,california,investment,5,0,agency,3,1163690.5899999999,387896.8633333333,1226.8766666666668,3,54,13.967107915121527,12.868497345120373,1,First-Time Buyers
c0337,individual,nathan,alexander,1942-01-27,m,usa,arizona,home,3,1,website,3,759310.2,253103.4,893.3766666666667,3,84,13.540166985520564,12.441557330815138,0,Corporate Buyers
c0338,individual,patrick,flores,1943-05-28,m,usa,california,home,5,1,website,4,1488671.1300000001,372167.78250000003,1227.17,4,83,14.213395092658136,12.82710274675497,1,First-Time Buyers
c0339,individual,keith,king,1963-10-05,m,usa,utah,investment,5,0,agency,4,1548824.23,387206.0575,1170.135,4,63,14.25300728540276,12.866714861232913,1,First-Time Buyers
c0340,individual,daniel,garcia,1940-11-25,m,usa,california,investment,2,0,agency,3,1047500.4199999999,349166.80666666664,1263.5766666666666,3,85,13.861918286386103,12.763307907021458,3,Global Investors
c0341,individual,carl,chavez,1982-11-10,m,usa,california,investment,4,0,agency,4,1679555.42,419888.855,1293.0725,4,43,14.33404028080159,12.947747705866007,3,Global Investors
c0342,individual,kevin,hughes,1974-08-15,m,usa,california,investment,2,0,client,3,1290567.3900000001,430189.13000000006,1286.43,3,52,14.070593291699815,12.971982552735282,3,Global Investors
c0343,individual,joyce,thompson,1952-06-17,f,usa,california,home,2,0,website,4,1630923.97,407730.9925,1374.585,4,74,14.304657878092522,12.918365356417914,3,Global Investors
c0344,individual,joshua,jackson,1997-05-13,m,canada,british columbia,home,2,1,website,4,1276344.68,319086.17,1059.9375,4,29,14.059511615288539,12.673219604626304,1,First-Time Buyers
c0345,individual,stephanie,hall,1969-09-15,f,usa,new york,home,4,1,website,3,1339687.25,446562.4166666667,1510.3766666666668,3,57,14.107947495606327,13.009336699821734,3,Global Investors
c0346,individual,amy,nelson,1963-06-02,f,usa,california,home,5,0,agency,3,1174812.8599999999,391604.2866666666,1271.67,3,63,13.976620275989818,12.878009689717608,1,First-Time Buyers
c0347,individual,mark,reyes,1992-05-24,m,usa,washington,home,3,1,website,3,1378006.45,459335.48333333334,1471.6200000000001,3,34,14.136149136927193,13.037538299628993,3,Global Investors
c0348,individual,jack,pierce,1982-02-13,m,usa,colorado,investment,5,1,agency,4,1482633.92,370658.48,1246.7075,4,44,14.209331414144705,12.823039076447387,1,First-Time Buyers
c0349,individual,paul,jackson,1975-06-26,m,usa,arizona,home,2,1,agency,3,1065745.84,355248.61333333334,1124.5,3,51,13.879186369574972,12.78057595752338,0,Corporate Buyers
c0350,individual,richard,jones,1992-12-11,m,usa,arizona,home,2,0,agency,3,1066408.3,355469.43333333335,1206.2733333333333,3,33,13.879807768738841,12.781197355521485,3,Global Investors
c0351,individual,michelle,watson,1961-12-27,f,usa,oregon,home,5,0,agency,4,1551113.76,387778.44,1260.0625,4,64,14.254484430395044,12.868192003366154,1,First-Time Buyers
c0352,individual,judith,williams,1977-06-22,f,usa,nevada,investment,3,0,agency,3,1339830.04,446610.01333333337,1447.82,3,49,14.1080540744249,13.009443278481207,3,Global Investors
c0353,individual,anna,murray,1964-04-24,f,usa,arizona,home,2,0,agency,3,889855.16,296618.38666666666,980.8699999999999,3,62,13.698815110669202,12.600205069552823,0,Corporate Buyers
c0354,individual,kimberly,turner,1998-10-23,f,usa,california,home,4,0,website,3,962196.6000000001,320732.2,1059.1499999999999,3,27,13.776975113960447,12.678364903865306,1,First-Time Buyers
c0355,individual,henry,alexander,1951-10-16,m,mexico,baja california,investment,1,0,website,3,1029593.97,343197.99,1273.45,3,75,13.844676049859736,12.746065703701172,3,Global Investors
c0356,individual,andrea,kim,1976-06-06,f,usa,georgia,home,3,0,website,4,964351.9,241087.975,816.16,4,50,13.779212585440348,12.39292133520998,0,Corporate Buyers
c0357,individual,danielle,griffin,1988-04-09,f,usa,california,home,3,0,website,3,970629.22,323543.0733333333,1059.3466666666666,3,38,13.785700850848734,12.68709062269543,0,Corporate Buyers
c0358,individual,katherine,griffin,1978-09-26,f,australia,new south wales,home,3,1,agency,3,1150919.74,383639.91333333333,1240.6066666666666,3,48,13.956072823473681,12.857462272543186,3,Global Investors
c0359,individual,julie,cooper,1951-03-10,f,usa,california,investment,1,0,agency,3,1098189.8900000001,366063.2966666667,1308.5133333333333,3,75,13.909174738400042,12.810564270907282,3,Global Investors
c0360,individual,laura,baker,1948-09-09,f,usa,utah,home,2,1,agency,4,1978026.48,494506.62,1676.3825,4,78,14.497610683889322,13.111317839430729,3,Global Investors
c0361,individual,nicholas,miller,1958-09-08,m,uk,england,home,1,1,website,4,1468372.25,367093.0625,1222.5974999999999,4,68,14.199665713331827,12.813373395287112,3,Global Investors
c0362,individual,betty,moore,2000-09-06,f,usa,utah,home,4,0,website,3,1129669.4,376556.4666666666,1162.6166666666666,3,26,13.937436466725297,12.838825948483525,1,First-Time Buyers
c0363,individual,christine,edwards,1959-01-25,f,usa,utah,investment,2,0,client,4,1232301.44,308075.36,929.6975,4,67,14.024394879961584,12.638102953306033,0,Corporate Buyers
c0364,individual,george,gray,1944-03-02,m,usa,texas,home,2,0,website,4,1492505.18,373126.295,1261.78,4,82,14.215967264943838,12.829674913863856,3,Global Investors
c0365,individual,brandon,morales,1962-02-11,m,usa,colorado,investment,5,0,agency,3,951259.9,317086.63333333336,1164.9766666666667,3,64,13.765543646699479,12.666933460501783,1,First-Time Buyers
c0366,individual,keith,long,1983-04-26,m,usa,california,home,4,0,website,3,1420135.32,473378.44,1452.2633333333333,3,43,14.166263424969738,13.067652544616143,3,Global Investors
c0367,individual,samuel,collins,1964-11-25,m,usa,california,investment,4,0,agency,4,1662617.88,415654.47,1269.065,4,61,14.323904555722576,12.93761199898331,3,Global Investors
c0368,individual,betty,scott,1992-08-11,f,usa,california,home,4,1,agency,4,1494552.45,373638.1125,1136.215,4,34,14.217338024536318,12.831045670702945,1,First-Time Buyers
c0369,individual,helen,murray,1954-10-01,f,usa,utah,home,2,1,agency,4,1586439.08,396609.77,1333.5625,4,72,14.277003120618954,12.890710650523628,3,Global Investors
c0370,individual,michelle,brooks,1957-09-23,f,russia,krasnodar krai,home,1,0,website,4,1613633.3900000001,403408.34750000003,1334.8775,4,69,14.29399957798799,12.907707076023573,3,Global Investors
c0371,individual,ryan,moore,1970-03-15,m,belgium,wallonia,investment,3,0,agency,3,827208.61,275736.2033333333,842.68,3,56,13.625813400173655,12.527203529269505,0,Corporate Buyers
c0372,individual,teresa,nelson,1952-04-22,f,belgium,flanders,investment,1,0,agency,3,1280128.06,426709.35333333333,1361.7433333333333,3,74,14.062471458937987,12.963860732611128,3,Global Investors
c0373,individual,karen,morales,1993-01-27,f,usa,georgia,home,2,0,agency,3,1047277.1799999999,349092.3933333333,1160.5133333333333,3,33,13.861705147017316,12.763094768059663,0,Corporate Buyers
c0374,individual,madison,hughes,1993-11-07,f,australia,new south wales,investment,4,1,agency,4,916825.86,229206.465,735.11,4,32,13.728673922070167,12.342382833100364,0,Corporate Buyers
c0375,individual,kyle,thompson,1968-07-15,m,usa,california,investment,4,0,website,3,1178580.6400000001,392860.2133333334,1224.68,3,58,13.97982227346044,12.881211681745885,1,First-Time Buyers
c0376,individual,shirley,smith,1953-04-19,f,usa,california,home,3,0,website,3,1182808.29,394269.43,1361.7433333333333,3,73,13.98340292117378,12.884792323393903,3,Global Investors
c0377,individual,charles,patterson,1998-05-14,m,usa,washington,home,4,0,website,3,822780.32,274260.10666666663,904.0466666666667,3,28,13.62044573353774,12.521835875646216,0,Corporate Buyers
c0378,individual,heather,anderson,1957-11-28,f,usa,california,investment,3,1,website,3,812387.51,270795.83666666667,983.4266666666667,3,68,13.607733965309176,12.509124138514313,0,Corporate Buyers
c0379,company,optima,co,1977-04-22,m,usa,california,investment,2,1,client,4,1254919.3599999999,313729.83999999997,1115.505,4,49,14.042582670367135,12.656290699834337,1,First-Time Buyers
c0380,individual,evelyn,chavez,1973-09-13,f,usa,california,home,3,1,website,3,939708.87,313236.29,1175.45,3,53,13.75332645766813,12.654716297314232,0,Corporate Buyers
c0381,individual,david,gray,1961-01-08,m,usa,california,home,5,1,agency,3,878913.19,292971.0633333333,1188.2333333333333,3,65,13.686442549603882,12.58783253646818,1,First-Time Buyers
c0382,individual,nicholas,garcia,1975-08-08,m,usa,california,investment,1,1,agency,3,980139.25,326713.0833333333,980.8699999999999,3,51,13.795450952652072,12.696840704506183,0,Corporate Buyers
c0383,company,novex,co,1985-11-09,f,mexico,mexico city,investment,3,0,agency,4,968070.64,242017.66,809.6575,4,40,13.7830613717847,12.396770109604214,0,Corporate Buyers
c0384,individual,amy,stewart,1944-03-22,f,usa,california,home,3,1,website,3,1010761.74,336920.58,1049.3799999999999,3,82,13.82621579192519,12.727605481958848,0,Corporate Buyers
c0385,individual,douglas,owens,1969-01-12,m,uk,northern ireland,investment,4,0,website,3,1289646.4100000001,429882.1366666667,1277.2733333333333,3,57,14.069879413396215,12.971268675538376,3,Global Investors
c0386,individual,carol,stewart,1976-03-25,f,usa,colorado,home,2,0,client,3,1633972.21,544657.4033333333,1445.08,3,50,14.306525158918843,13.20791409426026,3,Global Investors
c0387,individual,jessica,owens,1974-07-18,f,usa,california,home,2,1,website,4,1992983.55,498245.8875,1555.2975000000001,4,52,14.50514384703242,13.118850991191506,3,Global Investors
c0388,individual,zachary,cox,1995-09-24,m,usa,california,home,4,0,agency,3,961894.92,320631.64,975.9433333333333,3,31,13.776661532526555,12.678051323083317,0,Corporate Buyers
c0389,individual,ronald,stone,1954-11-18,m,usa,colorado,home,3,0,website,4,1261549.0899999999,315387.27249999996,1119.0900000000001,4,71,14.047851752973335,12.661559769877476,1,First-Time Buyers
c0390,individual,steven,griffin,1942-04-23,m,canada,quebec,investment,2,0,website,4,1678762.0699999998,419690.51749999996,1295.2649999999999,4,84,14.333567812344006,12.947275238252537,3,Global Investors
c0391,individual,heather,long,1966-11-12,f,usa,california,home,5,0,agency,3,1035012.9099999999,345004.3033333333,1064.4166666666667,3,59,13.849925424204821,12.751315067876025,1,First-Time Buyers
c0392,individual,katherine,adams,1977-06-14,f,usa,arizona,home,2,1,website,4,1015830.03,253957.5075,922.6600000000001,4,49,13.831217584234562,12.444926176357368,0,Corporate Buyers
c0393,individual,nicole,allen,1988-06-08,f,usa,arizona,home,4,0,agency,4,1616556.78,404139.195,1298.145,4,38,14.29580961939995,12.909517114073433,3,Global Investors
c0394,individual,shirley,foster,1954-11-24,f,usa,colorado,home,3,1,website,4,1258840.0,314710.0,1041.8025,4,71,14.045702014344231,12.659410036365996,1,First-Time Buyers
c0395,individual,deborah,chavez,1959-01-17,f,usa,florida,home,1,0,website,3,1153134.48,384378.16,1303.4733333333334,3,67,13.957995294516614,12.859384740248581,3,Global Investors
c0396,individual,charles,allen,2000-04-17,m,usa,nevada,home,5,0,agency,4,1181447.25,295361.8125,896.2524999999999,4,26,13.982251574395926,12.595959752529186,1,First-Time Buyers
c0397,individual,hannah,williams,2000-09-18,f,usa,california,home,5,0,website,3,793543.27,264514.42333333334,862.11,3,26,13.584264608192605,12.485654839859597,0,Corporate Buyers
c0398,individual,jennifer,alexander,1948-12-22,f,usa,texas,home,1,1,agency,4,1186693.85,296673.4625,935.765,4,77,13.986682563878077,12.600390730784838,0,Corporate Buyers
c0399,individual,albert,kim,1984-06-09,m,usa,california,home,4,0,agency,4,1229057.49,307264.3725,1093.05,4,42,14.021758978953565,12.635467058723481,1,First-Time Buyers
c0400,individual,brandon,anderson,1959-11-25,m,usa,california,home,4,0,agency,4,1360152.99,340038.2475,1239.145,4,66,14.123108479243612,12.736816323753903,1,First-Time Buyers
c0401,individual,brian,anderson,1969-07-21,m,usa,arizona,home,5,1,website,4,1020913.0700000001,255228.26750000002,853.07,4,57,13.836208931019232,12.449917508438128,0,Corporate Buyers
c0402,individual,brenda,garcia,1941-02-22,f,usa,georgia,home,5,0,website,3,1054166.95,351388.98333333334,1102.8633333333335,3,85,13.868262340740367,12.769651949301348,1,First-Time Buyers
c0403,individual,jennifer,adams,1963-03-25,f,australia,new south wales,home,1,0,website,3,878792.98,292930.99333333335,1060.9733333333334,3,63,13.686305769218787,12.587695756394357,0,Corporate Buyers
c0404,individual,sara,cook,1976-12-05,f,france,normandy,investment,1,0,client,3,731788.96,243929.65333333332,753.3133333333334,3,49,13.503248811877612,12.404639256230418,0,Corporate Buyers
c0405,company,horizon,co,1969-12-25,m,usa,colorado,home,1,0,agency,4,1310963.25,327740.8125,1140.38,4,56,14.086273493113916,12.699981420383331,3,Global Investors
c0406,individual,christine,brown,1960-05-26,f,usa,colorado,home,3,0,website,4,1317165.12,329291.28,1090.1925,4,66,14.090993107926705,12.704701024421261,1,First-Time Buyers
c0407,individual,lisa,freeman,1982-04-23,f,usa,california,home,2,0,client,4,1254494.91,313623.7275,1045.8025,4,44,14.042244384520247,12.655952414796285,0,Corporate Buyers
c0408,individual,tyler,rogers,1977-02-03,m,usa,california,home,3,0,website,3,1320497.01,440165.67,1413.0600000000002,3,49,14.093519503713265,12.994908729624104,3,Global Investors
c0409,individual,timothy,reyes,1972-09-18,m,usa,nevada,home,1,1,website,4,1816669.2,454167.3,1449.3775,4,54,14.412515822923554,13.026223113175234,3,Global Investors
c0410,individual,diane,johnson,1982-07-13,f,russia,saint petersburg,home,5,1,agency,3,1021706.02,340568.67333333334,1189.1899999999998,3,44,13.83698533545735,12.738375004295651,1,First-Time Buyers
c0411,individual,amanda,moore,1983-05-09,f,usa,california,home,2,0,website,3,896987.21,298995.73666666663,883.7466666666668,3,43,13.706797997141843,12.608187938154957,0,Corporate Buyers
c0412,individual,karen,richardson,1984-04-24,f,uk,scotland,home,5,0,website,3,1100376.25,366792.0833333333,1260.8366666666668,3,42,13.911163633518585,12.812553162407303,1,First-Time Buyers
c0413,individual,brandon,smith,1940-07-11,m,canada,british columbia,home,3,0,website,4,1769126.22,442281.555,1431.4575,4,86,14.38599688689298,12.999704221523075,3,Global Investors
c0414,individual,brandon,reed,1962-12-07,m,usa,california,home,4,0,website,4,1412148.94,353037.235,1144.74,4,63,14.160623881199287,12.77433164449744,1,First-Time Buyers
c0415,individual,grace,turner,1980-07-09,f,usa,nevada,home,5,1,agency,4,1305928.3499999999,326482.08749999997,1093.05,4,46,14.082425490877451,12.696133426969546,1,First-Time Buyers
c0416,company,bravada,co,1981-07-28,m,germany,north rhine westphalia,investment,5,1,client,3,1059532.51,353177.50333333336,1260.8366666666668,3,45,13.873339284316806,12.774728883270082,1,First-Time Buyers
c0417,individual,peter,collins,1947-12-03,m,usa,utah,home,2,0,website,3,1354773.96,451591.32,1471.8999999999999,3,78,14.11914591732212,13.02053510491286,3,Global Investors
c0418,individual,douglas,howard,1996-08-20,m,usa,arizona,home,5,0,agency,4,1629486.83,407371.7075,1276.8225,4,30,14.30377630868323,12.917483788630932,1,First-Time Buyers
c0419,individual,jack,hansen,1962-11-03,m,usa,washington,home,3,1,agency,4,1174012.19,293503.0475,990.4475,4,63,13.975938514400763,12.589646708615167,0,Corporate Buyers
c0420,individual,debra,reyes,1994-01-04,f,usa,california,home,5,0,agency,3,1260096.1600000001,420032.0533333334,1330.2166666666667,3,32,14.046699387065862,12.948088685575692,1,First-Time Buyers
c0421,individual,zachary,cox,1975-08-25,m,germany,hesse,investment,5,1,website,4,1495763.3699999999,373940.84249999997,1203.905,4,51,14.218147918426586,12.831855562968185,1,First-Time Buyers
c0422,company,telnox,co,1973-11-13,f,usa,california,home,1,1,client,4,1653171.62,413292.905,1428.5749999999998,4,52,14.318206799663065,12.931914253234055,3,Global Investors
c0423,individual,rachel,sanders,1950-04-17,f,usa,california,home,1,0,client,3,1068716.19,356238.73,1195.1966666666667,3,76,13.881969599346666,12.783359182079286,0,Corporate Buyers
c0424,individual,sarah,stewart,1998-12-04,f,usa,florida,home,1,0,website,3,1034036.3,344678.76666666666,1107.81,3,27,13.848981406900846,12.75037105239707,0,Corporate Buyers
c0425,individual,gerald,wright,1965-03-11,m,usa,nevada,home,2,0,agency,3,1256932.48,418977.49333333335,1452.2633333333333,3,61,14.04418556652213,12.945574869026856,3,Global Investors
c0426,individual,julie,brown,1953-10-07,f,usa,oregon,home,4,1,client,3,890250.61,296750.2033333333,874.19,3,73,13.699259409619152,12.600649367504412,0,Corporate Buyers
c0427,individual,sarah,peterson,1994-09-06,f,usa,california,home,4,1,website,4,1457016.31,364254.0775,1216.595,4,32,14.191901965683295,12.805609663562217,1,First-Time Buyers
c0428,individual,gloria,rogers,1962-07-20,f,usa,oregon,home,3,0,agency,4,984451.32,246112.83,838.2925,4,64,13.799840745213045,12.413549431468194,0,Corporate Buyers
c0429,individual,danielle,stone,1995-11-05,f,usa,california,home,3,1,website,4,1503904.1600000001,375976.04000000004,1374.585,4,30,14.223575722993013,12.837283356677773,3,Global Investors
c0430,individual,roger,wood,1974-10-05,m,usa,nevada,home,2,0,agency,3,931141.96,310380.6533333333,1033.1033333333332,3,52,13.744168099787657,12.64555795901513,0,Corporate Buyers
c0431,individual,austin,king,1969-05-05,m,usa,california,home,5,1,website,4,1544751.33,386187.8325,1246.6175,4,57,14.25037415125677,12.864081732193887,1,First-Time Buyers
c0432,company,grandis,co,1995-02-17,m,usa,california,home,5,0,agency,4,1277850.15,319462.5375,1025.1499999999999,4,31,14.060690436087825,12.674398422656456,1,First-Time Buyers
c0433,individual,ruth,hughes,1969-03-03,f,usa,california,investment,2,1,website,4,1937061.37,484265.3425,1591.4724999999999,4,57,14.47668314114798,13.090390328763807,3,Global Investors
c0434,individual,amanda,sanders,1964-12-25,f,russia,tatarstan,home,5,0,website,3,1364889.24,454963.08,1445.5566666666666,3,61,14.126584573111709,13.027973749761818,3,Global Investors
c0435,individual,sara,richardson,1966-01-25,f,australia,new south wales,home,5,1,website,3,908970.34,302990.11333333334,1077.3233333333335,3,60,13.720068843509646,12.621458755128511,1,First-Time Buyers
c0436,individual,brandon,jones,1972-05-12,m,usa,colorado,home,2,1,client,4,1327594.64,331898.66,1064.2625,4,54,14.09888007470084,12.7125879733026,1,First-Time Buyers
c0437,individual,danielle,james,1990-10-05,f,usa,texas,home,1,0,website,3,657032.8200000001,219010.94000000003,801.46,3,36,13.395490772549797,12.296881527860393,0,Corporate Buyers
c0438,individual,gregory,collins,1982-10-09,m,usa,georgia,investment,1,1,client,4,1458641.1,364660.275,1261.78,4,44,14.193016492409303,12.806724187994696,3,Global Investors
c0439,individual,larry,thompson,1956-03-08,m,usa,virginia,home,2,0,agency,3,1273328.62,424442.87333333335,1422.97,3,70,14.057145775680029,12.958535057695896,3,Global Investors
c0440,individual,lawrence,parker,1960-07-13,m,usa,california,investment,1,0,agency,3,703498.83,234499.61,845.8633333333333,3,66,13.463822913887654,12.365213468144406,0,Corporate Buyers
c0441,individual,joan,foster,1980-10-01,f,russia,krasnodar krai,investment,1,0,agency,4,1525849.55,381462.3875,1239.2649999999999,4,46,14.238062550250701,12.851770155245415,3,Global Investors
c0442,individual,sarah,hansen,1975-04-14,f,usa,colorado,home,3,1,website,4,1707466.97,426866.7425,1489.73,4,51,14.3505221118324,12.964229507698537,3,Global Investors
c0443,individual,noah,foster,1950-06-22,m,denmark,capital region,home,1,1,agency,3,1355839.1,451946.3666666667,1527.8633333333335,3,76,14.119931820175344,13.021321006606344,3,Global Investors
c0444,individual,jennifer,martin,1941-03-15,f,usa,california,home,2,0,website,4,1054514.54,263628.635,943.97,4,85,13.868592015634485,12.482300499418837,0,Corporate Buyers
c0445,individual,michelle,evans,1995-11-12,f,usa,california,home,2,1,website,4,1425691.63,356422.9075,1101.9875,4,30,14.170168309738216,12.78387605285649,1,First-Time Buyers
c0446,individual,douglas,thomas,1955-02-01,m,usa,colorado,home,2,0,website,3,1024655.04,341551.68,1258.6899999999998,3,71,13.83986754350648,12.741257206710971,0,Corporate Buyers
c0447,individual,patricia,johnson,1956-06-27,f,usa,new york,home,2,0,website,3,1543592.15,514530.7166666666,1680.5266666666666,3,70,14.2496234709576,13.151012477966853,3,Global Investors
c0448,individual,mark,white,1980-06-10,m,usa,nevada,investment,2,0,agency,3,942066.48,314022.16,1050.08,3,46,13.755832185812382,12.657222020132188,0,Corporate Buyers
c0449,individual,jordan,king,1972-06-24,m,usa,oregon,investment,2,0,agency,3,1418922.44,472974.14666666667,1504.28,3,54,14.165409001198265,13.066798122048482,3,Global Investors
c0450,individual,matthew,jackson,1992-02-19,m,mexico,nuevo leon,home,3,0,website,4,1555297.3699999999,388824.34249999997,1258.5825,4,34,14.257177963002784,12.870885530771371,3,Global Investors
c0451,individual,larry,anderson,1985-09-20,m,canada,alberta,investment,5,1,client,4,1665967.4100000001,416491.85250000004,1339.695,4,41,14.325917139944519,12.939624579577439,3,Global Investors
c0452,individual,brandon,adams,1967-10-17,m,usa,washington,home,3,0,website,4,1398358.69,349589.6725,1086.2275,4,59,14.15081045766702,12.764518241915596,1,First-Time Buyers
c0453,individual,carl,wood,1993-04-16,m,uk,scotland,investment,1,0,website,4,1321010.76,330252.69,1103.3025,4,33,14.093908485811545,12.70761639567567,0,Corporate Buyers
c0454,company,altira,co,1961-04-01,f,usa,nevada,investment,4,0,agency,3,980683.73,326894.57666666666,1072.4833333333333,3,65,13.79600631074833,12.697396061469536,1,First-Time Buyers
c0455,individual,karen,williams,1963-02-01,f,usa,california,home,1,0,agency,4,1125726.62,281431.655,838.2925,4,63,13.93394015788626,12.54764846170587,0,Corporate Buyers
c0456,individual,virginia,brooks,1995-11-18,f,usa,oregon,home,3,1,website,3,1349210.55,449736.85000000003,1448.82,3,30,14.11503094276151,13.01642013643953,3,Global Investors
c0457,individual,kenneth,hansen,1980-07-19,m,uk,wales,investment,1,0,agency,3,1399940.21,466646.73666666663,1457.8333333333333,3,46,14.151940800846619,13.05332994080891,3,Global Investors
c0458,individual,thomas,turner,1995-07-04,m,usa,oregon,investment,1,0,agency,4,1382881.81,345720.4525,1123.3175,4,31,14.139680870975607,12.753388679234586,3,Global Investors
c0459,individual,steven,johnson,1955-03-23,m,usa,california,home,3,0,agency,3,821716.14,273905.38,945.65,3,71,13.619151502896083,12.520541648152578,0,Corporate Buyers
c0460,individual,amanda,cox,1992-12-25,f,usa,virginia,home,1,0,website,3,1061349.03,353783.01,1078.7866666666666,3,33,13.875052268938477,12.776441864661058,0,Corporate Buyers
c0461,individual,jonathan,peterson,1960-02-16,m,usa,arizona,home,1,0,agency,3,986630.39,328876.7966666667,1157.47,3,66,13.802051783614587,12.703441522043926,0,Corporate Buyers
c0462,individual,eric,white,1943-10-22,m,australia,victoria,home,2,0,agency,4,1606667.68,401666.92,1316.0375,4,83,14.289673450469921,12.903380956565865,3,Global Investors
c0463,individual,nicholas,garcia,1970-06-13,m,usa,california,home,5,0,client,4,1235094.73,308773.6825,989.46,4,56,14.026659039210188,12.640367107048865,1,First-Time Buyers
c0464,individual,gregory,turner,1974-12-11,m,usa,florida,home,5,0,website,4,1455550.0,363887.5,1276.8225,4,51,14.19089508105927,12.80460278101241,1,First-Time Buyers
c0465,individual,george,carter,1949-09-02,m,usa,california,home,3,0,website,3,707799.9199999999,235933.30666666664,839.1433333333334,3,77,13.469918146694859,12.37130868367605,0,Corporate Buyers
c0466,individual,patricia,cox,1988-05-19,f,usa,virginia,investment,2,0,website,4,1228651.21,307162.8025,1030.21,4,38,14.021428362332415,12.635136442909461,0,Corporate Buyers
c0467,individual,rebecca,chavez,1952-04-05,f,usa,ohio,home,1,1,agency,3,976066.93,325355.64333333337,1155.6966666666667,3,74,13.79128746338307,12.692677223750575,0,Corporate Buyers
c0468,individual,raymond,smith,1952-11-13,m,mexico,jalisco,investment,3,1,website,3,1267396.7999999998,422465.5999999999,1386.32,3,73,14.0524763800329,12.953865669400054,3,Global Investors
c0469,individual,adam,foster,1997-03-23,m,usa,california,home,2,0,website,4,1518476.47,379619.1175,1265.3825,4,29,14.233218726347664,12.846926340888983,3,Global Investors
c0470,individual,joan,anderson,1963-02-17,f,usa,oregon,home,1,0,agency,3,862552.54,287517.51333333337,883.7466666666666,3,63,13.667652501323376,12.569042531349224,0,Corporate Buyers
c0471,individual,gary,collins,1984-06-26,m,usa,utah,investment,3,0,agency,3,1084997.39,361665.79666666663,1209.64,3,42,13.897089061084628,12.798478615735528,1,First-Time Buyers
c0472,individual,edward,moore,1951-10-04,m,usa,california,home,4,0,website,3,1277486.3699999999,425828.79,1394.21,3,75,14.06040571451406,12.961794991417934,3,Global Investors
c0473,individual,sharon,price,1981-08-09,f,usa,california,home,3,0,agency,4,1304527.6600000001,326131.91500000004,1042.725,4,45,14.08135235342107,12.695060291979708,1,First-Time Buyers
c0474,individual,gregory,young,1995-12-08,m,usa,nevada,home,1,0,website,4,962015.29,240503.8225,824.2025,4,30,13.776786662976408,12.390495420301967,0,Corporate Buyers
c0475,individual,william,brooks,1946-08-18,m,belgium,wallonia,investment,2,1,agency,3,1234470.16,411490.0533333333,1371.6133333333335,3,80,14.02615322580959,12.927542557267122,3,Global Investors
c0476,individual,steven,johnson,1997-04-05,m,usa,florida,home,3,0,agency,4,1485303.01,371325.7525,1299.3675,4,29,14.211130029805268,12.824837688471865,3,Global Investors
c0477,individual,jesse,stone,1984-02-01,m,usa,california,investment,4,1,website,3,1535114.88,511704.95999999996,1452.2633333333333,3,42,14.244116428010745,13.145505442175029,3,Global Investors
c0478,individual,ashley,garcia,1940-08-02,f,usa,ohio,investment,4,0,website,3,774892.79,258297.59666666668,997.4133333333333,3,86,13.560481253782648,12.461871546110082,0,Corporate Buyers
c0479,individual,virginia,wright,1978-04-06,f,usa,california,home,2,1,agency,4,1172782.93,293195.7325,956.6725,4,48,13.974890907769623,12.588599104662412,0,Corporate Buyers
c0480,individual,scott,bryant,1974-09-16,m,usa,california,home,4,1,website,4,1033261.03,258315.2575,827.2,4,52,13.848231375180626,12.461939917482674,0,Corporate Buyers
c0481,individual,sean,williams,1976-12-12,m,usa,arizona,home,3,0,agency,4,1365460.24,341365.06,1040.8899999999999,4,49,14.127002834286145,12.740710670223642,1,First-Time Buyers
c0482,individual,deborah,brown,1980-10-08,f,usa,new york,investment,3,1,agency,3,1006132.77,335377.59,1155.4633333333334,3,46,13.821625592968804,12.723015292105966,0,Corporate Buyers
c0483,individual,kevin,jackson,1985-11-08,m,usa,arizona,investment,1,0,website,3,881113.79,293704.5966666667,934.8733333333333,3,40,13.688943191549827,12.59033317273095,0,Corporate Buyers
c0484,individual,janet,wright,1989-04-19,f,usa,texas,investment,3,0,website,4,1313240.67,328310.1675,1114.105,4,37,14.088009195754019,12.70171711905492,1,First-Time Buyers
c0485,individual,julia,morales,1991-10-07,f,usa,arizona,home,2,0,website,3,1000841.1799999999,333613.7266666666,1144.8033333333333,3,35,13.816352383529683,12.717742093176634,0,Corporate Buyers
c0486,individual,billy,carter,1999-09-16,m,usa,california,investment,2,1,website,3,1090587.66,363529.22,1175.45,3,27,13.902228163473955,12.803617708676157,3,Global Investors
c0487,individual,jessica,williams,1991-10-23,f,usa,washington,home,5,0,website,4,1576272.71,394068.1775,1295.0975,4,34,14.270574208178271,12.884281750279328,1,First-Time Buyers
c0488,individual,megan,jackson,1979-05-11,f,usa,california,investment,4,0,agency,4,1218265.3599999999,304566.33999999997,990.9875000000001,4,47,14.0129393897147,12.626647491107446,1,First-Time Buyers
c0489,individual,austin,jordan,1950-06-08,m,germany,berlin,investment,2,0,website,3,1025274.77,341758.25666666665,1102.8633333333335,3,76,13.840472178271265,12.741861840295941,0,Corporate Buyers
c0490,individual,emily,wright,1954-01-23,f,usa,nevada,investment,5,1,website,3,1292367.93,430789.31,1240.6066666666666,3,72,14.071987472098778,12.973376730975186,1,First-Time Buyers
c0491,individual,noah,white,1941-08-05,m,usa,washington,home,2,0,website,3,1106379.8,368793.26666666666,1168.3833333333334,3,85,13.916604705602936,12.817994224629059,3,Global Investors
c0492,individual,raymond,price,2000-05-07,m,usa,utah,home,3,1,website,4,1300917.1,325229.275,1008.6625,4,26,14.078580803937397,12.692288748878543,1,First-Time Buyers
c0493,individual,tyler,hughes,1954-07-06,m,usa,colorado,home,3,0,website,4,1312198.98,328049.745,1141.225,4,72,14.087215660651335,12.70092358576572,1,First-Time Buyers
c0494,individual,grace,carter,1990-08-03,f,usa,california,home,3,1,website,4,1052676.65,263169.1625,911.0425,4,36,13.866847618894056,12.480556107645372,0,Corporate Buyers
c0495,individual,jerry,hall,1954-02-18,m,usa,california,investment,5,0,client,4,1246742.44,311685.61,984.9525,4,72,14.036045461714158,12.649753506860298,1,First-Time Buyers
c0496,individual,billy,reyes,1990-01-04,m,usa,california,home,4,0,agency,4,1120376.44,280094.11,947.7475000000001,4,36,13.929176186499532,12.54288450304511,1,First-Time Buyers
c0497,individual,emma,stewart,1985-02-02,f,usa,arizona,investment,4,1,website,3,1330684.99,443561.66333333333,1438.2933333333333,3,41,14.101205149183032,13.002594363497979,3,Global Investors
c0498,individual,nancy,collins,1948-11-21,f,canada,alberta,home,2,1,website,3,1007455.29,335818.43,1258.3999999999999,3,77,13.822939187246451,12.72432888377416,0,Corporate Buyers
c0499,individual,lisa,patterson,1946-02-10,f,usa,colorado,home,3,1,agency,3,897769.81,299256.60333333333,863.7633333333333,3,80,13.707670091992327,12.609060031061798,0,Corporate Buyers
c0500,individual,dennis,howard,1977-03-15,m,usa,california,home,4,1,website,3,1294944.52,431648.17333333334,1438.2933333333333,3,49,14.07397918273276,12.975368438529976,3,Global Investors
c0501,individual,kenneth,jackson,1995-11-12,m,usa,nevada,investment,5,1,agency,4,1741166.27,435291.5675,1454.35,4,30,14.37006629110249,12.983773652963192,3,Global Investors
c0502,individual,madison,gray,1966-11-28,f,usa,arizona,home,4,0,website,4,1537989.75,384497.4375,1324.385,4,59,14.245987414725349,12.859695004200463,3,Global Investors
c0503,individual,keith,peterson,1943-09-26,m,usa,utah,investment,2,1,client,4,1432167.34,358041.835,1135.53,4,83,14.1747001754595,12.788407909063237,3,Global Investors
c0504,individual,jeffrey,green,1992-01-14,m,usa,utah,home,2,0,website,4,1367188.58,341797.145,1108.6075,4,34,14.128267789338443,12.74197562249852,1,First-Time Buyers
c0505,individual,katherine,wilson,1995-07-18,f,usa,arizona,home,3,0,agency,3,1043535.21,347845.07,1125.17,3,31,13.858125705424415,12.7595153333147,1,First-Time Buyers
c0506,individual,albert,stone,1967-07-04,m,usa,california,home,5,0,agency,3,1122203.03,374067.6766666667,1267.4066666666668,3,59,13.930805193452782,12.832194686990192,1,First-Time Buyers
c0507,individual,mark,morales,1951-02-26,m,usa,new york,home,3,0,website,3,1062656.6099999999,354218.86999999994,1221.3833333333334,3,75,13.876283507603123,12.777673101006998,1,First-Time Buyers
c0508,individual,grace,weaver,1970-01-06,f,usa,nevada,home,5,0,agency,3,833710.06,277903.35333333333,900.6166666666667,3,56,13.633642170473598,12.535032280715251,0,Corporate Buyers
c0509,individual,aaron,cook,1956-04-02,m,belgium,wallonia,home,3,0,website,4,1687930.25,421982.5625,1333.2775000000001,4,70,14.33901422463562,12.952721640837721,3,Global Investors
c0510,individual,samantha,evans,1947-08-28,f,france,brittany,investment,1,1,website,3,1094232.67,364744.2233333333,1243.8233333333333,3,79,13.905564831478227,12.806954370571615,3,Global Investors
c0511,individual,christine,parker,1954-07-20,f,uk,england,home,2,0,website,3,1090537.6,363512.5333333334,1179.5233333333333,3,72,13.902182260604437,12.80357180589082,3,Global Investors
c0512,individual,hannah,flores,1945-06-27,f,usa,arizona,home,1,0,client,3,1448158.1400000001,482719.38000000006,1654.4733333333334,3,81,14.185803749203789,13.087192841598412,3,Global Investors
c0513,individual,christian,morales,1999-03-07,m,usa,florida,home,2,1,agency,3,974596.63,324865.54333333333,1049.5133333333333,3,27,13.789779977621707,12.691169741080431,0,Corporate Buyers
c0514,individual,rebecca,evans,1977-08-17,f,usa,oregon,home,1,1,website,4,1528027.54,382006.885,1316.0375,4,49,14.239488926544642,12.85319652873694,3,Global Investors
c0515,individual,melissa,patterson,1963-09-12,f,usa,california,home,1,1,website,4,1561824.93,390456.2325,1342.7925,4,63,14.261366162710871,12.87507372241779,3,Global Investors
c0516,individual,lawrence,nelson,1946-04-21,m,usa,utah,home,3,0,website,4,1437837.49,359459.3725,1196.8899999999999,4,80,14.178651495238974,12.792359220582126,1,First-Time Buyers
c0517,individual,harold,thompson,1959-03-20,m,usa,california,home,5,0,client,4,1115807.0,278951.75,939.4875,4,67,13.925089364111544,12.538797691622642,1,First-Time Buyers
c0518,company,lumina,co,1962-05-22,f,usa,new york,home,3,0,website,4,1633111.65,408277.9125,1196.9724999999999,4,64,14.305998353039366,12.91970582890068,3,Global Investors
c0519,individual,madison,freeman,1975-10-04,f,usa,arizona,investment,3,0,agency,3,981719.26,327239.75333333336,1108.9966666666667,3,51,13.797061679137007,12.698451427707045,0,Corporate Buyers
c0520,individual,helen,white,1970-02-11,f,usa,oregon,home,3,1,agency,3,1033523.16,344507.72000000003,1108.9966666666667,3,56,13.848485034705423,12.74987468116195,1,First-Time Buyers
c0521,individual,stephanie,allen,1967-04-02,f,canada,british columbia,home,3,0,website,4,1074306.5,268576.625,872.6800000000001,4,59,13.887186825920407,12.500895257293179,0,Corporate Buyers
c0522,individual,nicole,campbell,1942-07-13,f,usa,virginia,home,5,0,agency,3,993023.13,331007.71,1240.6066666666666,3,84,13.808510242832773,12.709899968212383,1,First-Time Buyers
c0523,individual,cynthia,hansen,1960-08-22,f,usa,colorado,home,2,0,agency,3,928962.95,309654.31666666665,1058.6633333333332,3,66,13.74182521187619,12.643215076141837,0,Corporate Buyers
c0524,individual,harold,thompson,1953-05-24,m,usa,washington,home,3,0,website,3,801104.6900000001,267034.89666666667,897.3100000000001,3,73,13.593748164911725,12.495138372789986,0,Corporate Buyers
c0525,individual,frank,gray,1950-06-12,m,usa,arizona,home,4,1,agency,4,1629457.52,407364.38,1299.3274999999999,4,76,14.303758321274506,12.917465801255327,3,Global Investors
c0526,individual,harold,green,1968-02-28,m,germany,bavaria,home,5,0,website,3,1301139.77,433713.25666666665,1592.1233333333332,3,58,14.078751953024845,12.980141201468253,3,Global Investors
c0527,individual,andrew,baker,1979-07-19,m,usa,california,home,2,0,website,3,1138099.7,379366.56666666665,1299.5366666666666,3,47,13.94487137832998,12.846260846974069,3,Global Investors
c0528,individual,benjamin,davis,2000-08-09,m,usa,washington,investment,2,0,client,3,1118472.87,372824.29000000004,1206.2733333333333,3,26,13.927475697994373,12.828865197475514,3,Global Investors
c0529,individual,paul,jordan,1973-11-14,m,usa,nevada,home,4,1,website,4,1268138.95,317034.7375,1098.1675,4,52,14.053061778551376,12.666769783098186,1,First-Time Buyers
c0530,individual,patricia,reed,1952-09-07,f,usa,utah,home,2,1,agency,4,1559124.69,389781.1725,1246.7075,4,74,14.259635766983832,12.873343330017416,3,Global Investors
c0531,individual,emily,white,1976-09-19,f,usa,california,home,1,0,website,4,1911300.7799999998,477825.19499999995,1510.65,4,50,14.463295128075558,13.077002336565279,3,Global Investors
c0532,individual,lauren,moore,1979-08-12,f,belgium,flanders,home,2,0,website,4,1075202.77,268800.6925,990.9875000000001,4,47,13.88802075506928,12.501729184114286,0,Corporate Buyers
c0533,individual,jeffrey,williams,1963-09-06,m,usa,nevada,investment,1,0,agency,4,990028.19,247507.0475,787.46,4,63,13.805489706524588,12.41919837561379,0,Corporate Buyers
c0534,individual,bryan,miller,1958-02-21,m,usa,california,investment,1,0,agency,3,1133195.2,377731.73333333334,1371.6133333333335,3,68,13.940552693597189,12.84194216984696,3,Global Investors
c0535,individual,judith,allen,1987-12-22,f,uk,wales,home,3,0,agency,3,1299053.94,433017.98,1386.32,3,38,14.07714758883073,12.978536839742203,3,Global Investors
c0536,individual,brittany,weaver,1956-03-14,f,usa,arizona,investment,5,1,website,3,983106.8400000001,327702.28,1104.51,3,70,13.798474098096893,12.69986384379153,1,First-Time Buyers
c0537,individual,carl,baker,1962-04-25,m,usa,florida,home,2,0,client,4,1490327.5,372581.875,1239.145,4,64,14.214507123420406,12.828214775277505,3,Global Investors
c0538,individual,richard,pierce,1969-04-23,m,usa,california,home,1,1,agency,4,1206897.7000000002,301724.42500000005,1103.3225,4,57,14.00356456946563,12.617272694052511,0,Corporate Buyers
c0539,individual,lawrence,bryant,1991-02-25,m,usa,california,investment,1,1,agency,4,1645321.2,411330.3,1338.8999999999999,4,35,14.313446789263716,12.927154251493237,3,Global Investors
c0540,individual,anna,long,1997-02-27,f,usa,new york,home,3,0,agency,3,494173.31,164724.43666666668,577.2433333333333,3,29,13.11064358818265,12.01203534666129,0,Corporate Buyers
c0541,individual,anthony,garcia,2000-03-22,m,uk,northern ireland,home,3,0,agency,4,1721673.54,430418.385,1296.5625,4,26,14.358807944945402,12.972515326313605,3,Global Investors
c0542,company,lumina,co,1985-09-26,m,mexico,mexico city,home,3,0,website,4,1195819.4,298954.85,1024.3375,4,41,13.994343034992408,12.608051182607303,1,First-Time Buyers
c0543,individual,joan,parker,1947-07-23,f,usa,texas,home,2,1,website,3,753145.67,251048.55666666667,862.8699999999999,3,79,13.532015268691193,12.433405635544808,0,Corporate Buyers
c0544,individual,kevin,white,1974-10-16,m,usa,utah,home,2,0,website,4,1636756.28,409189.07,1326.2525,4,52,14.30822757413215,12.921935045902993,3,Global Investors
c0545,individual,paul,griffin,1942-08-04,m,usa,colorado,home,1,1,agency,3,1260126.39,420042.12999999995,1452.2633333333333,3,84,14.046723376991682,12.948112675463435,3,Global Investors
c0546,individual,samuel,flores,1967-12-23,m,canada,manitoba,home,4,0,client,3,795528.06,265176.02,932.37,3,58,13.58676265657673,12.488152881955669,0,Corporate Buyers
c0547,individual,diane,allen,1947-09-20,f,usa,california,investment,2,0,agency,4,1178457.95,294614.4875,1028.3225,4,79,13.979718168337575,12.59342635291194,0,Corporate Buyers
c0548,individual,christopher,foster,1980-04-11,m,usa,california,home,2,0,agency,3,1047476.9299999999,349158.9766666666,1186.4366666666667,3,46,13.86189586134406,12.763285482022232,0,Corporate Buyers
c0549,individual,daniel,sanders,1972-10-15,m,usa,florida,home,4,0,website,3,941219.76,313739.92,1082.75,3,54,13.75493299254067,12.65632282877031,1,First-Time Buyers
c0550,company,vertex,co,1967-04-09,f,usa,nevada,home,1,0,agency,4,1414568.09,353642.0225,1123.6174999999998,4,59,14.162335512645452,12.776043272310499,3,Global Investors
c0551,individual,billy,freeman,1960-05-17,m,usa,california,investment,4,0,website,3,1007397.56,335799.1866666667,1110.6233333333332,3,66,13.82288188287039,12.724271579511864,1,First-Time Buyers
c0552,individual,kyle,cook,1965-10-20,m,usa,virginia,investment,3,0,agency,3,1141476.56,380492.1866666667,1196.1733333333334,3,61,13.947834086414476,12.84922354985987,1,First-Time Buyers
c0553,individual,james,bell,1978-11-26,m,usa,arizona,home,3,0,website,3,821534.9400000001,273844.98000000004,897.3100000000001,3,47,13.618930964741686,12.520321110535015,0,Corporate Buyers
c0554,individual,carl,moore,1948-12-24,m,australia,victoria,home,1,1,agency,4,1643592.85,410898.2125,1295.2649999999999,4,77,14.312395774198068,12.926103238344963,3,Global Investors
c0555,individual,aaron,nelson,1971-04-23,m,usa,california,investment,4,1,agency,3,1064533.27,354844.42333333334,1162.6166666666666,3,55,13.878047956315555,12.779437546401542,1,First-Time Buyers
c0556,individual,zachary,sanders,1958-10-17,m,usa,colorado,home,5,0,website,3,1335478.18,445159.3933333333,1526.9566666666667,3,68,14.10480072174384,13.006189930664412,3,Global Investors
c0557,individual,judy,griffin,1941-09-25,f,usa,utah,investment,2,0,website,3,733161.98,244387.32666666666,791.0400000000001,3,85,13.50512330267461,12.4065137419092,0,Corporate Buyers
c0558,individual,cheryl,wood,1974-10-23,f,denmark,north denmark,home,3,0,website,3,1033995.96,344665.32,1092.54,3,51,13.848942394007505,12.750332039579188,1,First-Time Buyers
c0559,company,corvus,co,1969-08-18,m,usa,california,home,5,0,client,4,1004028.87,251007.2175,786.87,4,57,13.819532329787275,12.433240956621836,0,Corporate Buyers
c0560,individual,janice,nelson,1988-04-20,f,australia,south australia,home,3,0,website,3,1433718.12,477906.04000000004,1500.72,3,38,14.175782409268752,13.077171515573044,3,Global Investors
c0561,company,bravada,co,1962-11-20,f,usa,arizona,investment,3,0,website,4,1589252.43,397313.1075,1298.145,4,63,14.278774923047074,12.892482449604197,3,Global Investors
c0562,individual,judy,peterson,1940-11-23,f,usa,utah,investment,5,1,website,4,1423675.7200000002,355918.93000000005,1154.105,4,85,14.168753322708646,12.782461068806494,1,First-Time Buyers
c0563,individual,william,howard,1991-01-22,m,usa,california,home,2,1,agency,4,1012807.9299999999,253201.98249999998,842.75,4,35,13.828238147473778,12.441946748408691,0,Corporate Buyers
c0564,individual,scott,adams,1952-09-02,m,usa,texas,home,1,0,agency,3,1135017.6,378339.2,1250.3066666666666,3,74,13.942159596428562,12.843549069844562,3,Global Investors
c0565,individual,austin,wood,1985-09-26,m,france,brittany,home,1,0,website,3,1043494.3200000001,347831.44,1167.2766666666666,3,41,13.858086520582772,12.759476148548158,0,Corporate Buyers
c0566,individual,janice,miller,2000-12-09,f,usa,oregon,investment,4,1,agency,4,1167701.9,291925.475,965.295,4,25,13.970549043575323,12.584257251598789,1,First-Time Buyers
c0567,individual,megan,chavez,1953-10-07,f,russia,saint petersburg,investment,2,1,agency,4,1869286.1,467321.525,1546.3875,4,73,14.441067686197636,13.054774929966364,3,Global Investors
c0568,individual,timothy,wright,1953-09-04,m,usa,california,home,3,0,website,3,944335.88,314778.62666666665,1015.9399999999999,3,73,13.75823824587346,12.659628075091376,0,Corporate Buyers
c0569,individual,mary,cook,1971-12-05,f,usa,california,home,5,1,client,3,1384749.3,461583.10000000003,1460.493333333333,3,54,14.14103039254093,13.042419548175491,3,Global Investors
c0570,individual,hannah,peterson,1965-06-03,f,france,occitanie,home,5,1,website,4,1527210.47,381802.6175,1310.8225,4,61,14.238954061842161,12.852661665084844,1,First-Time Buyers
c0571,individual,adam,chavez,1966-07-03,m,usa,california,home,3,0,website,4,1549969.49,387492.3725,1458.93,4,60,14.253746450004513,12.86745402440347,3,Global Investors
c0572,individual,ann,johnson,1993-11-12,f,usa,california,investment,5,0,website,4,1519677.44,379919.36,1228.8325,4,32,14.234009317810466,12.847716930790464,1,First-Time Buyers
c0573,company,altira,co,1977-04-24,m,usa,georgia,home,4,1,agency,3,785842.76,261947.58666666667,849.7466666666668,3,49,13.5745132730263,12.475903529390113,0,Corporate Buyers
c0574,individual,gerald,cox,1968-09-15,m,usa,california,home,2,0,agency,4,1261906.32,315476.58,1052.2475,4,58,14.048134880400784,12.66184289663174,0,Corporate Buyers
c0575,individual,brian,hansen,1966-01-21,m,usa,california,investment,2,0,website,3,1018391.27,339463.75666666665,1107.81,3,60,13.833735735858742,12.735125411068497,0,Corporate Buyers
c0576,individual,terry,reyes,1959-02-24,m,germany,hamburg,home,1,0,client,3,1047406.79,349135.5966666667,1082.8966666666668,3,67,13.861828898264063,12.763218519070096,0,Corporate Buyers
c0577,individual,christopher,miller,1989-05-18,m,usa,arizona,home,3,0,website,3,693899.0099999999,231299.66999999995,879.3433333333332,3,37,13.450083151298939,12.351473744886325,0,Corporate Buyers
c0578,individual,lauren,rogers,1999-07-22,f,usa,arizona,home,5,1,client,3,707276.53,235758.84333333335,899.7566666666667,3,27,13.46917841382158,12.370568952893768,0,Corporate Buyers
c0579,individual,christopher,ward,1941-09-04,m,usa,texas,investment,3,0,website,3,1198428.6400000001,399476.2133333334,1299.5366666666666,3,85,13.99652262441654,12.897912004597618,3,Global Investors
c0580,individual,heather,watson,1948-11-01,f,usa,california,home,2,1,client,4,2158954.7800000003,539738.6950000001,1726.0575,4,77,14.585135227582699,13.198842256022495,3,Global Investors
c0581,individual,kimberly,stewart,1957-12-21,f,usa,california,investment,5,1,website,4,1029755.56,257438.89,801.065,4,68,13.844832982756307,12.458541534942091,0,Corporate Buyers
c0582,individual,teresa,pierce,1940-02-10,f,usa,washington,investment,3,1,website,3,708559.1499999999,236186.3833333333,791.0400000000001,3,86,13.470990232180405,12.372380766133885,0,Corporate Buyers
c0583,individual,kevin,scott,1986-10-27,m,usa,california,home,2,0,agency,4,1237228.18,309307.045,996.7025,4,39,14.028384905030599,12.64209296868084,0,Corporate Buyers
c0584,individual,janice,taylor,1982-11-03,f,usa,california,home,5,0,website,3,1135691.62,378563.87333333335,1350.9733333333334,3,43,13.942753260663679,12.844142733033902,1,First-Time Buyers
c0585,individual,anthony,edwards,1961-02-07,m,usa,colorado,home,3,0,agency,4,1003690.1799999999,250922.54499999998,886.4275,4,65,13.819194942276981,12.432903570119807,0,Corporate Buyers
c0586,individual,noah,morales,1977-06-14,m,usa,california,home,2,1,client,3,1226524.31,408841.4366666667,1286.4266666666667,3,49,14.019695778423735,12.921085120376986,3,Global Investors
c0587,individual,pamela,richardson,1992-11-24,f,usa,new york,home,4,0,website,4,1093439.8399999999,273359.95999999996,911.785,4,33,13.904840016126503,12.51854839863551,0,Corporate Buyers
c0588,individual,janice,white,1989-11-20,f,usa,florida,home,2,0,website,4,1495976.1400000001,373994.03500000003,1271.345,4,36,14.218290156651145,12.83199780090748,3,Global Investors
c0589,individual,christopher,williams,1946-09-21,m,usa,texas,investment,5,0,client,4,1982246.22,495561.555,1699.3675,4,80,14.499741718686947,13.11344887099974,3,Global Investors
c0590,individual,arthur,campbell,1966-09-16,m,uk,scotland,investment,2,0,website,4,1105388.8900000001,276347.22250000003,935.765,4,60,13.91570867232898,12.529417025179931,0,Corporate Buyers
c0591,individual,dorothy,long,1968-09-03,f,usa,nevada,home,1,0,website,3,1336217.65,445405.8833333333,1460.493333333333,3,58,14.105354279867502,13.0067434879593,3,Global Investors
c0592,individual,roger,moore,1972-03-06,m,usa,arizona,investment,2,0,client,3,787516.58,262505.5266666667,851.4266666666667,3,54,13.576640973242277,12.478031224196787,0,Corporate Buyers
c0593,individual,elizabeth,carter,1952-08-08,f,usa,california,home,2,1,agency,4,2012063.38,503015.845,1575.1075,4,74,14.51467180770177,13.128378937586737,3,Global Investors
c0594,individual,diane,patterson,1942-08-02,f,usa,utah,home,1,0,agency,3,1137572.87,379190.9566666667,1221.6766666666665,3,84,13.94440836835803,12.84579783781596,3,Global Investors
c0595,individual,anna,murray,1966-10-06,f,usa,utah,home,3,0,agency,3,914304.97,304768.3233333333,934.4333333333334,3,60,13.725920553716675,12.627310452497712,0,Corporate Buyers
c0596,individual,gerald,phillips,1976-04-17,m,usa,nevada,home,4,0,agency,4,1094771.49,273692.8725,1023.9675,4,50,13.906057127955712,12.51976550712745,1,First-Time Buyers
c0597,individual,peter,king,1986-02-17,m,uk,northern ireland,home,2,1,website,3,976844.1699999999,325614.7233333333,1033.6200000000001,3,40,13.792083443543207,12.693473202280371,0,Corporate Buyers
c0598,individual,jacob,gray,1949-06-24,m,usa,colorado,investment,4,0,website,4,1398930.7000000002,349732.67500000005,1135.53,4,77,14.151219431869722,12.764927215241077,1,First-Time Buyers
c0599,individual,jennifer,turner,1998-03-19,f,canada,alberta,home,2,0,agency,3,1162815.78,387605.26,1354.0866666666668,3,28,13.966355878247292,12.867745309539123,3,Global Investors
c0600,individual,thomas,king,1984-03-17,m,usa,oregon,investment,1,0,client,3,917709.61,305903.2033333333,1042.71,3,42,13.729637380252747,12.631027270918514,0,Corporate Buyers
c0601,individual,lisa,nelson,1972-10-16,f,usa,california,home,4,0,website,4,1700411.72,425102.93,1307.3,4,54,14.346381556031595,12.960088959187704,3,Global Investors
c0602,individual,albert,hayes,1984-03-24,m,germany,bavaria,home,4,0,agency,4,905508.82,226377.205,748.33,4,42,13.716253401083907,12.329962353009291,0,Corporate Buyers
c0603,individual,diane,thompson,1994-01-07,f,usa,new york,home,4,1,agency,4,1218095.3,304523.825,1027.81,4,32,14.012799788165992,12.626507889902532,1,First-Time Buyers
c0604,individual,danielle,montgomery,1998-09-17,f,belgium,wallonia,home,1,0,agency,3,791133.03,263711.01,919.0466666666666,3,28,13.58122267613792,12.482612915483264,0,Corporate Buyers
c0605,individual,nathan,flores,1974-06-28,m,usa,utah,home,4,1,agency,4,1407314.33,351828.5825,1267.07,4,52,14.157194426125074,12.770902196721321,1,First-Time Buyers
c0606,individual,carolyn,stone,1949-12-25,f,france,ile de france,investment,1,0,website,3,1070969.53,356989.8433333333,1146.2633333333333,3,76,13.884075832711435,12.7854654115066,0,Corporate Buyers
c0607,individual,daniel,edwards,1962-09-14,m,usa,california,home,1,0,agency,3,1125230.1199999999,375076.7066666666,1371.6133333333335,3,64,13.93349901252075,12.834888501263688,3,Global Investors
c0608,individual,jerry,adams,1956-06-14,m,usa,california,home,4,0,agency,4,1201411.56,300352.89,1018.5225,4,70,13.999008555813337,12.612716691750954,1,First-Time Buyers
c0609,individual,julia,richardson,1961-05-22,f,usa,washington,home,4,0,agency,4,1307567.64,326891.91,1255.1325000000002,4,65,14.08367997067522,12.697387903887318,1,First-Time Buyers
c0610,individual,ann,owens,1970-05-10,f,usa,california,investment,4,0,website,3,1178597.68,392865.8933333333,1339.73,3,56,13.979836731412474,12.881226139673384,3,Global Investors
c0611,individual,jacob,price,1950-12-06,m,usa,california,home,4,0,agency,4,1142671.94,285667.985,997.415,4,75,13.948880760098307,12.562589024398129,1,First-Time Buyers
c0612,individual,kevin,wood,1960-01-26,m,usa,florida,home,4,0,agency,4,1671846.3,417961.575,1389.15,4,66,14.329439740704954,12.943147174005707,3,Global Investors
c0613,individual,cynthia,cox,1995-10-02,f,australia,victoria,home,4,0,agency,3,1186019.52,395339.84,1366.5633333333335,3,31,13.986114160245107,12.88750355788704,3,Global Investors
c0614,individual,george,bryant,1972-01-07,m,uk,wales,home,3,1,website,4,1025958.38,256489.595,858.9825,4,54,13.841138713285847,12.454847276254055,0,Corporate Buyers
c0615,individual,jordan,king,1957-01-12,m,usa,utah,home,2,1,website,4,919002.01,229750.5025,748.33,4,69,13.731044676631699,12.344753579913633,0,Corporate Buyers
c0616,individual,julie,brooks,1963-04-17,f,usa,virginia,investment,1,1,agency,3,1013364.3,337788.10000000003,1074.6233333333332,3,63,13.82878733026936,12.730177015221253,0,Corporate Buyers
c0617,individual,carolyn,evans,1986-10-07,f,usa,ohio,home,5,1,website,3,766861.21,255620.40333333332,849.6366666666667,3,40,13.550062416231622,12.45145273559057,0,Corporate Buyers
c0618,individual,austin,taylor,1968-05-11,m,usa,texas,home,3,0,agency,3,982803.0,327601.0,1113.29,3,58,13.798164989624949,12.69955473594852,0,Corporate Buyers
c0619,individual,heather,morales,1970-04-25,f,usa,washington,home,4,0,website,3,1411977.41,470659.13666666666,1471.8999999999999,3,56,14.160502406550153,13.061891534333293,3,Global Investors
c0620,individual,sarah,howard,1960-04-22,f,france,brittany,home,3,0,website,3,1532429.29,510809.76333333337,1504.28,3,66,14.242365457992815,13.143754474440316,3,Global Investors
c0621,individual,jonathan,turner,1982-02-13,m,germany,bavaria,investment,3,1,agency,3,791609.11,263869.7033333333,869.7866666666667,3,44,13.58182426423081,12.483214502055791,0,Corporate Buyers
c0622,individual,katherine,ward,1987-10-09,f,usa,washington,investment,2,0,client,3,869334.73,289778.24333333335,980.8699999999999,3,39,13.67548467025861,12.57687468219501,0,Corporate Buyers
c0623,individual,jonathan,adams,1986-04-27,m,usa,florida,investment,3,1,client,4,1410333.45,352583.3625,1146.02,4,40,14.159337432808776,12.773045198841638,1,First-Time Buyers
c0624,individual,carl,jordan,2000-09-02,m,usa,nevada,investment,3,0,agency,3,1215611.54,405203.8466666667,1413.8666666666668,3,26,14.010758655864953,12.91214801245657,3,Global Investors
c0625,individual,deborah,hayes,1983-07-08,f,belgium,flanders,investment,2,1,agency,4,1000166.88,250041.72,851.0225,4,43,13.815678423874004,12.42938706224606,0,Corporate Buyers
c0626,individual,sara,jones,1968-06-13,f,germany,hamburg,investment,2,0,website,3,1061694.1300000001,353898.0433333334,1244.5566666666666,3,58,13.875377368008005,12.776766963118071,3,Global Investors
c0627,individual,katherine,johnson,2000-11-07,f,usa,arizona,home,3,0,agency,4,1870806.42,467701.605,1726.0575,4,25,14.441880671043664,13.055587913508173,3,Global Investors
c0628,individual,arthur,campbell,1985-05-16,m,canada,british columbia,home,3,1,agency,4,1623109.63,405777.4075,1250.39,4,41,14.299855008067698,12.913562495248948,3,Global Investors
c0629,individual,maria,richardson,1946-07-09,f,usa,california,investment,2,0,agency,3,961721.77,320573.92333333334,1129.1766666666665,3,80,13.776481507242575,12.677871298173685,0,Corporate Buyers
c0630,individual,stephen,roberts,1965-07-28,m,usa,california,home,2,0,website,4,1308077.6099999999,327019.40249999997,1075.5049999999999,4,61,14.084069908581764,12.697777840899391,1,First-Time Buyers
c0631,individual,dorothy,flores,1966-12-11,f,usa,california,home,5,0,website,4,1534891.22,383722.805,1227.645,4,59,14.243970721554534,12.857678314967364,1,First-Time Buyers
c0632,individual,thomas,nelson,1948-05-16,m,uk,northern ireland,home,4,0,website,4,1146845.98,286711.495,947.7475,4,78,13.952526978318986,12.566235233063399,1,First-Time Buyers
c0633,individual,ann,owens,1941-05-12,f,usa,nevada,home,3,0,agency,4,1207516.26,301879.065,928.745,4,85,14.004076958402566,12.617785081716127,0,Corporate Buyers
c0634,individual,justin,ward,1980-11-17,m,usa,washington,investment,4,1,website,3,1181693.63,393897.87666666665,1393.1066666666666,3,45,13.982460093316197,12.883849497131287,3,Global Investors
c0635,individual,kimberly,king,1960-06-14,f,uk,scotland,investment,5,0,website,3,1375700.03,458566.6766666667,1460.493333333333,3,66,14.134473999158555,13.035863164293636,3,Global Investors
c0636,individual,kathleen,rogers,1980-11-10,f,france,brittany,home,5,0,website,4,981810.0800000001,245452.52000000002,827.3575000000001,4,45,13.797154185936584,12.410862880389683,0,Corporate Buyers
c0637,individual,catherine,stone,1967-08-14,f,usa,california,home,2,0,website,4,1602478.07,400619.5175,1296.5625,4,59,14.287062406849236,12.900769917826926,3,Global Investors
c0638,individual,jason,king,1975-02-04,m,usa,ohio,home,5,1,website,4,1347045.42,336761.355,1204.4975,4,51,14.113424916565597,12.72713278253797,1,First-Time Buyers
c0639,individual,mark,campbell,1961-03-03,m,uk,scotland,home,3,1,website,3,861670.72,287223.5733333333,1008.1300000000001,3,65,13.666629641842842,12.568019674241599,0,Corporate Buyers
c0640,individual,emily,thompson,1967-03-01,f,usa,utah,home,3,0,agency,3,772950.1699999999,257650.05666666664,915.6366666666667,3,59,13.557971156104685,12.459361454918799,0,Corporate Buyers
c0641,company,zynex,co,1994-02-26,m,usa,arizona,home,2,0,agency,3,1217213.26,405737.75333333336,1240.6066666666666,3,32,14.01207541234875,12.913464766775387,3,Global Investors
c0642,individual,julia,reyes,1967-11-21,f,usa,california,home,4,0,website,3,1027140.61,342380.2033333333,1161.5433333333333,3,58,13.84229036645481,12.743680024935985,1,First-Time Buyers
c0643,individual,samantha,richardson,1974-05-05,f,usa,california,home,5,0,website,3,928645.01,309548.33666666667,1016.5033333333334,3,52,13.741482901046735,12.64287276604948,1,First-Time Buyers
c0644,individual,teresa,johnson,1956-08-25,f,usa,california,home,4,1,agency,3,1549624.23,516541.41,1630.1366666666665,3,70,14.253523672563443,13.15491267452914,3,Global Investors
c0645,individual,arthur,cox,1988-07-18,m,usa,nevada,home,2,0,client,3,731453.53,243817.84333333335,862.11,3,38,13.502790337564988,12.404180783171102,0,Corporate Buyers
c0646,individual,cynthia,campbell,1995-07-21,f,usa,arizona,investment,5,0,agency,3,1325311.83,441770.61000000004,1464.0166666666667,3,31,14.097159087648894,12.998548308057318,3,Global Investors
c0647,individual,victoria,green,1946-02-06,f,usa,california,home,4,0,agency,4,2115520.42,528880.105,1676.3825,4,80,14.564811874356893,13.178518931326106,3,Global Investors
c0648,individual,stephanie,reed,1999-03-02,f,usa,california,home,1,1,website,4,1142985.38,285746.345,984.6475,4,27,13.949155026695452,12.56286329027531,0,Corporate Buyers
c0649,individual,patricia,mitchell,1995-03-01,f,usa,california,home,4,0,agency,4,1401448.51,350362.1275,1136.6925,4,31,14.153017623251275,12.766725402769893,1,First-Time Buyers
c0650,company,polaris,co,1976-02-19,m,france,occitanie,home,3,1,client,3,799742.26,266580.75333333336,932.37,3,50,13.592046030142615,12.49343624227395,0,Corporate Buyers
c0651,company,horizon,co,1993-01-14,m,usa,washington,home,1,0,agency,4,1077094.73,269273.6825,948.7574999999999,4,33,13.88977883798229,12.503487262126269,0,Corporate Buyers
c0652,individual,heather,johnson,1993-12-08,f,usa,washington,home,2,0,website,3,904157.22,301385.74,985.5433333333334,3,32,13.714759646183623,12.616149569515297,0,Corporate Buyers
c0653,individual,gerald,adams,1970-07-22,m,usa,ohio,home,2,0,client,4,1215543.15,303885.7875,1053.27,4,56,14.010702394579697,12.624410501487231,0,Corporate Buyers
c0654,individual,eric,griffin,1960-05-07,m,usa,new york,home,2,1,website,3,865293.89,288431.2966666667,1015.9399999999999,3,66,13.670825641111081,12.572215663791058,0,Corporate Buyers
c0655,individual,patricia,king,1950-05-19,f,usa,nevada,home,1,1,agency,3,1071763.22,357254.4066666667,1138.4233333333334,3,76,13.884816652391798,12.786206229804023,0,Corporate Buyers
c0656,individual,amber,allen,1977-02-08,f,usa,colorado,home,5,0,client,4,1288383.38,322095.845,1190.4075,4,49,14.068899572801579,12.682607540176626,1,First-Time Buyers
c0657,individual,alexander,allen,1956-09-26,m,usa,california,home,2,0,agency,3,1258111.3199999998,419370.43999999994,1338.1466666666668,3,70,14.045122996835588,12.9465122978494,3,Global Investors
c0658,individual,kelly,green,1999-12-13,f,usa,virginia,home,3,1,agency,3,1122021.28,374007.0933333333,1271.67,3,26,13.930643222265127,12.832032716091227,3,Global Investors
c0659,individual,sara,foster,1988-10-06,f,usa,california,home,4,1,agency,4,1000550.86,250137.715,832.615,4,38,13.816062265745543,12.429770902966492,0,Corporate Buyers
c0660,individual,charles,kim,1991-08-10,m,usa,arizona,home,4,1,client,3,1148308.35,382769.45,1337.0533333333333,3,35,13.95380128820261,12.855190741223932,1,First-Time Buyers
c0661,individual,deborah,williams,1961-06-25,f,canada,manitoba,home,3,0,website,4,1627713.0499999998,406928.26249999995,1299.3274999999999,4,65,14.302687165154094,12.916394647108076,3,Global Investors
c0662,individual,stephanie,kim,1957-08-25,f,usa,california,investment,3,0,website,4,1520239.97,380059.9925,1175.235,4,69,14.234379413152185,12.848087025401712,3,Global Investors
c0663,individual,anthony,flores,1958-02-02,m,usa,california,home,2,1,agency,4,1544313.34,386078.335,1234.8075,4,68,14.25009057692852,12.863798158416431,3,Global Investors
c0664,individual,lawrence,wood,1958-08-17,m,canada,alberta,investment,5,1,website,4,1063024.57,265756.1425,897.47,4,68,13.876629711597337,12.490338172606897,1,First-Time Buyers
c0665,individual,robert,adams,1959-08-27,m,usa,colorado,investment,1,0,agency,3,704886.02,234962.00666666668,765.68,3,67,13.465792813633001,12.367183362294996,0,Corporate Buyers
c0666,individual,maria,davis,1948-10-09,f,usa,california,investment,1,0,website,4,1532074.27,383018.5675,1271.345,4,78,14.24213375992953,12.85584135693606,3,Global Investors
c0667,individual,anthony,mitchell,1966-07-07,m,usa,arizona,investment,2,0,agency,4,1486560.06,371640.015,1295.2649999999999,4,60,14.21197599693053,12.825683653889179,3,Global Investors
c0668,individual,margaret,peterson,1978-11-15,f,france,ile de france,investment,4,1,website,4,987175.01,246793.7525,824.2025,4,47,13.8026036307845,12.416312308631735,0,Corporate Buyers
c0669,individual,cheryl,bell,1958-03-18,f,canada,british columbia,home,3,0,agency,3,1366533.49,455511.16333333333,1599.3433333333332,3,68,14.127788523695118,13.029177698582119,3,Global Investors
c0670,company,altira,co,1976-06-18,m,usa,nevada,investment,4,0,website,3,1631973.5499999998,543991.1833333332,1800.45,3,50,14.305301220021851,13.206690156862297,3,Global Investors
c0671,individual,jerry,pierce,1941-12-09,m,usa,colorado,home,4,1,client,3,759678.12,253226.04,849.6366666666667,3,84,13.540651412580237,12.44204175659916,0,Corporate Buyers
c0672,individual,amber,williams,1967-03-10,f,usa,california,home,2,0,website,3,1301968.05,433989.35000000003,1452.2633333333333,3,59,14.079388330346763,12.9807775778123,3,Global Investors
c0673,individual,janice,hayes,1965-10-19,f,usa,california,home,4,0,website,3,870503.9000000001,290167.96666666673,1012.96,3,61,13.676828667123418,12.578218675969891,0,Corporate Buyers
c0674,individual,judy,turner,1986-05-26,f,usa,california,investment,4,0,website,4,1733438.52,433359.63,1365.9450000000002,4,40,14.365618154545595,12.979325524087416,3,Global Investors
c0675,individual,andrea,wright,1969-12-23,f,usa,texas,home,5,0,website,3,1117159.17,372386.38999999996,1113.29,3,56,13.926300460788552,12.827689962372425,1,First-Time Buyers
c0676,individual,lisa,davis,1942-06-12,f,usa,nevada,home,2,0,agency,3,1022396.03,340798.6766666667,989.0566666666667,3,84,13.83766045767161,12.739050125188804,0,Corporate Buyers
c0677,individual,jerry,miller,1981-09-02,m,usa,arizona,investment,2,0,agency,4,1217015.1099999999,304253.77749999997,1024.3375,4,45,14.011912609351237,12.625620713273737,0,Corporate Buyers
c0678,individual,joseph,watson,1972-10-19,m,usa,california,home,4,1,website,3,904050.87,301350.29,897.3100000000001,3,54,13.714642016046826,12.616031939638713,0,Corporate Buyers
c0679,individual,lisa,patterson,1964-12-02,f,usa,nevada,home,1,0,agency,4,1945371.6800000002,486342.92000000004,1726.0575,4,61,14.480964125934474,13.094671306934362,3,Global Investors
c0680,individual,andrew,griffin,1965-04-16,m,usa,utah,investment,2,0,agency,4,1533727.71,383431.9275,1333.2775,4,61,14.243212393900322,12.85691998879589,3,Global Investors
c0681,company,helios,co,1977-04-25,f,usa,california,home,3,0,agency,4,736696.97,184174.2425,658.8625,4,49,13.509933277135685,12.12364298823265,0,Corporate Buyers
c0682,individual,donald,bennett,1973-06-12,m,usa,california,home,5,0,website,4,1436006.22,359001.555,1214.5625,4,53,14.177377056432821,12.791084784436734,1,First-Time Buyers
c0683,individual,patrick,jordan,1948-08-20,m,usa,colorado,home,2,1,agency,3,1216565.53,405521.8433333333,1463.22,3,78,14.011543129393807,12.912932484695267,3,Global Investors
c0684,individual,donald,miller,1985-10-05,m,usa,california,home,1,0,agency,4,1402625.45,350656.3625,1120.62,4,41,14.15385707274259,12.767564850465005,3,Global Investors
c0685,individual,sharon,hansen,1987-04-18,f,usa,washington,home,5,0,agency,3,1129835.06,376611.6866666667,1228.5033333333333,3,39,13.937583100517436,12.83897258201608,1,First-Time Buyers
c0686,individual,michael,howard,1963-11-17,m,usa,california,home,1,1,website,3,1250166.33,416722.11000000004,1369.7300000000002,3,62,14.038787964319498,12.940177275435955,3,Global Investors
c0687,individual,susan,long,1959-01-03,f,usa,utah,home,3,1,website,4,1532604.0,383151.0,1210.7375000000002,4,67,14.242479459942977,12.856187056272699,3,Global Investors
c0688,individual,kathleen,howard,1968-12-04,f,usa,colorado,investment,5,1,website,4,1093762.42,273440.605,868.5725,4,57,13.905134986292975,12.518843367992812,1,First-Time Buyers
c0689,individual,ann,williams,1998-04-17,f,usa,california,home,4,0,website,3,1051259.37,350419.79000000004,1186.05,3,28,13.865500354667729,12.76688996847607,1,First-Time Buyers
c0690,individual,janet,stewart,1985-09-09,f,usa,oregon,home,4,1,agency,4,1402023.24,350505.81,1150.3275,4,41,14.153427636013515,12.767135414654625,1,First-Time Buyers
c0691,individual,kenneth,bell,1943-07-22,m,usa,california,investment,4,0,agency,4,948552.89,237138.2225,816.16,4,83,13.76269388276854,12.376402684352726,0,Corporate Buyers
c0692,individual,adam,roberts,1964-03-14,m,usa,georgia,investment,3,0,agency,4,1206585.87,301646.4675,1011.5875,4,62,14.003306163112915,12.617014288342203,1,First-Time Buyers
c0693,individual,jesse,chavez,1957-04-28,m,usa,california,investment,5,1,agency,4,1831502.92,457875.73,1498.6825,4,69,14.420648001520856,13.034355278397756,3,Global Investors
c0694,company,sterling,co,1989-07-13,m,uk,scotland,investment,2,0,website,4,1287767.07,321941.7675,1063.04,4,37,14.068421099556133,12.682129068045569,1,First-Time Buyers
c0695,individual,timothy,rogers,1947-03-24,m,usa,washington,home,4,0,website,3,870451.65,290150.55,934.8733333333333,3,79,13.67676864268455,12.578158651668934,0,Corporate Buyers
c0696,individual,carol,green,1994-03-06,f,usa,washington,investment,5,1,agency,4,1417025.49,354256.3725,1246.6175,4,32,14.16407121292292,12.777778968910116,1,First-Time Buyers
c0697,individual,bryan,mitchell,1986-11-01,m,usa,california,investment,4,1,agency,4,1203571.2,300892.8,1036.6525,4,39,14.000804526096736,12.614512657553743,1,First-Time Buyers
c0698,individual,maria,scott,1946-07-16,f,usa,california,home,2,1,website,4,1560635.51,390158.8775,1286.9575,4,80,14.260604315239277,12.87431187641013,3,Global Investors
c0699,individual,stephen,bennett,1986-12-22,m,usa,washington,home,1,1,agency,3,1292445.15,430815.05,1357.1933333333334,3,39,14.072047221053836,12.973436479837783,3,Global Investors
c0700,individual,christine,sanders,1944-04-14,f,usa,washington,home,5,0,website,3,724453.7,241484.56666666665,851.4266666666667,3,82,13.493174512908132,12.394564984933327,0,Corporate Buyers
c0701,individual,danielle,peterson,1962-09-17,f,uk,england,investment,1,0,website,4,1318537.76,329634.44,1050.5725,4,64,14.092034681385487,12.705742595508978,0,Corporate Buyers
c0702,individual,nicholas,flores,1966-07-24,m,usa,arizona,home,5,0,agency,3,1215022.0,405007.3333333333,1303.7766666666666,3,60,14.010273564618767,12.911662922008677,1,First-Time Buyers
c0703,company,elara,co,1984-05-15,m,usa,colorado,home,3,0,website,3,938073.5700000001,312691.19,1023.8800000000001,3,42,13.751584723762392,12.652974567118676,0,Corporate Buyers
c0704,individual,nicole,jordan,1942-01-23,f,usa,georgia,home,4,0,agency,3,1130778.86,376926.2866666667,1194.9266666666665,3,84,13.938418094243248,12.839807574264432,1,First-Time Buyers
c0705,individual,timothy,murray,1940-12-18,m,usa,nevada,home,3,0,website,3,1643383.67,547794.5566666666,1680.5266666666666,3,85,14.312268496213738,13.213657424545408,3,Global Investors
c0706,individual,kyle,thomas,1984-06-23,m,uk,england,investment,2,0,client,3,1034954.84,344984.94666666666,1162.6166666666666,3,42,13.849869317104691,12.751258960884316,0,Corporate Buyers
c0707,individual,zachary,richardson,1995-09-23,m,usa,virginia,home,5,1,website,4,1171255.22,292813.805,956.935,4,31,13.973587423086302,12.587295623315592,1,First-Time Buyers
c0708,individual,brian,cook,1964-11-28,m,usa,california,home,2,0,client,3,1539340.8699999999,513113.6233333333,1523.6933333333334,3,61,14.246865525903866,13.148254536491457,3,Global Investors
c0709,individual,samantha,price,1982-11-06,f,usa,georgia,home,2,1,agency,4,1233960.52,308490.13,1009.23,4,43,14.02574029981702,12.6394483698883,0,Corporate Buyers
c0710,individual,kyle,bryant,1946-08-18,m,usa,oregon,home,2,1,agency,4,1158001.3599999999,289500.33999999997,939.3575,4,80,13.962206975109547,12.575915204654596,0,Corporate Buyers
c0711,individual,victoria,hughes,1995-10-20,f,usa,california,investment,3,0,agency,4,1045658.54,261414.635,905.7525,4,30,13.860158383052728,12.47386689093138,0,Corporate Buyers
c0712,individual,joseph,scott,1991-01-21,m,usa,california,home,1,0,agency,3,701688.31,233896.10333333336,842.68,3,35,13.461246006693667,12.36263656828581,0,Corporate Buyers
c0713,individual,debra,thomas,1997-02-14,f,usa,california,investment,3,0,agency,3,946537.74,315512.58,1125.17,3,29,13.760567178535068,12.661957002826314,0,Corporate Buyers
c0714,individual,kyle,murray,1977-01-03,m,russia,saint petersburg,home,3,0,website,3,1520218.18,506739.3933333333,1680.5266666666666,3,49,14.234365079795438,13.135754106726232,3,Global Investors
c0715,individual,janice,wilson,1982-08-05,f,usa,utah,home,3,0,website,3,1151372.75,383790.9166666667,1340.7666666666667,3,44,13.956466352631496,12.857855801017285,3,Global Investors
c0716,individual,jordan,davis,1994-10-24,m,uk,northern ireland,home,1,0,client,3,1173245.74,391081.91333333333,1334.1000000000001,3,31,13.975285455046368,12.876674871048067,3,Global Investors
c0717,individual,virginia,weaver,1946-06-09,f,usa,arizona,investment,3,1,agency,3,1000529.6699999999,333509.88999999996,1156.5633333333333,3,80,13.816041087208744,12.71743079747786,0,Corporate Buyers
c0718,individual,martha,scott,1944-10-08,f,france,ile de france,home,2,1,website,3,900157.9099999999,300052.63666666666,1123.8033333333333,3,82,13.710326593387055,12.611716526546399,0,Corporate Buyers
c0719,individual,jason,jordan,1974-07-02,m,usa,california,investment,2,1,agency,3,912916.77,304305.59,1023.8800000000001,3,52,13.72440108980353,12.625790991910838,0,Corporate Buyers
c0720,individual,shirley,wilson,1981-05-17,f,usa,california,investment,1,1,agency,4,844316.69,211079.1725,678.3725,4,45,13.646284112706248,12.259993304744967,0,Corporate Buyers
c0721,individual,julia,jordan,1999-03-07,f,usa,florida,home,4,0,website,4,1167212.02,291803.005,939.4875,4,27,13.970129431029115,12.583837640130849,1,First-Time Buyers
c0722,individual,carol,sanders,1943-09-11,f,usa,texas,home,1,0,website,3,936104.05,312034.68333333335,1033.4833333333333,3,83,13.74948298206807,12.650872829910028,0,Corporate Buyers
c0723,individual,ann,hansen,1999-04-19,f,germany,north rhine westphalia,home,3,1,website,3,1554043.79,518014.5966666667,1671.7666666666667,3,27,14.256371631888195,13.15776063018345,3,Global Investors
c0724,individual,samuel,howard,1960-09-27,m,usa,arizona,investment,4,1,agency,4,1564795.28,391198.82,1255.1325000000002,4,66,14.26326620095925,12.876973757019995,1,First-Time Buyers
c0725,individual,katherine,jones,1983-07-03,f,usa,new york,home,3,0,website,3,1557779.53,519259.8433333333,1733.68,3,43,14.258772628994707,13.160161624203676,3,Global Investors
c0726,individual,melissa,harris,1977-01-25,f,usa,georgia,home,4,0,website,4,1055406.17,263851.5425,901.245,4,49,13.869437193563373,12.483145674944293,0,Corporate Buyers
c0727,individual,ronald,bell,1941-08-24,m,usa,california,investment,3,1,client,4,1924218.25,481054.5625,1425.7675,4,85,14.470030859016832,13.08373805696962,3,Global Investors
c0728,individual,jason,jones,1971-07-23,m,usa,california,home,3,1,agency,3,896046.43,298682.14333333337,934.8733333333333,3,55,13.705748625823903,12.607138569178007,0,Corporate Buyers
c0729,individual,raymond,long,1944-01-04,m,usa,washington,investment,3,1,agency,3,1100578.42,366859.4733333333,1280.28,3,82,13.911347344541456,12.812736873096298,3,Global Investors
c0730,individual,gregory,baker,1988-05-09,m,usa,california,investment,4,0,website,3,1395460.54,465153.51333333337,1435.6633333333332,3,38,14.148735771564398,13.050124916112834,3,Global Investors
c0731,individual,larry,harris,2000-10-18,m,usa,california,home,5,0,agency,4,2163873.35,540968.3375,1699.3675,4,25,14.587410853491948,13.201117878773223,3,Global Investors
c0732,individual,justin,peterson,1985-03-03,m,usa,oregon,home,5,0,website,4,1763602.47,440900.6175,1454.35,4,41,14.382869700030325,12.996577039971642,3,Global Investors
c0733,individual,susan,white,1976-01-03,f,usa,nevada,home,5,0,agency,3,1610480.1,536826.7000000001,1609.0333333333335,3,50,14.292043512198655,13.193432465394705,3,Global Investors
c0734,individual,danielle,ward,1981-06-27,f,usa,virginia,investment,5,1,client,3,894573.22,298191.0733333333,1077.3333333333333,3,45,13.70410315221712,12.605493099246978,1,First-Time Buyers
c0735,individual,matthew,long,1994-08-10,m,germany,hesse,investment,4,0,website,3,1082670.51,360890.17,1129.1766666666665,3,32,13.894942165107757,12.796331723720318,1,First-Time Buyers
c0736,individual,jordan,campbell,1942-06-13,m,usa,utah,investment,3,0,agency,3,961660.45,320553.48333333334,1049.5133333333333,3,84,13.776417744631463,12.677807535695175,0,Corporate Buyers
c0737,individual,harold,harris,1978-08-15,m,usa,california,investment,3,0,agency,3,1271295.42,423765.13999999996,1435.6633333333332,3,48,14.055547740919145,12.956937025447024,3,Global Investors
c0738,individual,jose,white,1980-09-21,m,usa,texas,home,5,0,website,4,1217179.49,304294.8725,955.7625,4,46,14.012047668286288,12.625755771875884,1,First-Time Buyers
c0739,individual,albert,turner,1965-03-16,m,usa,california,home,2,0,agency,4,1239915.48,309978.87,1096.12,4,61,14.030554580474071,12.644262638869058,0,Corporate Buyers
c0740,individual,julia,bell,1966-12-08,f,usa,utah,investment,1,0,client,3,1150084.72,383361.5733333333,1176.2366666666667,3,59,13.955347036691965,12.856736487023154,3,Global Investors
c0741,individual,sandra,stone,1962-08-11,f,usa,california,home,2,0,website,3,808100.3,269366.76666666666,952.0733333333334,3,64,13.602442700932038,12.503832887198104,0,Corporate Buyers
c0742,individual,bryan,howard,1980-08-21,m,uk,wales,home,1,1,website,3,943082.4199999999,314360.80666666664,1078.7866666666666,3,46,13.75691002005722,12.658299852090034,0,Corporate Buyers
c0743,individual,joshua,allen,1972-09-10,m,usa,oregon,investment,4,1,website,3,973707.31,324569.10333333333,1145.4666666666665,3,54,13.788867061386627,12.690256826719624,1,First-Time Buyers
c0744,individual,helen,morales,1950-11-10,f,usa,virginia,home,1,0,website,3,947393.7,315797.89999999997,939.3299999999999,3,75,13.761471075198171,12.662860897580385,0,Corporate Buyers
c0745,individual,emily,collins,1997-06-18,f,usa,california,investment,5,0,website,4,1137226.12,284306.53,940.485,4,29,13.944103506522458,12.557811783394566,1,First-Time Buyers
c0746,individual,gary,reyes,1956-10-13,m,uk,scotland,home,4,0,website,4,1485041.45,371260.3625,1120.62,4,70,14.210953915668956,12.824661574691296,1,First-Time Buyers
c0747,individual,george,patterson,1992-04-18,m,usa,florida,home,4,1,website,3,1321142.35,440380.7833333334,1435.6633333333332,3,34,14.094008093892546,12.995397319063557,3,Global Investors
c0748,company,vantage,co,1974-03-05,f,usa,california,home,1,1,client,3,1188736.23,396245.41,1332.34,3,52,13.988402150407591,12.889791544195678,3,Global Investors
c0749,individual,dorothy,anderson,1992-11-26,f,usa,new york,home,5,0,agency,3,1170883.93,390294.6433333333,1258.6899999999998,3,33,13.97327037131245,12.874659790752661,1,First-Time Buyers
c0750,individual,janice,price,1976-06-08,f,usa,nevada,investment,1,0,agency,3,887696.78,295898.9266666667,964.2666666666665,3,50,13.696386626208403,12.597776590556796,0,Corporate Buyers
c0751,individual,keith,parker,1974-09-19,m,usa,california,home,5,0,client,4,1055948.97,263987.2425,967.0,4,52,13.869951365232083,12.483659845151848,1,First-Time Buyers
c0752,individual,lisa,young,1954-12-17,f,belgium,brussels,investment,3,0,agency,4,836214.24,209053.56,725.4225,4,71,13.636641323043474,12.250350549510218,0,Corporate Buyers
c0753,individual,nicholas,patterson,1960-12-22,m,germany,hamburg,home,5,0,website,4,1053102.32,263275.58,868.5725,4,65,13.867251905960813,12.4809603935602,1,First-Time Buyers
c0754,individual,teresa,johnson,1970-08-17,f,usa,arizona,investment,3,0,website,4,1300009.56,325002.39,1037.4175,4,56,14.077882945475697,12.691590892026705,1,First-Time Buyers
c0755,company,celera,co,1967-12-23,f,usa,california,home,5,0,website,3,1040997.25,346999.0833333333,1286.4833333333333,3,58,13.855690666519804,12.757080299082666,1,First-Time Buyers
c0756,individual,jessica,patterson,1963-03-19,f,usa,utah,home,5,1,website,3,785768.09,261922.69666666666,934.8733333333333,3,63,13.574418249623996,12.475808506229656,0,Corporate Buyers
c0757,individual,keith,taylor,1946-05-09,m,usa,oregon,home,3,1,website,4,1392690.1199999999,348172.52999999997,1053.27,4,80,14.146748490916885,12.760456283897588,1,First-Time Buyers
c0758,individual,joe,allen,1958-08-12,m,usa,california,investment,2,0,website,4,1135189.16,283797.29,928.1775,4,68,13.942310736714292,12.556019018319947,0,Corporate Buyers
c0759,individual,samuel,anderson,1991-10-27,m,usa,florida,home,4,0,website,3,1327801.32,442600.44,1451.5366666666666,3,34,14.099035742516762,13.000424960095827,3,Global Investors
c0760,individual,amanda,adams,1964-12-27,f,usa,california,investment,3,0,website,4,1288008.21,322002.0525,1133.69,4,61,14.068608336241988,12.682316304295277,1,First-Time Buyers
c0761,individual,joyce,patterson,1981-08-24,f,belgium,flanders,home,2,0,agency,4,1387948.07,346987.0175,1134.4225000000001,4,45,14.143337726292106,12.757045526632476,1,First-Time Buyers
c0762,individual,anna,young,1967-07-01,f,usa,ohio,home,4,0,website,4,1456185.33,364046.3325,1313.38,4,59,14.191331473451907,12.805039172505806,1,First-Time Buyers
c0763,company,summit,co,1971-07-18,f,usa,georgia,home,3,0,agency,3,1036781.97,345593.99,1152.5966666666666,3,55,13.851633178905123,12.753022819279185,1,First-Time Buyers
c0764,individual,debra,parker,1983-02-09,f,uk,northern ireland,investment,4,0,client,4,1670624.74,417656.185,1441.655,4,43,14.32870880882322,12.942416243436051,3,Global Investors
c0765,individual,joe,green,1967-06-22,m,france,brittany,home,3,0,website,4,1516418.29,379104.5725,1260.0625,4,59,14.23186238346137,12.84557000068418,3,Global Investors
c0766,individual,robert,bennett,1994-09-04,m,germany,north rhine westphalia,home,3,1,client,4,1601876.1400000001,400469.03500000003,1286.2725,4,32,14.286686712034031,12.900394223715193,3,Global Investors
c0767,individual,david,brown,1961-02-02,m,canada,british columbia,investment,2,0,agency,4,1403932.48,350983.12,1242.0825,4,65,14.154788483528097,12.768496259259303,3,Global Investors
c0768,individual,matthew,weaver,1992-07-22,m,denmark,southern denmark,investment,5,1,website,3,1048127.47,349375.8233333333,1163.8866666666665,3,34,13.862516722227952,12.763906341721055,1,First-Time Buyers
c0769,individual,nicole,long,1958-02-21,f,usa,ohio,home,4,0,agency,3,675607.7899999999,225202.59666666665,753.3133333333334,3,68,13.423369474488338,12.324760146108888,0,Corporate Buyers
c0770,individual,shirley,hall,1951-02-09,f,russia,krasnodar krai,home,4,0,website,3,984598.73,328199.57666666666,1104.51,3,75,13.799990472083165,12.701380214695288,1,First-Time Buyers
c0771,company,quasar,co,1984-06-09,m,usa,california,home,1,0,website,4,1856997.08,464249.27,1408.3274999999999,4,42,14.434471806408622,13.048179060797981,3,Global Investors
c0772,individual,ethan,white,1991-09-25,m,usa,california,investment,1,0,client,3,911164.52,303721.50666666665,1038.2,3,35,13.722479850188439,12.623869756508794,0,Corporate Buyers
c0773,individual,christopher,taylor,1964-12-09,m,russia,saint petersburg,home,1,0,website,4,1451465.46,362866.365,1153.0825,4,61,14.188084955049293,12.801792660802446,3,Global Investors
c0774,individual,david,wood,1983-03-23,m,usa,georgia,home,5,1,agency,3,999792.6799999999,333264.2266666666,1144.8033333333333,3,43,13.815304216677374,12.71669392841999,1,First-Time Buyers
c0775,individual,andrea,reyes,1975-12-25,f,usa,arizona,home,1,0,agency,4,1043608.37,260902.0925,900.39,4,50,13.858195810740241,12.47190432425503,0,Corporate Buyers
c0776,individual,ashley,morales,1966-06-11,f,germany,bavaria,home,4,1,agency,3,914465.3300000001,304821.7766666667,980.8699999999999,3,60,13.726095928201964,12.627485826599411,0,Corporate Buyers
c0777,company,meridian,co,1982-05-15,m,usa,arizona,home,1,0,client,3,1130759.4100000001,376919.8033333334,1313.16,3,44,13.93840089357673,12.839790373628336,3,Global Investors
c0778,individual,george,pierce,1998-07-22,m,usa,california,investment,4,1,agency,4,1646921.92,411730.48,1334.8775,4,28,14.314419207821746,12.928126668279072,3,Global Investors
c0779,individual,lisa,hughes,1953-04-05,f,usa,california,home,5,1,agency,3,1221957.12,407319.04000000004,1325.0800000000002,3,73,14.01596514644063,12.917354494488483,1,First-Time Buyers
c0780,individual,martha,hansen,1947-08-01,f,usa,california,home,3,0,website,3,708761.6900000001,236253.8966666667,849.6366666666667,3,79,13.471276038625716,12.372666571772589,0,Corporate Buyers
c0781,individual,gerald,sanders,1940-11-28,m,usa,california,investment,5,1,website,4,1181206.69,295301.6725,1030.635,4,85,13.982047939159193,12.595756117809586,1,First-Time Buyers
c0782,individual,ethan,williams,1970-10-02,m,usa,utah,investment,2,1,website,4,1166638.1600000001,291659.54000000004,905.0375,4,56,13.969637660370731,12.583345870736734,0,Corporate Buyers
c0783,individual,betty,sanders,1961-03-27,f,canada,alberta,home,1,1,agency,3,1031472.36,343824.12,1156.5633333333333,3,65,13.846498784693624,12.747888434997607,0,Corporate Buyers
c0784,individual,charles,baker,1973-06-26,m,mexico,baja california,investment,4,0,website,3,1172514.65,390838.2166666666,1356.7466666666667,3,53,13.974662126761467,12.876051543826065,3,Global Investors
c0785,company,rexon,co,1971-03-27,f,usa,california,home,2,0,website,4,1047112.48,261778.12,860.9325,4,55,13.861547869843724,12.475256373738716,0,Corporate Buyers
c0786,individual,sarah,martin,1983-03-25,f,usa,california,investment,3,0,website,3,663797.37,221265.79,724.0866666666667,3,43,13.405733722706094,12.307124446996552,0,Corporate Buyers
c0787,individual,andrew,jackson,1950-11-20,m,usa,washington,home,1,0,website,3,1405947.6600000001,468649.22000000003,1527.8633333333335,3,75,14.156222835750071,13.057611969608,3,Global Investors
c0788,individual,matthew,stone,1944-05-14,m,france,brittany,investment,4,0,website,4,1799447.01,449861.7525,1482.5875,4,82,14.402990514725149,13.016697820781793,3,Global Investors
c0789,individual,madison,price,1974-04-06,f,canada,ontario,investment,1,0,website,3,1125271.6,375090.5333333334,1228.9099999999999,3,52,13.933535875379173,12.834925364056591,3,Global Investors
c0790,individual,brandon,cooper,1974-01-18,m,usa,california,home,5,1,agency,4,1521440.8599999999,380360.21499999997,1227.17,4,52,14.235169035298552,12.848876645990481,1,First-Time Buyers
c0791,individual,walter,adams,1983-01-07,m,usa,texas,home,4,0,website,4,1424465.81,356116.4525,1159.9675,4,43,14.169308133245366,12.783015878174433,1,First-Time Buyers
c0792,individual,joseph,richardson,1982-04-14,m,usa,california,investment,4,1,website,4,1559979.82,389994.955,1219.85,4,44,14.260184084278343,12.87389164625717,1,First-Time Buyers
c0793,individual,kevin,brown,1969-09-04,m,usa,new york,home,4,0,agency,4,1245234.35,311308.5875,1048.44,4,57,14.034835106160443,12.648543154220782,1,First-Time Buyers
c0794,individual,gregory,mitchell,1951-02-11,m,usa,california,home,4,1,website,3,1120488.77,373496.25666666665,1308.5133333333333,3,75,13.929276442328698,12.830665938592738,1,First-Time Buyers
c0795,individual,harold,murray,1969-01-14,m,usa,california,investment,4,1,website,3,1170869.0899999999,390289.6966666666,1169.0466666666669,3,57,13.973257697057566,12.874647116519427,1,First-Time Buyers
c0796,individual,stephanie,ward,1983-04-11,f,usa,california,investment,5,1,website,3,559596.54,186532.18000000002,607.4466666666667,3,43,13.23497312576666,12.136364411089291,0,Corporate Buyers
c0797,individual,joan,gray,1990-06-08,f,usa,oregon,home,5,1,agency,3,881179.3,293726.43333333335,851.8699999999999,3,36,13.689017537782082,12.590407518794455,0,Corporate Buyers
c0798,company,novex,co,1965-10-21,m,usa,nevada,home,4,1,agency,4,987267.48,246816.87,840.8725,4,61,13.802697297636657,12.416405975199254,0,Corporate Buyers
c0799,individual,pamela,johnson,1954-07-24,f,usa,california,home,4,0,website,4,1108935.8599999999,277233.96499999997,972.245,4,72,13.91891233053676,12.532620674707,1,First-Time Buyers
c0800,individual,lawrence,smith,1974-01-02,m,usa,virginia,investment,5,1,website,3,983573.1799999999,327857.7266666666,1151.5466666666666,3,52,13.798948338471288,12.700338083201377,1,First-Time Buyers
c0801,individual,betty,price,1969-04-03,f,usa,washington,home,4,1,website,3,1361712.2999999998,453904.0999999999,1435.6633333333332,3,57,14.124254244267728,13.02564342433649,3,Global Investors
c0802,individual,matthew,williams,1970-11-10,m,usa,virginia,home,5,0,agency,3,1074480.81,358160.27,1217.58,3,55,13.887349066117313,12.788738638809834,1,First-Time Buyers
c0803,individual,evelyn,moore,1945-12-13,f,usa,texas,home,4,0,agency,4,1542819.53,385704.8825,1329.5925,4,80,14.249122812202005,12.862830395570812,3,Global Investors
c0804,individual,tyler,cook,1967-01-10,m,usa,washington,home,5,0,agency,3,1223755.92,407918.63999999996,1464.8466666666666,3,59,14.017436127560615,12.918825473202663,3,Global Investors
c0805,individual,albert,cook,1953-01-17,m,germany,berlin,home,1,1,website,3,940964.73,313654.91,995.5099999999999,3,73,13.754661999200833,12.656051836006384,0,Corporate Buyers
c0806,individual,jack,richardson,1989-11-18,m,france,ile de france,home,5,0,client,4,1485168.27,371292.0675,1220.42,4,36,14.211039310254952,12.824746969104792,1,First-Time Buyers
c0807,individual,amy,chavez,1993-11-16,f,mexico,mexico city,investment,5,0,website,4,1635419.92,408854.98,1412.375,4,32,14.307410772605696,12.921118245874256,3,Global Investors
c0808,individual,gregory,ward,1943-05-17,m,germany,berlin,home,3,1,website,3,885158.15,295052.7166666667,1003.3133333333334,3,83,13.693522738330973,12.594912709140994,0,Corporate Buyers
c0809,individual,hannah,alexander,1967-02-16,f,france,occitanie,home,5,1,agency,3,1386118.19,462039.39666666667,1464.8466666666666,3,59,14.142018450705566,13.043407604913776,3,Global Investors
c0810,individual,ronald,sanders,1995-02-13,m,usa,california,home,1,1,website,3,922597.5800000001,307532.5266666667,915.6366666666667,3,31,13.734949510976124,12.63633939009569,0,Corporate Buyers
c0811,individual,carl,allen,1945-04-17,m,uk,wales,home,3,0,agency,3,1515201.05,505067.01666666666,1471.8999999999999,3,81,14.23105935436974,13.132448385656735,3,Global Investors
c0812,individual,harold,cooper,1974-08-24,m,uk,northern ireland,home,3,1,website,4,1443224.01,360806.0025,1248.58,4,52,14.182390757685797,12.796098475241692,3,Global Investors
c0813,individual,gerald,cook,1974-10-11,m,uk,scotland,investment,3,0,agency,4,1314024.52,328506.13,1099.4925,4,52,14.08860589945149,12.702313821389675,1,First-Time Buyers
c0814,individual,joan,stewart,1964-03-26,f,usa,california,home,2,0,website,3,674363.74,224787.91333333333,706.7266666666666,3,62,13.421526400791683,12.322917077873287,0,Corporate Buyers
c0815,company,horizon,co,1965-11-06,f,usa,nevada,home,4,1,agency,3,962374.6499999999,320791.55,1205.9633333333334,3,60,13.777160141992514,12.678549931512814,1,First-Time Buyers
c0816,individual,deborah,wright,1947-12-23,f,germany,hamburg,home,2,1,website,3,1003090.8500000001,334363.6166666667,1151.5466666666666,3,78,13.81859763802549,12.719987343190754,0,Corporate Buyers
c0817,individual,grace,thompson,1972-05-12,f,usa,california,investment,1,0,website,3,1338281.0,446093.6666666667,1448.82,3,54,14.10689725979489,13.008286465579,3,Global Investors
c0818,company,sterling,co,1991-09-08,f,usa,colorado,home,2,0,website,4,760443.3500000001,190110.83750000002,677.79,4,35,13.541658212461618,12.155367796395803,0,Corporate Buyers
c0819,individual,jose,bryant,1951-03-15,m,usa,california,home,5,0,website,3,1239378.27,413126.09,1313.16,3,75,14.030121223535184,12.931510548576805,1,First-Time Buyers
c0820,individual,judith,collins,1940-10-22,f,usa,texas,investment,4,0,agency,3,920197.78,306732.5933333333,976.2833333333333,3,86,13.732344990903886,12.633734875676854,0,Corporate Buyers
c0821,individual,elizabeth,moore,1957-09-04,f,usa,california,home,5,1,agency,3,1371213.26,457071.08666666667,1467.89,3,69,14.131207226421518,13.032596396313606,3,Global Investors
c0822,individual,jessica,weaver,1959-04-19,f,usa,california,investment,3,1,website,3,1407630.29,469210.0966666667,1563.9733333333334,3,67,14.157418913509012,13.058808045666508,3,Global Investors
c0823,individual,nancy,hayes,1975-04-16,f,usa,oregon,investment,5,1,agency,4,1722388.8900000001,430597.22250000003,1338.9,4,51,14.35922335529839,12.972930735942896,3,Global Investors
c0824,individual,douglas,cox,1976-06-01,m,usa,california,home,3,0,agency,3,1234378.85,411459.6166666667,1435.6633333333332,3,50,14.026079256177828,12.927468587755206,3,Global Investors
c0825,individual,ruth,hughes,1982-03-26,f,mexico,nuevo leon,home,4,1,agency,4,1246198.0,311549.5,1075.0475000000001,4,44,14.03560867665252,12.649316722849912,1,First-Time Buyers
c0826,individual,jason,stewart,1970-09-11,m,usa,ohio,investment,4,1,website,4,1255265.82,313816.455,996.1925,4,56,14.042858713528348,12.656566742335736,1,First-Time Buyers
c0827,individual,ruth,wright,1965-08-23,f,usa,washington,home,2,1,website,4,1176467.77,294116.9425,1025.3225,4,61,13.978027941960855,12.591736130841653,0,Corporate Buyers
c0828,individual,elizabeth,stewart,1947-10-10,f,usa,arizona,investment,4,1,website,4,1313574.2,328393.55,1122.0925,4,79,14.088263138086734,12.701971060807598,1,First-Time Buyers
c0829,individual,jonathan,stewart,1960-11-16,m,usa,utah,investment,3,0,website,4,1296844.19,324211.0475,1102.08,4,65,14.07544509611292,12.689153048296541,1,First-Time Buyers
c0830,individual,william,martin,1952-05-16,m,usa,oregon,investment,3,0,agency,4,1518798.69,379699.6725,1169.615,4,74,14.233430903231257,12.847138517353432,3,Global Investors
c0831,individual,judith,martin,1977-09-24,f,usa,california,home,2,0,website,3,909532.47,303177.49,979.0866666666667,3,49,13.720687076702996,12.622076986961993,0,Corporate Buyers
c0832,individual,dorothy,ward,1990-01-09,f,usa,nevada,investment,3,1,website,3,1290741.99,430247.33,1336.61,3,36,14.07072857177615,12.972117832601988,3,Global Investors
c0833,individual,roger,green,1951-11-06,m,denmark,southern denmark,home,5,0,website,3,1422486.6099999999,474162.2033333333,1623.3,3,74,14.167917734927116,13.06930685224566,3,Global Investors
c0834,individual,helen,parker,1957-12-23,f,usa,california,home,5,0,website,4,1384660.54,346165.135,1073.905,4,68,14.140966292287766,12.754674097759972,1,First-Time Buyers
c0835,individual,maria,foster,1974-06-06,f,usa,california,home,5,1,website,4,1159317.69,289829.4225,941.61,4,52,13.963343054326174,12.577051280929698,1,First-Time Buyers
c0836,individual,adam,sanders,1942-02-04,m,usa,ohio,home,4,0,website,3,1280715.29,426905.0966666667,1493.243333333333,3,84,14.062930080939735,12.964319353896517,3,Global Investors
c0837,individual,peter,montgomery,1967-06-06,m,france,brittany,home,1,0,website,4,1415445.71,353861.4275,1253.3075,4,59,14.162955735351016,12.776663493701113,3,Global Investors
c0838,individual,jacob,morris,1992-04-05,m,usa,nevada,investment,1,1,website,3,837604.3,279201.43333333335,853.8133333333334,3,34,13.63830226612112,12.539692365209644,0,Corporate Buyers
c0839,individual,elizabeth,baker,1994-01-26,f,uk,england,home,5,1,agency,3,1123967.69,374655.89666666667,1308.5133333333333,3,32,13.932376453175905,12.83376594391521,1,First-Time Buyers
c0840,individual,elizabeth,wilson,1981-11-01,f,belgium,brussels,home,1,0,website,4,1508352.25,377088.0625,1329.5925,4,44,14.226529050780766,12.840236678582912,3,Global Investors
c0841,individual,timothy,cooper,1999-02-05,m,belgium,wallonia,home,5,0,website,4,1344816.1,336204.025,1167.105,4,27,14.111768576641149,12.725476446305395,1,First-Time Buyers
c0842,individual,keith,morales,1996-02-27,m,usa,washington,home,5,1,client,4,1082477.8199999998,270619.45499999996,928.745,4,30,13.894764172847507,12.508472583140588,1,First-Time Buyers
c0843,individual,amanda,hansen,2000-12-04,f,usa,georgia,home,4,0,agency,3,1377127.37,459042.4566666667,1500.72,3,25,14.13551099776654,13.03690016139481,3,Global Investors
c0844,individual,margaret,scott,1947-06-13,f,usa,california,home,2,0,website,4,1363201.96,340800.49,1187.8925000000002,4,79,14.125347606416334,12.739055445993468,3,Global Investors
c0845,individual,ashley,long,1993-09-05,f,usa,washington,home,3,0,client,3,1355270.16,451756.72,1471.4466666666667,3,33,14.119512110356167,13.020901297406411,3,Global Investors
c0846,individual,martha,harris,1976-05-15,f,canada,quebec,investment,3,0,agency,3,1069033.77,356344.59,1135.5233333333333,3,50,13.882266715203208,12.783656297379888,1,First-Time Buyers
c0847,individual,nicole,james,1988-02-27,f,usa,utah,home,2,1,agency,4,1258765.46,314691.365,1011.5875,4,38,14.045642799394159,12.659350821557046,0,Corporate Buyers
c0848,individual,aaron,hughes,1967-11-22,m,usa,california,home,4,0,agency,4,1366788.33,341697.0825,1184.9475000000002,4,58,14.127974992637345,12.741682826439995,1,First-Time Buyers
c0849,individual,brian,wilson,1977-04-11,m,usa,oregon,home,1,1,website,4,1262931.66,315732.915,995.0275,4,49,14.048947082413179,12.662655096714031,0,Corporate Buyers
c0850,individual,judy,stone,1983-11-13,f,usa,colorado,investment,5,0,agency,3,528432.48,176144.16,610.62,3,42,13.177672210713162,12.079063706809437,0,Corporate Buyers
c0851,individual,kyle,white,1993-05-16,m,usa,california,investment,2,1,website,4,1482957.8800000001,370739.47000000003,1259.95,4,33,14.20954989315642,12.823257555017078,3,Global Investors
c0852,individual,carl,brown,1989-07-20,m,germany,north rhine westphalia,home,2,0,agency,4,1368458.37,342114.5925,1222.37,4,37,14.129196117581136,12.74290394870515,3,Global Investors
c0853,individual,gerald,bryant,1950-08-07,m,usa,utah,home,4,0,website,4,1293562.22,323390.555,1092.085,4,76,14.072911154558826,12.686619112611647,1,First-Time Buyers
c0854,individual,david,reyes,1944-02-13,m,usa,california,home,4,0,website,3,1419031.6099999999,473010.5366666666,1454.4099999999999,3,82,14.165485936850637,13.066875057592414,3,Global Investors
c0855,individual,amanda,foster,1973-03-10,f,australia,queensland,home,4,0,website,4,1198702.15,299675.5375,1114.2125,4,53,13.996750822038573,12.610458963620244,1,First-Time Buyers
c0856,individual,janice,chavez,1964-08-16,f,usa,florida,home,5,1,website,4,1565508.99,391377.2475,1226.185,4,62,14.26372220107605,12.877429756262758,1,First-Time Buyers
c0857,individual,danielle,ward,1951-05-11,f,usa,california,investment,1,1,website,4,1431064.56,357766.14,1146.2825,4,75,14.173929871605155,12.787637606823084,3,Global Investors
c0858,individual,samuel,howard,1994-07-12,m,usa,nevada,home,1,0,website,3,972150.6,324050.2,1156.5633333333333,3,32,13.787267038359165,12.688656806981237,0,Corporate Buyers
c0859,individual,megan,anderson,1942-12-03,f,usa,california,home,2,1,agency,4,1440623.8900000001,360155.97250000003,1154.105,4,83,14.1805875288114,12.794295250119001,3,Global Investors
c0860,individual,virginia,morales,1968-07-09,f,usa,utah,home,5,1,website,4,1362579.84,340644.96,1148.025,4,58,14.124891135869548,12.738598976451465,1,First-Time Buyers
c0861,individual,christine,peterson,1994-08-04,f,france,brittany,investment,2,0,agency,3,1527460.57,509153.5233333334,1635.6233333333332,3,32,14.239117810955264,13.140506831648207,3,Global Investors
c0862,individual,amanda,jordan,1981-06-14,f,usa,colorado,investment,1,0,website,3,1354421.9100000001,451473.97000000003,1527.8633333333335,3,45,14.118886024897222,13.02027521287168,3,Global Investors
c0863,individual,brandon,peterson,1975-04-20,m,belgium,wallonia,home,5,1,agency,4,1107744.96,276936.24,984.6475,4,51,13.917837842022813,12.531546189101414,1,First-Time Buyers
c0864,individual,noah,kim,1970-07-07,m,usa,texas,home,3,0,website,3,1085548.02,361849.34,1156.5633333333333,3,56,13.897596426193793,12.798985979909695,1,First-Time Buyers
c0865,individual,rebecca,gray,1975-05-20,f,usa,colorado,investment,5,1,website,4,1268059.13,317014.7825,1008.395,4,51,14.052998833990609,12.666706838686329,1,First-Time Buyers
c0866,individual,lawrence,bryant,1987-11-27,m,belgium,brussels,home,3,0,agency,4,1331713.08,332928.27,1148.025,4,38,14.101977452386208,12.715685343999594,1,First-Time Buyers
c0867,individual,julia,davis,1967-04-12,f,usa,california,home,2,0,agency,3,1028747.3,342915.76666666666,1146.2633333333333,3,59,13.843853378481164,12.745243033921303,0,Corporate Buyers
c0868,individual,victoria,rogers,1945-02-21,f,usa,florida,home,3,1,agency,3,987211.1699999999,329070.38999999996,1049.3799999999999,3,81,13.80264025985306,12.704029997089851,0,Corporate Buyers
c0869,individual,jose,roberts,1993-03-07,m,usa,california,home,4,0,agency,3,858807.13,286269.04333333333,1012.96,3,33,13.663300811639672,12.564690851777732,0,Corporate Buyers
c0870,company,harmon,co,1966-09-01,f,uk,northern ireland,home,2,1,website,4,1097902.26,274475.565,909.9825,4,60,13.908912791523452,12.522621162881013,0,Corporate Buyers
c0871,individual,pamela,pierce,1989-11-28,f,usa,virginia,home,1,1,website,4,1939848.53,484962.1325,1524.2725,4,36,14.478120966175764,13.09182815156638,3,Global Investors
c0872,individual,sarah,bennett,1943-06-22,f,uk,england,home,4,0,website,4,1462320.39,365580.0975,1326.2525,4,83,14.195535724134375,12.809243414544977,1,First-Time Buyers
c0873,individual,gerald,murray,1940-09-09,m,usa,new york,home,2,0,website,3,1325777.78,441925.9266666667,1463.22,3,86,14.097510603230656,12.99889982310871,3,Global Investors
c0874,individual,debra,murray,1953-07-26,f,belgium,flanders,investment,2,0,website,4,1490289.1099999999,372572.27749999997,1186.5225,4,73,14.21448136366713,12.828189015576084,3,Global Investors
c0875,individual,jeffrey,evans,1972-07-09,m,canada,manitoba,home,4,0,website,3,1308981.48,436327.16,1370.5533333333333,3,54,14.08476066053967,12.986149899774725,3,Global Investors
c0876,individual,benjamin,chavez,1973-08-22,m,usa,california,home,3,0,client,3,873771.52,291257.17333333334,971.1899999999999,3,53,13.680575346160818,12.581965346415357,0,Corporate Buyers
c0877,individual,jennifer,weaver,1998-12-22,f,usa,utah,investment,2,1,agency,3,1407650.4,469216.8,1493.243333333333,3,27,14.15743319981857,13.058822331955767,3,Global Investors
c0878,individual,ashley,hansen,1945-04-28,f,usa,nevada,home,4,1,website,3,970670.1499999999,323556.7166666666,1008.13,3,81,13.785743018438618,12.68713279019843,0,Corporate Buyers
c0879,individual,brandon,adams,1945-03-15,m,uk,northern ireland,home,4,1,website,3,1349121.32,449707.1066666667,1463.22,3,81,14.11496480565296,13.01635399942902,3,Global Investors
c0880,individual,judith,bennett,1941-06-23,f,usa,new york,home,2,0,website,4,1390002.6400000001,347500.66000000003,1151.37,4,85,14.14481692380848,12.758524720953991,3,Global Investors
c0881,individual,ruth,weaver,1954-09-24,f,usa,colorado,investment,1,0,website,4,1247321.2,311830.3,1136.6925,4,72,14.03650957140005,12.650217615429682,0,Corporate Buyers
c0882,individual,peter,moore,2000-07-07,m,uk,wales,home,3,0,website,3,1142828.1400000001,380942.7133333334,1435.6633333333332,3,26,13.949017447788606,12.850406909161846,3,Global Investors
c0883,individual,gerald,thompson,1946-10-22,m,usa,texas,home,4,0,client,4,1979258.27,494814.5675,1699.3675,4,80,14.498233226614982,13.111940381212497,3,Global Investors
c0884,individual,joe,reed,1949-05-07,m,usa,nevada,home,2,0,website,3,1021697.5,340565.8333333333,1209.64,3,77,13.836976996437103,12.73836666529173,0,Corporate Buyers
c0885,individual,michael,williams,1941-09-21,m,canada,british columbia,investment,2,1,agency,3,1540844.02,513614.67333333334,1671.7666666666667,3,85,14.24784153818689,13.149230547507011,3,Global Investors
c0886,individual,joseph,brooks,1961-07-20,m,usa,california,home,3,1,agency,3,807556.47,269185.49,941.2099999999999,3,65,13.601769501825101,12.503159689757851,0,Corporate Buyers
c0887,individual,joan,bryant,1993-04-23,f,usa,california,home,3,0,agency,4,1247287.09,311821.7725,1012.5575,4,33,14.036482224443182,12.650190268538587,1,First-Time Buyers
c0888,individual,sharon,montgomery,1987-05-24,f,germany,berlin,home,4,1,website,4,1104713.19,276178.2975,933.355,4,39,13.91509720789419,12.528805562405141,1,First-Time Buyers
c0889,individual,scott,campbell,1985-10-15,m,usa,nevada,investment,4,1,website,3,1339350.5899999999,446450.1966666666,1451.2533333333333,3,41,14.107696166755785,13.009085371346444,3,Global Investors
c0890,individual,julie,nelson,1955-07-23,f,usa,virginia,investment,3,1,website,4,1138394.29,284598.5725,922.66,4,71,13.945130188363416,12.55883846252854,0,Corporate Buyers
c0891,individual,raymond,roberts,1970-06-20,m,germany,north rhine westphalia,investment,1,1,website,4,1340373.08,335093.27,1154.105,4,56,14.10845929714713,12.722167174205884,3,Global Investors
c0892,individual,helen,watson,1958-06-05,f,usa,california,investment,2,1,website,3,984121.3999999999,328040.4666666666,1167.24,3,68,13.799505558542467,12.700895302139823,0,Corporate Buyers
c0893,individual,evelyn,thompson,1995-06-23,f,usa,colorado,home,3,1,website,4,1695839.47,423959.8675,1329.5925,4,31,14.34368902840983,12.9573964363227,3,Global Investors
c0894,individual,carl,evans,1953-06-14,m,usa,georgia,home,5,0,website,3,882067.47,294022.49,932.37,3,73,13.690024962361333,12.591414941088331,0,Corporate Buyers
c0895,individual,amanda,rogers,1953-08-25,f,usa,arizona,investment,4,1,website,3,1127680.6,375893.5333333334,1280.28,3,73,13.935674401691061,12.837063886571643,1,First-Time Buyers
c0896,individual,timothy,jones,1970-05-06,m,france,brittany,home,4,1,agency,4,1157933.44,289483.36,935.765,4,56,13.962148320659201,12.575856550356209,1,First-Time Buyers
c0897,individual,ann,foster,1971-08-04,f,australia,victoria,home,1,0,website,3,745691.65,248563.88333333333,801.46,3,55,13.522068796972649,12.423459190371096,0,Corporate Buyers
c0898,individual,deborah,king,1953-09-27,f,usa,arizona,investment,5,1,agency,4,836494.02,209123.505,706.0875,4,73,13.636975846014128,12.250685071280945,0,Corporate Buyers
c0899,company,apex,co,1988-06-26,f,usa,washington,investment,2,0,website,3,1050407.63,350135.87666666665,1076.6899999999998,3,38,13.86468981785472,12.76607943320571,0,Corporate Buyers
c0900,individual,betty,cook,1999-05-22,f,germany,north rhine westphalia,home,4,0,agency,3,606058.22,202019.40666666665,753.3133333333334,3,27,13.31473298304917,12.216123994383162,0,Corporate Buyers
c0901,individual,gregory,allen,1999-02-15,m,france,brittany,investment,4,0,agency,3,909138.8400000001,303046.28,909.0566666666667,3,27,13.72025420071149,12.621644111922555,0,Corporate Buyers
c0902,company,peerex,co,1964-02-11,f,uk,northern ireland,home,3,1,agency,4,1281064.76,320266.19,1068.57,4,62,14.063202914455895,12.676910895133421,1,First-Time Buyers
c0903,individual,christine,morales,1992-04-28,f,usa,texas,investment,3,0,website,3,1108147.6099999999,369382.5366666666,1240.6066666666666,3,34,13.91820126184421,12.819590777986553,1,First-Time Buyers
c0904,individual,nancy,brooks,1984-03-08,f,russia,saint petersburg,home,1,1,website,4,1050355.29,262588.8225,883.805,4,42,13.864639988385926,12.478348483435646,0,Corporate Buyers
c0905,individual,emma,allen,1993-05-16,f,usa,virginia,home,5,1,website,3,877477.72,292492.5733333333,927.6066666666666,3,33,13.684807983315855,12.5861979739027,0,Corporate Buyers
c0906,individual,jacqueline,baker,1969-08-13,f,usa,california,investment,5,0,website,4,1757967.56,439491.89,1458.93,4,57,14.379669473108295,12.99337681850211,3,Global Investors
c0907,individual,danielle,scott,1973-11-14,f,usa,california,home,3,0,agency,3,1375380.46,458460.1533333333,1459.1899999999998,3,52,14.134241676062029,13.0356308415349,3,Global Investors
c0908,individual,carl,kim,1960-11-17,m,usa,california,home,4,1,agency,4,1129941.35,282485.3375,825.1325,4,65,13.93767717168796,12.551385465567256,0,Corporate Buyers
c0909,individual,brandon,turner,1967-07-10,m,usa,california,investment,1,1,agency,4,1529455.73,382363.9325,1183.04,4,59,14.240423151881972,12.854130752240952,3,Global Investors
c0910,individual,victoria,jackson,1971-11-24,f,usa,texas,home,3,1,agency,3,1293598.48,431199.49333333335,1238.36,3,54,14.07293918526598,12.974328442670272,3,Global Investors
c0911,individual,donald,long,1989-03-27,m,usa,california,home,4,0,website,4,1310405.32,327601.33,972.335,4,37,14.085847815024135,12.69955574326787,1,First-Time Buyers
c0912,individual,christina,freeman,1949-05-11,f,usa,california,home,1,0,agency,3,1322130.05,440710.01666666666,1351.4633333333334,3,77,14.094755424586605,12.9961446486267,3,Global Investors
c0913,individual,nathan,hansen,1999-01-13,m,usa,california,home,4,0,agency,4,1935637.92,483909.48,1552.15,4,27,14.475948021159367,13.089655209914117,3,Global Investors
c0914,individual,helen,freeman,1948-10-12,f,france,provence,investment,4,0,website,4,1124290.78,281072.695,984.6475,4,78,13.932663866495256,12.546372173718273,1,First-Time Buyers
c0915,individual,ronald,harris,1948-01-23,m,usa,florida,home,2,0,agency,3,1309768.71,436589.57,1283.46,3,78,14.085361885830647,12.986751124147364,3,Global Investors
c0916,individual,nathan,hansen,1988-02-10,m,russia,moscow oblast,home,2,0,website,4,1377591.46,344397.865,1114.105,4,38,14.135847939353749,12.749555755943755,1,First-Time Buyers
c0917,individual,kenneth,hughes,1969-08-01,m,usa,arizona,home,2,1,agency,3,756785.49,252261.83,851.4266666666667,3,57,13.536836445080551,12.438226799162257,0,Corporate Buyers
c0918,individual,susan,cook,2000-02-21,f,australia,western australia,home,4,0,client,3,1461361.8699999999,487120.6233333333,1583.2166666666665,3,26,14.194880030872653,13.096269110789084,3,Global Investors
c0919,individual,barbara,foster,1975-08-17,f,canada,quebec,investment,5,0,agency,3,1059524.55,353174.85000000003,1179.5233333333333,3,51,13.873331771548381,12.774721370515838,1,First-Time Buyers
c0920,individual,christian,williams,1973-10-11,m,usa,california,home,4,0,website,3,878368.79,292789.5966666667,934.4333333333334,3,53,13.68582295706948,12.587212945344117,0,Corporate Buyers
c0921,individual,christina,reyes,1999-03-10,f,australia,new south wales,home,4,0,agency,3,802736.76,267578.92,900.46,3,27,13.595783364249094,12.497173567051558,0,Corporate Buyers
c0922,individual,joe,bell,1942-10-28,m,australia,victoria,investment,4,1,website,3,1105753.98,368584.66,1200.3500000000001,3,83,13.916038899450932,12.817428419500148,1,First-Time Buyers
c0923,individual,ruth,richardson,1950-08-26,f,usa,oregon,home,3,0,client,4,1183422.85,295855.7125,1035.1925,4,76,13.983922362815798,12.597630536710051,1,First-Time Buyers
c0924,individual,emily,wright,1988-03-20,f,usa,california,home,4,0,website,4,1558670.83,389667.7075,1313.38,4,38,14.259344625560892,12.873052189154759,3,Global Investors
c0925,individual,michael,ward,1944-05-12,m,germany,hamburg,home,2,0,website,3,1308035.02,436011.67333333334,1471.8999999999999,3,82,14.08403734884641,12.985426589187014,3,Global Investors
c0926,individual,lauren,harris,1961-04-04,f,usa,california,home,3,0,website,3,1078841.73,359613.91,1207.6466666666668,3,65,13.891399478287923,12.79278904345642,1,First-Time Buyers
c0927,individual,carol,hayes,1962-11-04,f,france,ile de france,home,4,0,client,3,933499.38,311166.46,952.2633333333333,3,63,13.746696649033998,12.648086502837279,0,Corporate Buyers
c0928,individual,jordan,jordan,1950-02-27,m,usa,california,home,1,1,agency,3,758070.13,252690.04333333333,883.7466666666666,3,76,13.538532499272032,12.439922848875296,0,Corporate Buyers
c0929,individual,jack,hall,1954-05-23,m,usa,washington,home,4,0,website,3,1167841.72,389280.5733333333,1117.9399999999998,3,72,13.970668775768923,12.872058199658722,1,First-Time Buyers
c0930,individual,debra,moore,1993-04-15,f,usa,washington,investment,1,1,agency,3,924305.53,308101.8433333333,1110.6233333333332,3,33,13.736799038033713,12.638188913147607,0,Corporate Buyers
c0931,individual,daniel,parker,1977-12-25,m,usa,nevada,investment,2,1,client,3,997418.61,332472.87,1090.9466666666667,3,48,13.812926833019791,12.714316549523803,0,Corporate Buyers
c0932,individual,kathleen,moore,1949-07-14,f,usa,new york,home,5,0,website,4,1468310.6600000001,367077.66500000004,1196.9724999999999,4,77,14.199623768075938,12.813331450116921,1,First-Time Buyers
c0933,individual,kimberly,johnson,1955-09-03,f,usa,california,home,4,0,website,3,1077170.94,359056.98,1155.4633333333334,3,71,13.889849590564332,12.791239158608294,1,First-Time Buyers
c0934,individual,barbara,allen,1943-10-02,f,uk,northern ireland,investment,5,1,website,3,912489.5900000001,304163.1966666667,1086.9833333333333,3,83,13.723933052056845,12.625322955189757,1,First-Time Buyers
c0935,individual,katherine,cooper,2000-05-17,f,canada,manitoba,home,4,0,agency,3,1133032.49,377677.49666666664,1221.6766666666665,3,26,13.940409098267027,12.84179857477025,1,First-Time Buyers
c0936,individual,carolyn,brooks,1951-04-10,f,usa,california,home,3,0,client,3,782945.97,260981.99,879.3433333333332,3,75,13.570820245987175,12.472210511767223,0,Corporate Buyers
c0937,individual,gerald,chavez,1982-04-03,m,usa,arizona,home,5,0,client,4,1370340.9100000001,342585.22750000004,1127.3175,4,44,14.130570836010126,12.744278664122495,1,First-Time Buyers
c0938,individual,william,chavez,1963-05-08,m,russia,krasnodar krai,home,4,0,website,3,854217.7,284739.23333333334,851.87,3,63,13.657942528978491,12.55933258162843,0,Corporate Buyers
c0939,individual,anna,alexander,1978-02-02,f,belgium,brussels,investment,1,0,website,4,1190833.68,297708.42,996.3625,4,48,13.990165030978153,12.603873189096467,0,Corporate Buyers
c0940,individual,kyle,bell,1985-12-19,m,usa,virginia,investment,5,0,website,4,1628937.85,407234.4625,1332.2825,4,40,14.303439348512503,12.917146829080677,1,First-Time Buyers
c0941,individual,grace,moore,1955-07-17,f,mexico,jalisco,home,1,0,agency,3,1028314.09,342771.36333333334,1089.46,3,71,13.843432185815434,12.74482184207459,0,Corporate Buyers
c0942,individual,joan,jackson,1991-12-14,f,usa,california,home,1,0,website,4,1402631.76,350657.94,1008.6625,4,34,14.153861571435598,12.767569349148394,0,Corporate Buyers
c0943,individual,karen,cox,1957-09-13,f,canada,manitoba,investment,5,0,website,3,975048.28,325016.0933333333,1129.1766666666665,3,69,13.790243292292443,12.691633054800608,1,First-Time Buyers
c0944,individual,virginia,hughes,1956-08-24,f,usa,florida,home,2,0,website,3,1256722.03,418907.3433333333,1283.46,3,70,14.044018121209174,12.945407423980354,3,Global Investors
c0945,individual,emily,hayes,1945-09-04,f,france,provence,home,4,0,website,3,973406.55,324468.85000000003,1102.8633333333335,3,81,13.788558132669472,12.689947898637106,1,First-Time Buyers
c0946,individual,ashley,weaver,1946-07-04,f,usa,nevada,investment,3,1,agency,3,827605.63,275868.54333333333,897.3100000000001,3,80,13.626293235937917,12.527683363873917,0,Corporate Buyers
c0947,individual,samantha,cox,1981-05-16,f,usa,texas,home,2,0,website,3,1096583.29,365527.76333333337,1190.3133333333333,3,45,13.907710715750614,12.809100250926047,3,Global Investors
c0948,individual,emma,nelson,1989-12-16,f,usa,california,investment,3,1,website,4,1532000.51,383000.1275,1299.3675,4,36,14.242085614921875,12.855793212022679,3,Global Investors
c0949,individual,julia,price,1943-06-26,f,usa,colorado,investment,5,1,client,4,1397057.95,349264.4875,1102.2725,4,83,14.14987983491502,12.76358762116105,1,First-Time Buyers
c0950,individual,christina,price,1991-12-11,f,usa,texas,investment,5,0,website,4,1418212.48,354553.12,1146.9925,4,34,14.164908524813207,12.77861627902847,1,First-Time Buyers
c0951,individual,rachel,chavez,1998-11-15,f,mexico,nuevo leon,home,1,1,client,4,1658301.92,414575.48,1290.8,4,27,14.321305300040054,12.93501274799693,3,Global Investors
c0952,individual,ann,martin,1959-09-03,f,usa,oregon,home,5,0,website,4,1886501.9300000002,471625.48250000004,1510.65,4,67,14.450235371526032,13.063942600648897,3,Global Investors
c0953,company,helios,co,1995-10-22,m,usa,washington,home,5,1,website,3,639815.0,213271.66666666666,839.1433333333334,3,30,13.368935913999806,12.270326751225507,0,Corporate Buyers
c0954,individual,michael,evans,1950-04-08,m,france,brittany,investment,4,1,agency,4,1493788.0,373447.0,1204.4975,4,76,14.21682640310774,12.8305340503016,1,First-Time Buyers
c0955,individual,megan,garcia,1969-01-11,f,usa,california,home,1,0,website,3,1098111.78,366037.26,1205.9633333333334,3,57,13.90910360980239,12.810493142439173,3,Global Investors
c0956,individual,donald,jackson,1966-03-10,m,usa,california,home,1,1,website,4,1647197.45,411799.3625,1294.645,4,60,14.314586493704502,12.928293953857128,3,Global Investors
c0957,company,crestwood,co,1961-05-21,m,usa,oregon,home,2,1,client,4,1295242.02,323810.505,1072.5575,4,65,14.074208895741457,12.687916850786548,1,First-Time Buyers
c0958,individual,betty,rogers,1991-07-11,f,usa,nevada,home,1,1,website,4,936091.4500000001,234022.86250000002,834.6575,4,35,13.74946952194968,12.363178365636315,0,Corporate Buyers
c0959,individual,carl,hayes,1952-09-13,m,usa,california,home,3,0,agency,4,1840159.66,460039.915,1572.79,4,74,14.425363440990807,13.039070710162022,3,Global Investors
c0960,individual,linda,bennett,1960-04-01,f,usa,arizona,investment,1,1,client,4,1380084.58,345021.145,1148.2475,4,66,14.137656069703322,12.751363882359307,3,Global Investors
c0961,individual,brandon,morales,1974-08-03,m,uk,wales,home,2,1,website,4,1681311.67,420327.9175,1271.345,4,52,14.335085397473991,12.948792820672614,3,Global Investors
c0962,individual,nicholas,hansen,1940-07-18,m,usa,california,home,4,0,website,4,1335726.82,333931.705,1114.2125,4,86,14.104986884778542,12.718694769622678,1,First-Time Buyers
c0963,individual,james,davis,1941-08-09,m,canada,alberta,home,4,0,agency,3,598874.99,199624.99666666667,678.9699999999999,3,85,13.30280982728362,12.204200878199487,0,Corporate Buyers
c0964,individual,elizabeth,hall,1953-09-19,f,usa,california,home,4,0,website,3,1015121.6900000001,338373.89666666667,1168.3833333333334,3,73,13.830520040000298,12.731909721535445,1,First-Time Buyers
c0965,individual,lauren,adams,1961-09-26,f,usa,new york,investment,3,0,website,3,840199.6100000001,280066.5366666667,862.1066666666666,3,65,13.64139596373477,12.542786055447722,0,Corporate Buyers
c0966,company,corvus,co,1995-10-11,m,usa,california,investment,3,0,website,4,1606785.0499999998,401696.26249999995,1510.34,4,31,14.289746499577449,12.903454005536998,3,Global Investors
c0967,individual,jennifer,moore,1959-01-20,f,usa,california,home,2,0,agency,3,705599.66,235199.8866666667,879.3433333333332,3,67,13.466804719048431,12.368195264840773,0,Corporate Buyers
c0968,individual,julie,hansen,1995-11-21,f,usa,arizona,home,4,0,website,3,1089074.71,363024.9033333333,1168.3833333333334,3,30,13.900839921996225,12.802229469746047,1,First-Time Buyers
c0969,individual,amber,ward,1976-03-27,f,russia,tatarstan,investment,1,1,agency,3,1118760.19,372920.0633333333,1186.4366666666667,3,50,13.927732550755817,12.829122049777725,3,Global Investors
c0970,individual,peter,johnson,1986-12-01,m,denmark,north denmark,home,3,1,website,4,1596404.25,399101.0625,1313.38,4,39,14.28326494080077,12.896972458901196,3,Global Investors
c0971,individual,cynthia,mitchell,1969-06-02,f,usa,colorado,investment,5,1,website,4,1278450.05,319612.5125,1011.23,4,57,14.061159785925268,12.674867771392272,1,First-Time Buyers
c0972,individual,sandra,evans,1964-09-16,f,usa,arizona,home,5,0,agency,4,1298009.03,324502.2575,1072.985,4,62,14.076342903489044,12.690050853596697,1,First-Time Buyers
c0973,individual,charles,stone,1992-12-03,m,usa,california,investment,2,0,client,4,1595817.1600000001,398954.29000000004,1210.7375000000002,4,33,14.282897115663731,12.89660463445551,3,Global Investors
c0974,individual,michael,hansen,1961-05-22,m,usa,new york,home,1,0,agency,4,1210990.11,302747.5275,1008.395,4,65,14.006949681467821,12.620657797654543,0,Corporate Buyers
c0975,individual,gregory,reyes,1946-07-09,m,usa,utah,home,4,0,website,3,941310.61,313770.2033333333,1050.08,3,80,13.75502951146541,12.656419347489967,0,Corporate Buyers
c0976,individual,ryan,miller,1983-07-18,m,usa,california,home,4,1,website,4,1206149.98,301537.495,947.7475000000001,4,43,14.002944839146666,12.61665296527449,1,First-Time Buyers
c0977,individual,ryan,james,1996-04-07,m,usa,california,home,1,0,agency,3,944672.95,314890.98333333334,1092.5066666666667,3,30,13.75859512048553,12.659984948947764,0,Corporate Buyers
c0978,individual,lauren,brown,1963-11-11,f,usa,california,home,4,1,website,3,1449360.9100000001,483120.3033333334,1526.9566666666667,3,62,14.186633955472063,13.088023046720595,3,Global Investors
c0979,individual,madison,roberts,1940-02-25,f,canada,quebec,investment,4,0,website,3,864661.4500000001,288220.48333333334,939.3299999999999,3,86,13.670094478540129,12.571484502910694,0,Corporate Buyers
c0980,individual,daniel,davis,1942-01-13,m,usa,new york,investment,1,1,website,3,1156326.6400000001,385442.2133333334,1392.5566666666666,3,84,13.960759713662547,12.86214915460653,3,Global Investors
c0981,individual,jessica,stewart,1961-11-14,f,usa,california,investment,1,0,website,4,2048324.19,512081.0475,1555.2975000000001,4,64,14.53253303671635,13.14624014020658,3,Global Investors
c0982,individual,joyce,jackson,1961-07-08,f,canada,manitoba,investment,5,1,agency,3,1443503.73,481167.91,1456.36,3,65,14.18258455483764,13.083973651685332,3,Global Investors
c0983,individual,brittany,freeman,1994-06-21,f,germany,north rhine westphalia,home,4,0,website,3,803219.7,267739.89999999997,899.62,3,32,13.596384799499862,12.497775000804321,0,Corporate Buyers
c0984,individual,mark,johnson,1962-12-03,m,canada,british columbia,home,5,1,agency,3,1206529.21,402176.4033333333,1337.1733333333334,3,63,14.003259203103822,12.904648572080358,1,First-Time Buyers
c0985,individual,ruth,griffin,1954-10-15,f,usa,california,home,1,1,website,3,886990.72,295663.5733333333,934.4333333333334,3,72,13.695590926411619,12.596980892553447,0,Corporate Buyers
c0986,individual,jacqueline,ward,1981-10-18,f,russia,saint petersburg,home,2,0,website,3,1445226.07,481742.0233333334,1510.3766666666668,3,44,14.183777009051692,13.085166104248206,3,Global Investors
c0987,individual,maria,johnson,1967-10-22,f,germany,north rhine westphalia,home,1,1,agency,4,1086018.36,271504.59,984.12,4,58,13.898029606204782,12.511738007462771,0,Corporate Buyers
c0988,individual,douglas,cooper,1988-04-21,m,usa,texas,home,3,1,agency,3,695033.8,231677.93333333335,724.0866666666667,3,38,13.451717195235817,12.353107784117325,0,Corporate Buyers
c0989,individual,amber,cook,1946-10-19,f,usa,oregon,home,4,0,website,4,1129907.31,282476.8275,1035.1925,4,80,13.937647045803446,12.551355339762726,1,First-Time Buyers
c0990,individual,carl,carter,1942-01-21,m,usa,utah,home,4,0,website,4,1588383.3599999999,397095.83999999997,1321.76,4,84,14.278227931804457,12.891935459394404,3,Global Investors
c0991,individual,heather,adams,1975-03-27,f,usa,nevada,home,1,0,website,3,1223116.15,407705.3833333333,1464.8466666666666,3,51,14.016913199125169,12.918302545622067,3,Global Investors
c0992,individual,scott,hughes,1988-11-19,m,denmark,capital region,home,1,1,website,4,1478482.61,369620.6525,1205.465,4,37,14.206527532653535,12.82023520063761,3,Global Investors
c0993,individual,ryan,campbell,1954-03-11,m,usa,california,home,2,1,website,3,530494.44,176831.47999999998,610.62,3,72,13.181566641334765,12.08295812272023,0,Corporate Buyers
c0994,individual,michael,moore,1976-11-26,m,usa,california,home,3,0,website,4,1379902.8699999999,344975.71749999997,1187.8925000000002,4,49,14.137524395286768,12.751232208229,1,First-Time Buyers
c0995,individual,amanda,kim,1949-10-14,f,australia,new south wales,home,1,1,website,3,1004120.77,334706.92333333334,1037.11,3,77,13.819623856739955,12.721013559860161,0,Corporate Buyers
c0996,individual,terry,howard,1956-06-11,m,canada,manitoba,home,2,1,client,3,888968.0,296322.6666666667,941.2099999999999,3,70,13.697817643246877,12.599207604373474,0,Corporate Buyers
c0997,individual,terry,collins,1950-03-11,m,usa,california,investment,3,1,agency,3,1607877.07,535959.0233333333,1654.4733333333334,3,76,14.2904258987316,13.19181485393813,3,Global Investors
c0998,company,grandis,co,1969-05-06,f,usa,virginia,home,4,0,agency,4,1230552.15,307638.0375,1053.27,4,57,14.02297434170407,12.636682418509224,1,First-Time Buyers
c0999,individual,jacqueline,cox,1969-09-15,f,usa,california,investment,3,0,agency,3,661984.35,220661.44999999998,753.3133333333334,3,57,13.40299870476491,12.304389437307131,0,Corporate Buyers
c1000,individual,judith,parker,1963-07-21,f,usa,utah,home,2,1,website,4,1629372.23,407343.0575,1316.6550000000002,4,63,14.303705977363213,12.917413457440407,3,Global Investors
c1001,individual,aaron,nelson,1981-07-13,m,usa,california,home,3,0,website,4,1650296.94,412574.235,1326.3725,4,45,14.316466399272988,12.930173856005014,3,Global Investors
c1002,individual,scott,hughes,1967-06-08,m,usa,california,home,5,0,website,3,1064050.72,354683.5733333333,1052.0866666666668,3,59,13.877594556724903,12.778984147662909,1,First-Time Buyers
c1003,individual,lauren,bennett,1977-08-11,f,usa,nevada,home,2,0,website,3,1164909.23,388303.07666666666,1303.7766666666666,3,49,13.968154586218997,12.869544014419905,3,Global Investors
c1004,individual,alexander,anderson,1982-09-17,m,usa,oregon,home,3,1,website,4,1553467.6600000001,388366.91500000004,1254.045,4,44,14.256000833810651,12.869708403851124,3,Global Investors
c1005,individual,barbara,chavez,1988-06-07,f,germany,hamburg,home,3,0,client,3,778101.6000000001,259367.20000000004,993.0033333333334,3,38,13.564613671072257,12.466003952755962,0,Corporate Buyers
c1006,individual,stephanie,weaver,1992-12-24,f,usa,georgia,home,1,0,website,3,738938.8,246312.93333333335,828.39,3,33,13.512971735177805,12.414362153086461,0,Corporate Buyers
c1007,individual,joyce,brooks,1948-10-25,f,uk,england,home,4,0,agency,3,813104.68,271034.89333333337,847.0366666666667,3,78,13.608616367782156,12.51000653881589,0,Corporate Buyers
c1008,company,sterling,co,1987-10-02,m,usa,california,home,2,0,website,4,1018262.69,254565.6725,849.79,4,39,13.833609470055684,12.447318055123123,0,Corporate Buyers
c1009,individual,evelyn,bell,1950-02-11,f,usa,nevada,investment,4,1,agency,3,741160.04,247053.34666666668,971.1899999999999,3,76,13.515973208601151,12.41736361839828,0,Corporate Buyers
c1010,individual,dennis,moore,1964-03-10,m,mexico,jalisco,home,4,0,website,4,1331479.73,332869.9325,1077.195,4,62,14.10180221173185,12.715510103740037,1,First-Time Buyers
c1011,individual,virginia,brooks,1952-12-18,f,usa,california,investment,1,0,website,4,1281389.3900000001,320347.34750000003,1075.505,4,73,14.063456288549135,12.677164268633385,0,Corporate Buyers
c1012,individual,raymond,morales,1960-10-20,m,usa,new york,home,4,1,website,3,1690270.5,563423.5,1736.0333333333335,3,66,14.340399724883858,13.241788619456912,3,Global Investors
c1013,individual,stephanie,patterson,1994-06-19,f,usa,oregon,home,1,1,website,4,1627907.97,406976.9925,1298.145,4,32,14.302806908747893,12.91651439048119,3,Global Investors
c1014,individual,david,weaver,1969-01-06,m,usa,california,home,3,1,website,3,1278106.36,426035.45333333337,1523.6933333333334,3,57,14.06089091665107,12.96228019279551,3,Global Investors
c1015,individual,kyle,davis,1977-09-01,m,usa,california,home,4,1,website,3,884426.51,294808.83666666667,973.09,3,49,13.692695833316115,12.594085805995281,0,Corporate Buyers
c1016,individual,andrea,wilson,1976-04-05,f,usa,california,home,4,1,agency,4,1542774.6099999999,385693.65249999997,1214.5625,4,50,14.249093696272398,12.862801279697821,1,First-Time Buyers
c1017,individual,megan,baker,1968-12-22,f,usa,california,home,1,1,agency,4,1116371.43,279092.8575,928.745,4,57,13.925595084889707,12.539303411041455,0,Corporate Buyers
c1018,individual,tiffany,turner,1967-06-19,f,usa,colorado,home,5,1,client,3,845680.5700000001,281893.5233333334,1033.4833333333333,3,59,13.647898172935003,12.54928824922045,0,Corporate Buyers
c1019,individual,carolyn,stewart,1975-10-27,f,usa,nevada,home,2,0,client,3,1167255.18,389085.06,1325.0800000000002,3,50,13.970166407314776,12.871555832065127,3,Global Investors
c1020,individual,deborah,morales,1994-07-23,f,usa,california,home,3,0,agency,4,1248826.8599999999,312206.71499999997,994.0725,4,32,14.037715957351548,12.651423998481393,1,First-Time Buyers
c1021,individual,jeffrey,bryant,1974-09-04,m,usa,california,investment,1,0,client,4,1554739.9,388684.975,1340.7775000000001,4,52,14.256819465917973,12.870527034378185,3,Global Investors
c1022,individual,christina,king,1984-04-17,f,usa,colorado,home,1,0,agency,4,1389709.13,347427.2825,1122.0925,4,42,14.14460574379113,12.75831354139247,3,Global Investors
c1023,individual,heather,bell,1953-07-28,f,usa,nevada,home,1,1,website,3,1336237.87,445412.62333333335,1599.3433333333332,3,73,14.105369412007002,13.006758620076152,3,Global Investors
c1024,individual,gregory,long,1969-08-03,m,usa,arizona,investment,2,0,agency,3,1351032.92,450344.30666666664,1510.3766666666668,3,57,14.116380723955057,13.017769915633584,3,Global Investors
c1025,individual,michelle,king,1947-01-20,f,usa,california,home,1,0,client,3,738424.1799999999,246141.3933333333,735.3566666666667,3,79,13.512275062347758,12.413665482142667,0,Corporate Buyers
c1026,individual,robert,parker,1991-08-12,m,usa,california,investment,1,0,agency,3,1440775.1,480258.3666666667,1452.2633333333333,3,35,14.180692484699637,13.082081584171304,3,Global Investors
c1027,individual,gerald,white,1976-12-10,m,usa,california,investment,1,1,client,3,1554407.81,518135.9366666667,1649.26,3,49,14.256605844811086,13.157994842804953,3,Global Investors
c1028,individual,nicholas,cox,1942-04-07,m,usa,california,home,1,1,website,4,1143826.71,285956.6775,984.12,4,84,13.949890836433234,12.563599098082525,0,Corporate Buyers
c1029,individual,ryan,jackson,1949-11-06,m,australia,victoria,home,1,0,agency,3,946560.97,315520.3233333333,1049.3799999999999,3,76,13.76059172028277,12.661981544522163,0,Corporate Buyers
c1030,individual,christine,owens,1960-04-20,f,usa,ohio,home,4,0,website,4,1353543.06,338385.765,1070.475,4,66,14.118236940147968,12.731944795429275,1,First-Time Buyers
c1031,individual,alexander,reed,1989-01-13,m,uk,england,home,1,0,website,3,1011333.2,337111.06666666665,1088.5866666666668,3,37,13.826781007176653,12.728170696092237,0,Corporate Buyers
c1032,individual,larry,freeman,1977-01-03,m,usa,nevada,home,5,0,website,4,1494289.73,373572.4325,1086.2275,4,49,14.217162224136663,12.830869870656201,1,First-Time Buyers
c1033,individual,eric,jackson,1962-06-21,m,france,ile de france,home,2,0,website,4,1496120.51,374030.1275,1313.38,4,64,14.218386657480162,12.832094301542986,3,Global Investors
c1034,individual,andrea,wilson,1979-01-20,f,usa,colorado,home,5,0,client,4,1200049.6,300012.4,970.375,4,47,13.997874280535907,12.61158241930748,1,First-Time Buyers
c1035,individual,jacob,williams,1961-02-10,m,usa,virginia,home,2,0,website,4,1528550.1300000001,382137.53250000003,1227.17,4,65,14.239830870849396,12.853538472370465,3,Global Investors
c1036,individual,martha,collins,1988-03-13,f,usa,oregon,home,2,0,agency,3,1176436.08,392145.36000000004,1350.4933333333333,3,38,13.978001005056429,12.879390416435296,3,Global Investors
c1037,company,corvus,co,1970-01-02,m,mexico,baja california,home,2,1,website,3,1115637.13,371879.0433333333,1190.3133333333333,3,56,13.924937113068559,12.826326617094832,3,Global Investors
c1038,individual,gerald,gray,1959-05-25,m,usa,california,investment,3,0,website,3,907128.2000000001,302376.0666666667,939.3299999999999,3,67,13.71804016658212,12.619430082669183,0,Corporate Buyers
c1039,individual,nicholas,carter,1962-07-17,m,usa,california,home,1,1,agency,4,1428452.94,357113.235,1210.7375000000002,4,64,14.172103256520948,12.785810995571573,3,Global Investors
c1040,individual,joseph,young,1940-04-05,m,usa,california,investment,5,1,website,3,901095.79,300365.26333333337,992.2199999999999,3,86,13.711367955904056,12.612757886750877,1,First-Time Buyers
c1041,individual,evelyn,morris,1990-12-07,f,usa,nevada,home,5,1,website,3,1150040.79,383346.93,1303.7766666666666,3,35,13.955308838809618,12.856698289207234,1,First-Time Buyers
c1042,individual,rebecca,parker,1945-08-03,f,usa,nevada,home,2,0,agency,4,1325783.46,331445.865,1122.0925,4,81,14.097514887495814,12.71122278918462,1,First-Time Buyers
c1043,individual,carol,griffin,1999-07-14,f,usa,washington,home,5,0,website,3,1067911.8599999999,355970.61999999994,1357.1933333333334,3,27,13.88121670341319,12.782606287555307,1,First-Time Buyers
c1044,individual,eric,howard,1971-05-15,m,usa,nevada,investment,5,0,website,4,1368036.3900000001,342009.09750000003,1145.535,4,55,14.12888770866247,12.742595540462693,1,First-Time Buyers
c1045,individual,rebecca,allen,1942-04-01,f,usa,new york,home,3,0,website,3,974840.03,324946.6766666667,1060.1133333333335,3,84,13.79002969053267,12.691419453479014,0,Corporate Buyers
c1046,individual,maria,wood,1969-05-21,f,canada,quebec,home,4,1,website,4,1301128.39,325282.0975,1049.6999999999998,4,57,14.078743206815345,12.69245115138201,1,First-Time Buyers
c1047,individual,ronald,reyes,1984-12-12,m,usa,virginia,home,3,0,website,3,1333737.83,444579.2766666667,1454.5733333333335,3,41,14.10349670668018,13.004885917554903,3,Global Investors
c1048,individual,angela,turner,1970-01-27,f,usa,oregon,investment,1,0,agency,3,1349339.41,449779.8033333333,1439.256666666667,3,56,14.115126445832793,13.016515639369251,3,Global Investors
c1049,individual,tiffany,sanders,1940-11-05,f,usa,california,investment,5,0,website,3,1214294.1600000001,404764.72000000003,1451.5366666666669,3,85,14.009674351198505,12.911063709575052,3,Global Investors
c1050,individual,tyler,watson,1955-10-03,m,usa,georgia,home,4,1,website,4,1274655.09,318663.7725,1192.72,4,71,14.058186966856752,12.671894959310105,1,First-Time Buyers
c1051,individual,cheryl,hansen,1958-07-19,f,usa,virginia,home,1,1,agency,3,894972.26,298324.08666666667,1016.7433333333333,3,68,13.704549119715692,12.605939065748723,0,Corporate Buyers
c1052,individual,kimberly,parker,1953-04-24,f,usa,utah,home,1,1,agency,4,1008000.54,252000.135,836.9425,4,73,13.823480255390061,12.43718887045167,0,Corporate Buyers
c1053,individual,adam,kim,1974-11-10,m,mexico,nuevo leon,home,2,1,website,3,1280976.9,426992.3,1336.61,3,51,14.06313432858329,12.964523601221147,3,Global Investors
c1054,individual,edward,foster,1989-09-04,m,usa,arizona,home,2,1,website,3,837920.5800000001,279306.86000000004,879.3433333333332,3,37,13.638679795133076,12.540069893320325,0,Corporate Buyers
c1055,individual,jonathan,bennett,1972-11-20,m,usa,new york,investment,2,1,website,3,811498.78,270499.5933333333,926.3966666666666,3,53,13.60663939483385,12.508029570735152,0,Corporate Buyers
c1056,individual,larry,wilson,1979-01-19,m,usa,colorado,home,1,1,website,3,1436352.77,478784.25666666665,1754.9366666666667,3,47,14.17761835618789,13.07900745993344,3,Global Investors
c1057,individual,jesse,garcia,1994-04-17,m,usa,nevada,investment,5,0,website,4,1430593.53,357648.3825,1301.4,4,32,14.173600671078582,12.787308406986739,1,First-Time Buyers
c1058,individual,rachel,weaver,1973-06-12,f,germany,bavaria,home,3,1,website,4,1526007.8199999998,381501.95499999996,1190.4075,4,53,14.23816627062635,12.851873875417148,3,Global Investors
c1059,individual,danielle,davis,1978-06-26,f,usa,california,home,4,0,website,3,1266979.76,422326.58666666667,1422.97,3,48,14.05214727371047,12.95353656359705,3,Global Investors
c1060,individual,christian,evans,1940-12-25,m,usa,nevada,home,5,0,agency,3,1167625.18,389208.3933333333,1321.5033333333333,3,85,13.970483339773077,12.871872763980475,1,First-Time Buyers
c1061,individual,stephanie,smith,1960-06-01,f,uk,scotland,home,1,0,website,4,1689767.29,422441.8225,1422.9925,4,66,14.340101970990425,12.953809385260303,3,Global Investors
c1062,individual,billy,foster,1975-12-20,m,usa,california,home,4,0,agency,4,1766882.53,441720.6325,1406.6075,4,50,14.384727835150917,12.99843517193437,3,Global Investors
c1063,individual,nicole,weaver,1988-12-05,f,usa,new york,investment,5,1,website,3,1315820.94,438606.98,1354.2933333333333,3,37,14.089972077761626,12.991361309054858,3,Global Investors
c1064,individual,brandon,pierce,1945-08-06,m,usa,california,home,5,1,website,3,695434.77,231811.59,883.7466666666668,3,81,13.452293935254291,12.353684522476682,0,Corporate Buyers
c1065,individual,mark,reyes,1955-01-06,m,usa,georgia,home,3,1,client,3,1107631.34,369210.4466666667,1263.5766666666666,3,71,13.917735268119205,12.819124785102774,3,Global Investors
c1066,individual,ashley,moore,1941-09-21,f,australia,victoria,home,1,0,website,4,1208868.77,302217.1925,990.9875000000001,4,85,14.005196406673436,12.618904527207361,0,Corporate Buyers
c1067,individual,samuel,howard,1942-12-24,m,mexico,jalisco,investment,4,0,agency,3,849001.36,283000.4533333333,904.0466666666667,3,83,13.651817245030493,12.553207312065663,0,Corporate Buyers
c1068,individual,kathleen,carter,1984-02-10,f,usa,california,home,3,0,agency,3,1403831.31,467943.77,1609.0333333333335,3,42,14.154716419112752,13.05610555511521,3,Global Investors
c1069,individual,lawrence,cox,1992-06-13,m,usa,virginia,home,3,1,agency,3,1323760.8399999999,441253.6133333333,1413.0600000000002,3,34,14.095988120144817,12.997377342321354,3,Global Investors
c1070,individual,virginia,rogers,1951-06-26,f,germany,bavaria,home,5,0,agency,3,1286265.1400000001,428755.0466666667,1471.8999999999999,3,75,14.067254114156626,12.968643380375473,3,Global Investors
c1071,individual,aaron,johnson,1966-08-11,m,usa,texas,home,2,0,agency,4,1047375.62,261843.905,874.6275,4,60,13.861799138638345,12.475507641813538,0,Corporate Buyers
c1072,individual,kimberly,jones,1962-06-10,f,usa,utah,home,3,0,agency,3,829884.93,276628.31,979.0866666666667,3,64,13.62904353659296,12.530433657891711,0,Corporate Buyers
c1073,individual,carl,collins,1955-07-02,m,usa,california,investment,2,0,website,4,1197808.83,299452.2075,952.0525,4,71,13.99600530549113,12.609713448939301,0,Corporate Buyers
c1074,individual,george,foster,1954-07-10,m,uk,northern ireland,home,1,0,website,3,1004700.45,334900.14999999997,1092.5400000000002,3,72,13.820200990666244,12.721590692637253,0,Corporate Buyers
c1075,individual,carolyn,watson,1975-02-17,f,mexico,baja california,home,3,0,website,4,1178400.08,294600.02,984.9525,4,51,13.979669060627083,12.593377245326465,0,Corporate Buyers
c1076,individual,betty,thompson,1980-10-28,f,usa,florida,investment,3,0,agency,3,884169.44,294723.14666666667,976.8166666666666,3,45,13.692405128465067,12.59379510180171,0,Corporate Buyers
c1077,individual,peter,griffin,1982-03-07,m,usa,texas,investment,2,0,agency,4,1467449.24,366862.31,1245.935,4,44,14.199036922102685,12.81274460534304,3,Global Investors
c1078,individual,joshua,howard,1940-07-22,m,usa,ohio,home,1,0,agency,3,1247337.58,415779.19333333336,1303.7766666666666,3,86,14.036522703446003,12.937912018190495,3,Global Investors
c1079,individual,steven,hayes,1959-06-19,m,usa,california,investment,4,1,website,3,1151228.31,383742.77,1336.61,3,67,13.956340894620345,12.857730343224075,1,First-Time Buyers
c1080,individual,hannah,stewart,1956-10-06,f,uk,england,investment,4,0,agency,4,1594795.52,398698.88,1425.28,4,70,14.282256712395158,12.895964232391222,3,Global Investors
c1081,company,meridian,co,1974-09-08,m,russia,novosibirsk,home,4,1,agency,3,1006584.7,335528.23333333334,1203.39,3,52,13.822074666984664,12.723464365229356,1,First-Time Buyers
c1082,individual,patricia,martin,1993-02-04,f,usa,oregon,investment,5,1,website,3,829499.85,276499.95,953.1133333333333,3,33,13.628579413325793,12.529969535743327,0,Corporate Buyers
c1083,individual,pamela,jackson,1950-10-06,f,usa,colorado,investment,4,0,agency,4,1145122.1,286280.525,939.4875,4,76,13.951022700108624,12.56473095879098,1,First-Time Buyers
c1084,individual,sarah,hansen,1989-07-27,f,france,ile de france,home,4,0,agency,4,1357921.15,339480.2875,1136.6925,4,37,14.121466258506127,12.735174106641521,1,First-Time Buyers
c1085,individual,sarah,flores,1947-10-18,f,australia,queensland,investment,1,0,client,3,797675.03,265891.6766666667,994.8266666666667,3,79,13.589457816557184,12.490848035169495,0,Corporate Buyers
c1086,individual,timothy,montgomery,1956-03-01,m,usa,colorado,home,1,1,website,4,1339827.27,334956.8175,1030.21,4,70,14.108052006997903,12.72175988496843,0,Corporate Buyers
c1087,individual,matthew,owens,1984-01-03,m,usa,colorado,home,3,0,website,4,1878433.21,469608.3025,1575.1075,4,42,14.445949120758419,13.059656356712086,3,Global Investors
c1088,individual,nicholas,stewart,1998-09-26,m,usa,utah,home,4,1,agency,3,802271.19,267423.73,883.7466666666666,3,28,13.595203218296655,12.496593422544954,0,Corporate Buyers
c1089,individual,madison,ward,1962-09-17,f,usa,utah,home,1,1,website,4,959344.08,239836.02,828.375,4,64,13.77400612230069,12.387714888309267,0,Corporate Buyers
c1090,individual,laura,moore,1962-09-07,f,canada,alberta,home,3,1,client,3,1217272.58,405757.5266666667,1396.0966666666666,3,64,14.012124145391518,12.913513499738084,3,Global Investors
c1091,individual,arthur,phillips,1984-07-21,m,usa,nevada,home,1,1,agency,3,741797.49,247265.83,853.6566666666668,3,42,13.516832908446448,12.418223315924706,0,Corporate Buyers
c1092,individual,terry,adams,1996-11-24,m,usa,oregon,investment,2,0,website,3,1213248.05,404416.01666666666,1452.2633333333333,3,29,14.008812484246345,12.910201844043034,3,Global Investors
c1093,individual,adam,allen,1980-07-13,m,usa,oregon,home,1,1,website,3,805402.8300000001,268467.61000000004,900.46,3,46,13.599099082789227,12.500489277344368,0,Corporate Buyers
c1094,individual,sarah,cook,1960-02-12,f,usa,washington,home,2,1,website,4,1631407.56,407851.89,1273.5475000000001,4,66,14.304954346861944,12.91866182464208,3,Global Investors
c1095,individual,cynthia,howard,1940-02-26,f,usa,california,home,3,0,agency,4,1454366.24,363591.56,1264.0125,4,86,14.19008147739919,12.803789179029906,3,Global Investors
c1096,individual,grace,edwards,1965-05-20,f,usa,new york,home,2,0,client,4,1756661.91,439165.4775,1339.695,4,61,14.378926493327224,12.992633839989415,3,Global Investors
c1097,individual,teresa,pierce,1962-07-16,f,canada,alberta,home,3,1,agency,3,1064342.81,354780.9366666667,1162.6166666666666,3,64,13.877869026387817,12.779258616809999,1,First-Time Buyers
c1098,individual,paul,young,1976-10-24,m,usa,california,investment,3,0,client,3,1187774.23,395924.74333333335,1290.0866666666668,3,49,13.987592560667386,12.888981955818121,3,Global Investors
c1099,individual,joan,scott,1972-06-26,f,usa,colorado,home,3,0,agency,4,1426501.12,356625.28,1153.0825,4,54,14.170735935789512,12.784443677713707,1,First-Time Buyers
c1100,individual,frank,thomas,1940-05-14,m,russia,novosibirsk,home,1,0,website,4,1314225.5899999999,328556.39749999996,1042.1725000000001,4,86,14.088758906082495,12.702466827671385,0,Corporate Buyers
c1101,individual,matthew,king,1964-01-03,m,belgium,flanders,home,5,0,website,4,1037914.4299999999,259478.60749999998,868.5725,4,62,13.852724865400345,12.46643339468518,1,First-Time Buyers
c1102,company,harmon,co,1960-05-06,m,germany,berlin,home,2,0,agency,4,1248456.03,312114.0075,993.0625,4,66,14.037418970808915,12.651127012652301,0,Corporate Buyers
c1103,individual,jose,johnson,1961-04-27,m,belgium,wallonia,home,4,0,agency,4,1206840.81,301710.2025,997.415,4,65,14.003517431009962,12.61722555571402,1,First-Time Buyers
c1104,individual,christian,weaver,1998-10-15,m,usa,utah,investment,5,1,website,3,893996.19,297998.73,1025.0133333333333,3,27,13.703457910973977,12.604847859446863,1,First-Time Buyers
c1105,individual,roger,ward,1940-01-14,m,usa,nevada,home,3,1,website,4,1623510.31,405877.5775,1365.9450000000002,4,86,14.300101836931324,12.913809323656416,3,Global Investors
c1106,individual,sean,martin,1982-05-16,m,usa,california,home,1,0,agency,3,773499.85,257833.28333333333,842.68,3,44,13.558682047895752,12.460072344871104,0,Corporate Buyers
c1107,individual,frank,hayes,1948-01-15,m,canada,british columbia,home,1,0,website,3,1156527.59,385509.1966666667,1268.0466666666669,3,78,13.960933481489443,12.862322922132902,3,Global Investors
c1108,individual,helen,ward,1994-01-12,f,australia,south australia,home,4,0,website,3,1069904.1,356634.7,1238.36,3,32,13.883080510915972,12.784470091570787,1,First-Time Buyers
c1109,individual,rebecca,anderson,1967-09-05,f,usa,california,home,1,1,client,4,1756965.37,439241.3425,1458.93,4,59,14.379099226405517,12.992806572772741,3,Global Investors
c1110,individual,harold,watson,1977-05-12,m,usa,new york,home,5,1,website,4,1445458.33,361364.5825,1152.9099999999999,4,49,14.183937704449503,12.797645418792287,1,First-Time Buyers
c1111,company,corvus,co,1967-01-23,m,usa,california,home,4,1,website,3,885146.14,295048.7133333333,897.3100000000001,3,59,13.693509170057428,12.594899140898105,0,Corporate Buyers
c1112,individual,donald,green,1982-01-05,m,usa,nevada,investment,3,1,website,3,961599.4199999999,320533.13999999996,975.9433333333333,3,44,13.776354279535031,12.67774407073074,0,Corporate Buyers
c1113,individual,brenda,martin,1974-08-18,f,usa,texas,investment,2,0,client,4,1162770.88,290692.72,942.0350000000001,4,52,13.966317264367909,12.580025483286443,0,Corporate Buyers
c1114,individual,cheryl,wood,1992-02-04,f,usa,california,home,3,0,website,3,872825.73,290941.91,1072.7266666666667,3,34,13.679492338604915,12.580882341339713,0,Corporate Buyers
c1115,individual,joseph,bell,1973-10-24,m,usa,colorado,home,3,1,agency,3,1054599.19,351533.0633333333,1108.9966666666667,3,52,13.868672286241585,12.770061894024968,1,First-Time Buyers
c1116,individual,angela,freeman,1991-12-17,f,usa,california,home,1,1,agency,3,766951.9500000001,255650.65000000002,879.3433333333332,3,34,13.550180735573447,12.451571054623832,0,Corporate Buyers
c1117,individual,rebecca,patterson,1955-02-23,f,mexico,mexico city,home,5,1,website,4,1149629.49,287407.3725,1047.99,4,71,13.954951135663858,12.568659384074692,1,First-Time Buyers
c1118,company,caldera,co,1969-04-26,m,uk,scotland,investment,2,1,website,3,859368.99,286456.33,983.3166666666666,3,57,13.663954830001899,12.565344868617375,0,Corporate Buyers
c1119,individual,larry,green,1941-03-14,m,usa,oregon,home,1,1,website,3,938703.6599999999,312901.22,949.9033333333333,3,85,13.752256182625107,12.653646024550309,0,Corporate Buyers
c1120,individual,kathleen,carter,1979-07-16,f,usa,arizona,home,1,0,website,4,1371211.29,342802.8225,1123.6174999999998,4,47,14.131205789737644,12.744913616460394,3,Global Investors
c1121,individual,carolyn,gray,1985-06-02,f,usa,california,home,1,0,client,3,1014661.78,338220.5933333333,1124.5,3,41,13.830066878802064,12.731456561230234,0,Corporate Buyers
c1122,individual,judith,evans,1942-10-04,f,usa,california,home,4,0,website,4,1558949.2,389737.3,1208.8775,4,84,14.259523203976148,12.873230767226332,1,First-Time Buyers
c1123,individual,robert,pierce,1951-03-11,m,usa,virginia,home,5,0,agency,3,1241771.44,413923.8133333333,1283.7066666666667,3,75,14.032050304076698,12.933439626008346,1,First-Time Buyers
c1124,individual,sharon,murray,1976-02-04,f,usa,oregon,investment,5,1,website,4,1272190.01,318047.5025,1040.8899999999999,4,50,14.056251176702895,12.66995917371668,1,First-Time Buyers
c1125,individual,ronald,price,1941-02-03,m,usa,oregon,home,3,0,agency,3,1186907.08,395635.69333333336,1332.34,3,85,13.986862231671607,12.888251628052531,3,Global Investors
c1126,company,elara,co,1983-02-16,m,usa,virginia,home,1,1,website,3,893488.2,297829.39999999997,1015.9399999999999,3,43,13.702889526211422,12.604279475956224,0,Corporate Buyers
c1127,individual,ann,cooper,1943-06-15,f,uk,england,investment,1,0,website,3,838728.4,279576.13333333336,932.37,3,83,13.639643406608743,12.5410335024971,0,Corporate Buyers
c1128,individual,brian,montgomery,1983-12-05,m,usa,california,investment,1,0,website,3,1186634.53,395544.8433333333,1330.8533333333332,3,42,13.986632575051816,12.888021971819768,3,Global Investors
c1129,individual,martha,hansen,1945-09-03,f,usa,colorado,investment,5,0,agency,4,1463125.26,365781.315,1219.4375,4,81,14.196085978397381,12.809793667679433,1,First-Time Buyers
c1130,individual,tiffany,parker,1987-03-01,f,usa,arizona,home,5,0,website,4,1326217.01,331554.2525,1009.23,4,39,14.097841847978518,12.711549748927597,1,First-Time Buyers
c1131,individual,cheryl,kim,1984-05-28,f,usa,california,investment,3,0,website,3,1210500.79,403500.26333333337,1317.7333333333333,3,42,14.006545534086955,12.907934897624868,3,Global Investors
c1132,individual,terry,roberts,1982-01-21,m,usa,new york,home,2,1,website,3,1383901.27,461300.42333333334,1448.82,3,44,14.140417798504606,13.041806955024207,3,Global Investors
c1133,individual,jason,hansen,1993-01-21,m,usa,oregon,investment,3,0,website,4,1427019.92,356754.98,1210.7375000000002,4,33,14.171099556477653,12.784807297637277,1,First-Time Buyers
c1134,individual,dorothy,bennett,1943-10-10,f,usa,california,investment,1,0,website,4,1088583.78,272145.945,905.0375,4,83,13.900389043624164,12.514097438372186,0,Corporate Buyers
c1135,individual,melissa,phillips,1999-09-22,f,russia,moscow oblast,investment,5,1,client,3,1186082.75,395360.9166666667,1303.4733333333334,3,27,13.986167471560984,12.88755686911302,1,First-Time Buyers
c1136,individual,shirley,weaver,1965-04-27,f,usa,california,home,3,1,agency,3,1016844.64,338948.2133333333,1023.8800000000001,3,61,13.83221588376664,12.733605561963465,0,Corporate Buyers
c1137,individual,carol,price,1986-12-24,f,usa,nevada,home,4,1,agency,3,1114902.43,371634.1433333333,1140.1733333333334,3,39,13.924278349260033,12.825667854467657,1,First-Time Buyers
c1138,individual,george,green,1964-08-24,m,usa,oregon,home,1,0,website,3,840602.9199999999,280200.9733333333,952.0733333333334,3,62,13.641875864877992,12.543265955448872,0,Corporate Buyers
c1139,individual,tiffany,green,1996-03-03,f,usa,california,home,4,1,client,3,1297382.59,432460.86333333334,1439.256666666667,3,30,14.075860171307431,12.977249424202258,3,Global Investors
c1140,individual,billy,jackson,1976-07-01,m,usa,florida,home,1,1,website,3,1275809.71,425269.9033333333,1277.2733333333333,3,50,14.059092385487473,12.960481664448807,3,Global Investors
c1141,individual,kimberly,montgomery,2000-01-26,f,usa,arizona,investment,3,0,website,3,990242.33,330080.7766666667,1101.55,3,26,13.805705979788668,12.70709571082412,0,Corporate Buyers
c1142,individual,julia,hughes,1948-03-10,f,usa,colorado,home,2,1,agency,4,1492680.13,373170.0325,1222.37,4,78,14.216084477019352,12.829792125703783,3,Global Investors
c1143,individual,michael,garcia,1994-09-10,m,usa,arizona,home,2,1,website,3,1108329.67,369443.2233333333,1343.8166666666666,3,32,13.918365540393577,12.819755056239453,3,Global Investors
c1144,individual,diane,young,1978-11-10,f,usa,georgia,investment,4,0,client,4,1244666.12,311166.53,1027.0725,4,47,14.034378678636305,12.648086727796509,1,First-Time Buyers
c1145,individual,ethan,king,1993-04-04,m,usa,nevada,home,5,0,website,3,1118850.31,372950.10333333333,1267.4066666666668,3,33,13.927813100895797,12.829202599773714,1,First-Time Buyers
c1146,individual,richard,weaver,1991-03-14,m,usa,california,investment,2,0,website,3,1037824.43,345941.4766666667,1136.0866666666668,3,35,13.852638149373513,12.75402778780992,0,Corporate Buyers
c1147,individual,brittany,edwards,1978-02-09,f,usa,utah,home,3,0,website,3,905314.84,301771.61333333334,1010.5300000000001,3,48,13.716039156272794,12.617429076776007,0,Corporate Buyers
c1148,individual,joshua,rogers,1991-07-15,m,australia,new south wales,home,1,1,agency,3,1083677.57,361225.8566666667,1221.3833333333334,3,35,13.895871894870124,12.797261451766014,3,Global Investors
c1149,individual,kimberly,thomas,1980-03-06,f,russia,tatarstan,home,3,0,agency,4,1277449.99,319362.4975,1053.27,4,46,14.060377236331908,12.674085223635949,1,First-Time Buyers
c1150,individual,tiffany,cook,1992-11-08,f,usa,nevada,investment,4,0,agency,3,1476970.3,492323.43333333335,1550.1266666666668,3,33,14.205504130045107,13.106893195498532,3,Global Investors
c1151,individual,tyler,anderson,1963-12-14,m,usa,arizona,investment,2,0,website,4,1760000.3399999999,440000.08499999996,1350.2175,4,62,14.380825128377682,12.994532471800495,3,Global Investors
c1152,individual,jason,williams,1977-09-16,m,usa,georgia,home,1,0,website,4,1654928.32,413732.08,1374.585,4,49,14.319268858932691,12.932976310577398,3,Global Investors
c1153,individual,scott,sanders,1991-09-14,m,usa,california,home,1,0,website,3,1007630.0,335876.6666666667,1170.3533333333332,3,35,13.823112589164378,12.72450228534788,0,Corporate Buyers
c1154,individual,jerry,brown,1956-07-12,m,usa,utah,home,5,1,agency,4,1373889.96,343472.49,1135.325,4,70,14.13315738908109,12.746865211538218,1,First-Time Buyers
c1155,individual,william,young,1977-03-03,m,usa,california,home,5,0,website,3,1577625.0,525875.0,1679.1066666666666,3,49,14.271431743424925,13.172820722483598,3,Global Investors
c1156,individual,dorothy,kim,1956-05-16,f,usa,virginia,home,4,0,agency,3,859956.66,286652.22000000003,1008.13,3,70,13.664638434459588,12.56602847148467,0,Corporate Buyers
c1157,individual,kenneth,davis,1944-11-02,m,canada,alberta,investment,2,0,website,4,894080.38,223520.095,716.4525,4,81,13.70355207909553,12.317261073369268,0,Corporate Buyers
c1158,individual,joan,pierce,1955-05-19,f,usa,california,investment,2,0,website,3,941360.29,313786.76333333337,972.0533333333333,3,71,13.755082287494652,12.65647212340708,0,Corporate Buyers
c1159,individual,gerald,howard,1940-03-24,m,usa,nevada,investment,1,1,website,3,1170550.92,390183.63999999996,1175.6833333333334,3,86,13.9729859220417,12.87437534196785,3,Global Investors
c1160,individual,walter,griffin,1980-11-21,m,usa,florida,home,2,1,website,4,1359425.8599999999,339856.46499999997,1101.9875,4,45,14.122573742416556,12.736281588106591,1,First-Time Buyers
c1161,individual,stephen,white,1994-02-12,m,canada,alberta,investment,3,1,website,4,2022416.31,505604.0775,1486.3274999999999,4,32,14.519804042035704,13.133511164288093,3,Global Investors
c1162,individual,charles,nelson,1962-01-25,m,usa,california,investment,2,0,website,4,1116223.63,279055.9075,872.6800000000001,4,64,13.925462683031025,12.539171009538595,0,Corporate Buyers
c1163,individual,noah,morales,1998-10-26,m,usa,california,home,3,1,website,4,1202709.18,300677.295,1059.8375,4,27,14.00008805155157,12.613796184795083,1,First-Time Buyers
c1164,individual,emma,watson,1968-04-11,f,belgium,wallonia,home,3,1,agency,4,1315287.03,328821.7575,1169.615,4,58,14.089566233830041,12.703274153576782,1,First-Time Buyers
c1165,individual,victoria,alexander,1994-09-26,f,russia,moscow oblast,home,1,0,website,3,970705.3999999999,323568.4666666666,1079.9266666666665,3,32,13.785779332858763,12.68716910454375,0,Corporate Buyers
c1166,individual,scott,hall,1991-11-15,m,usa,new york,investment,1,0,website,4,1163601.79,290900.4475,939.4875,4,34,13.967031603331488,12.580739820407661,0,Corporate Buyers
c1167,individual,kevin,alexander,1967-12-20,m,uk,scotland,home,3,0,website,3,1163104.83,387701.61000000004,1193.7733333333333,3,58,13.966604424781252,12.867993855645647,3,Global Investors
c1168,individual,brittany,reyes,1998-12-25,f,germany,hamburg,home,2,1,agency,4,1081069.19,270267.2975,901.245,4,27,13.89346202513324,12.507170439037456,0,Corporate Buyers
c1169,individual,noah,bryant,1994-01-05,m,russia,saint petersburg,home,5,1,agency,4,900300.22,225075.055,832.615,4,32,13.710484675199504,12.324193646292139,0,Corporate Buyers
c1170,individual,amanda,collins,1990-02-09,f,usa,nevada,home,1,1,website,4,1165955.62,291488.905,1009.9325,4,36,13.969052441083846,12.582760652955171,0,Corporate Buyers
c1171,individual,anna,patterson,1984-08-21,f,usa,california,investment,4,1,website,4,1561809.25,390452.3125,1276.9875,4,42,14.261356123129373,12.875063682855577,1,First-Time Buyers
c1172,individual,victoria,freeman,1942-11-05,f,usa,nevada,home,5,0,website,4,1240274.79,310068.6975,990.4475,4,83,14.030844324141817,12.644552381835869,1,First-Time Buyers
c1173,individual,cheryl,price,1984-11-02,f,canada,manitoba,investment,1,0,website,4,1261072.17,315268.0425,1014.9825,4,41,14.047473638640335,12.66118165644381,0,Corporate Buyers
c1174,individual,kenneth,white,1982-07-06,m,usa,nevada,home,2,0,agency,4,1414798.99,353699.7475,1244.8049999999998,4,44,14.162498729245327,12.776206488564254,3,Global Investors
c1175,individual,evelyn,long,1959-09-27,f,usa,california,home,2,0,website,4,1766232.62,441558.155,1449.3775,4,67,14.384359939052521,12.998067276460741,3,Global Investors
c1176,individual,lauren,baker,1975-06-03,f,usa,california,investment,4,1,agency,3,1003328.89,334442.9633333333,1170.3533333333332,3,51,13.818834916157373,12.720224620849597,1,First-Time Buyers
c1177,individual,larry,sanders,1998-09-05,m,usa,california,investment,2,0,agency,4,1047224.2699999999,261806.06749999998,816.1600000000001,4,28,13.861654624302721,12.475363127891876,0,Corporate Buyers
c1178,individual,jessica,richardson,1950-07-16,f,usa,california,home,1,0,agency,3,744651.07,248217.02333333332,801.46,3,76,13.5206723681396,12.422062765285974,0,Corporate Buyers
c1179,individual,melissa,anderson,1991-02-09,f,usa,california,home,4,0,agency,3,848152.02,282717.34,1045.8666666666668,3,35,13.650816346608446,12.552206416002614,0,Corporate Buyers
c1180,individual,deborah,miller,1995-07-11,f,belgium,brussels,home,2,1,website,4,1111089.24,277772.31,1050.5725,4,31,13.920852289445678,12.53456062837286,0,Corporate Buyers
c1181,individual,judith,hansen,1956-03-23,f,usa,nevada,investment,5,0,website,3,743723.3099999999,247907.77,939.3299999999999,3,70,13.519425694068946,12.420816094565737,0,Corporate Buyers
c1182,individual,christopher,murray,1961-03-11,m,germany,bavaria,investment,3,1,website,4,1522183.38,380545.845,1269.065,4,65,14.235656953299108,12.84936456302919,3,Global Investors
c1183,individual,carl,rogers,1993-11-14,m,usa,arizona,investment,1,0,website,4,1364593.88,341148.47,1088.3825,4,32,14.126368151341179,12.740075988673551,3,Global Investors
c1184,individual,david,nelson,1953-04-14,m,france,ile de france,home,2,0,website,3,500255.63,166751.87666666668,624.2366666666667,3,73,13.122876505731467,12.02426821500338,0,Corporate Buyers
c1185,individual,ronald,peterson,2000-06-27,m,usa,california,home,3,0,website,4,1218570.99,304642.7475,1029.9125,4,26,14.013190231139289,12.626898331914413,1,First-Time Buyers
c1186,individual,victoria,bennett,1978-06-27,f,usa,nevada,home,3,1,website,3,1141153.96,380384.6533333333,1221.6766666666665,3,48,13.947551430315151,12.848940894255861,1,First-Time Buyers
c1187,individual,melissa,pierce,1962-03-18,f,usa,nevada,home,4,0,website,3,1097539.23,365846.41,1092.5066666666667,3,64,13.908582079296094,12.80997161288299,1,First-Time Buyers
c1188,individual,matthew,white,1995-11-01,m,canada,alberta,home,1,0,client,4,1437535.25,359383.8125,1190.4075,4,30,14.178441268726994,12.792148994508821,3,Global Investors
c1189,individual,peter,alexander,1963-01-22,m,usa,florida,home,2,1,client,4,1180295.09,295073.7725,989.2175,4,63,13.981275888694567,12.594984069306546,0,Corporate Buyers
c1190,individual,sandra,baker,1946-08-04,f,usa,texas,home,4,0,client,4,1358669.02,339667.255,1115.61,4,80,14.122016852759584,12.73572469967891,1,First-Time Buyers
c1191,individual,mary,cox,1950-04-17,f,usa,california,investment,3,0,website,3,1095538.81,365179.60333333333,1357.1933333333334,3,76,13.906757776928364,12.808147313842635,3,Global Investors
c1192,individual,adam,jones,2000-01-05,m,usa,florida,home,5,0,website,4,1111237.94,277809.485,941.135,4,26,13.920986113004817,12.534694451570694,1,First-Time Buyers
c1193,individual,amy,owens,1975-04-20,f,uk,england,home,1,0,website,4,946796.24,236699.06,716.4525,4,51,13.760840241535334,12.374549048987468,0,Corporate Buyers
c1194,individual,melissa,brooks,1943-06-17,f,usa,colorado,home,1,0,website,3,1084957.53,361652.51,1263.8633333333335,3,83,13.897052323028092,12.798441877746711,3,Global Investors
c1195,individual,anna,pierce,1990-06-07,f,usa,california,home,4,1,agency,4,1118238.91,279559.7275,910.925,4,36,13.927266498227336,12.5409748198913,1,First-Time Buyers
c1196,individual,william,freeman,1955-09-03,m,usa,nevada,home,2,0,agency,4,1731153.76,432788.44,1356.32,4,71,14.364299235130186,12.978006606956114,3,Global Investors
c1197,individual,deborah,roberts,1959-04-10,f,usa,arizona,home,4,0,website,3,1439595.57,479865.19,1471.4466666666667,3,67,14.179873472577896,13.081262573186928,3,Global Investors
c1198,individual,lisa,young,1960-01-21,f,usa,new york,home,1,0,agency,3,1415391.5899999999,471797.1966666666,1493.243333333333,3,66,14.162917499340935,13.064306623707344,3,Global Investors
c1199,individual,justin,campbell,1943-03-03,m,usa,colorado,home,2,0,website,4,1013002.89,253250.7225,910.2925,4,83,13.82843062330242,12.442139223667267,0,Corporate Buyers
c1200,individual,henry,taylor,1969-11-03,m,usa,utah,home,4,0,agency,4,1789601.3299999998,447400.33249999996,1422.9925,4,56,14.397503991124129,13.011211306352909,3,Global Investors
c1201,individual,timothy,stewart,2000-03-22,m,usa,oregon,investment,1,1,website,4,1063833.91,265958.4775,896.2525,4,26,13.877390777070767,12.491099235933321,0,Corporate Buyers
c1202,company,telnox,co,1985-05-09,m,canada,quebec,investment,5,1,website,4,1527115.1600000001,381778.79000000004,1263.775,4,41,14.238891652034454,12.852599255399737,1,First-Time Buyers
c1203,individual,ashley,green,1962-01-18,f,usa,arizona,home,2,1,website,3,1083378.55,361126.18333333335,1329.57,3,64,13.895595926266294,12.79698548367157,3,Global Investors
c1204,individual,william,reed,1992-04-03,m,mexico,puebla,investment,2,1,website,3,1231356.24,410452.08,1280.28,3,34,14.02362756615274,12.925016901707327,3,Global Investors
c1205,individual,patrick,pierce,1959-05-15,m,belgium,flanders,home,4,0,website,3,968123.38,322707.79333333333,1076.69,3,67,13.783115849739895,12.68450562691991,1,First-Time Buyers
c1206,individual,melissa,baker,1957-12-09,f,usa,california,investment,5,0,website,3,941726.19,313908.73,1140.3999999999999,3,68,13.755470904395548,12.656860739482488,1,First-Time Buyers
c1207,individual,lauren,price,1973-10-24,f,usa,texas,home,5,1,agency,4,1084392.98,271098.245,1010.095,4,52,13.896531845134211,12.510240250532677,1,First-Time Buyers
c1208,individual,noah,ward,1977-11-27,m,usa,colorado,home,1,0,website,3,1277019.82,425673.2733333334,1477.03,3,48,14.060040438718888,12.961429716194731,3,Global Investors
c1209,individual,tiffany,kim,1978-07-01,f,usa,california,home,4,1,website,4,1201633.01,300408.2525,1123.3175,4,48,13.999192863519555,12.61290099899699,1,First-Time Buyers
c1210,individual,dennis,cox,1991-06-04,m,usa,california,investment,1,0,website,4,1146800.83,286700.2075,897.47,4,35,13.95248760873476,12.56619586358216,0,Corporate Buyers
c1211,individual,kathleen,owens,1996-07-10,f,canada,british columbia,home,5,1,website,4,1447927.02,361981.755,1167.105,4,30,14.185644140747467,12.79935185155163,1,First-Time Buyers
c1212,individual,lawrence,gray,1957-07-11,m,usa,california,home,1,0,agency,4,1052290.76,263072.69,904.0100000000001,4,69,13.866480972231649,12.48018946202805,0,Corporate Buyers
c1213,individual,ruth,martin,1993-08-06,f,canada,manitoba,home,5,0,website,3,829461.56,276487.1866666667,899.9899999999999,3,33,13.628533251970124,12.529923374498956,0,Corporate Buyers
c1214,individual,jennifer,peterson,2000-08-10,f,usa,florida,home,1,0,agency,4,1725018.4100000001,431254.60250000004,1446.1125,4,26,14.360748860558205,12.974456238547669,3,Global Investors
c1215,individual,charles,patterson,1994-07-24,m,usa,california,home,3,0,website,3,1140423.3800000001,380141.1266666667,1104.51,3,32,13.946911014255836,12.848300479319303,1,First-Time Buyers
c1216,individual,martha,jordan,1997-07-10,f,france,normandy,home,4,0,website,3,1191384.37,397128.12333333335,1464.8466666666666,3,29,13.990627364430352,12.89201675447878,3,Global Investors
c1217,individual,william,carter,1997-01-05,m,usa,california,investment,4,1,website,3,1007204.78,335734.9266666667,1186.4366666666667,3,29,13.822690500377302,12.724080197398765,1,First-Time Buyers
c1218,individual,teresa,smith,1941-12-28,f,usa,california,home,1,1,website,4,1308613.5699999998,327153.39249999996,1121.525,4,84,14.084479555392168,12.698187486770488,0,Corporate Buyers
c1219,individual,danielle,howard,1983-12-06,f,usa,arizona,home,1,1,website,3,867409.27,289136.42333333334,1074.6233333333332,3,42,13.673267350294864,12.574657367338093,0,Corporate Buyers
c1220,individual,christina,martin,1967-09-08,f,usa,colorado,investment,4,1,website,4,1471199.75,367799.9375,1254.045,4,59,14.201589462060047,12.81529714008875,1,First-Time Buyers
c1221,individual,cynthia,thomas,1984-05-23,f,usa,nevada,investment,2,0,agency,3,1354868.93,451622.9766666666,1565.3233333333335,3,42,14.119216015068426,13.020605202555688,3,Global Investors
c1222,individual,christopher,taylor,1969-01-07,m,usa,utah,home,4,0,website,3,1319349.8599999999,439783.2866666666,1362.3833333333334,3,57,14.092650400875415,12.994039628103149,3,Global Investors
c1223,individual,sharon,stone,1952-09-17,f,usa,washington,home,4,0,website,3,1072582.78,357527.5933333333,1369.7300000000002,3,74,13.885581043283487,12.786970619269843,1,First-Time Buyers
c1224,individual,paul,carter,1942-06-13,m,usa,new york,investment,5,1,client,3,827238.27,275746.09,964.2666666666665,3,84,13.625849255013732,12.527239384022893,0,Corporate Buyers
c1225,individual,larry,james,1990-11-10,m,usa,oregon,home,2,0,website,3,1122587.7,374195.89999999997,1168.3366666666668,3,35,13.931147915521171,12.832537408447886,3,Global Investors
c1226,individual,michael,sanders,1989-05-01,m,usa,utah,home,4,0,website,3,972596.1300000001,324198.71,1082.8966666666668,3,37,13.787725226094086,12.689114993773751,1,First-Time Buyers
c1227,individual,alexander,reyes,1987-03-13,m,usa,colorado,home,3,1,agency,4,2151534.73,537883.6825,1676.3825,4,39,14.581692438141255,13.195399471373253,3,Global Investors
c1228,individual,joseph,howard,1954-07-07,m,usa,california,home,2,0,website,3,1058718.77,352906.25666666665,1124.5,3,72,13.872570972002398,12.773960572406514,0,Corporate Buyers
c1229,individual,madison,reyes,1994-11-02,f,uk,scotland,home,1,1,website,3,1185126.78,395042.26,1303.4733333333334,3,31,13.985361157961629,12.886750556873833,3,Global Investors
c1230,individual,lawrence,parker,1985-02-18,m,usa,california,home,5,0,client,3,759973.15,253324.38333333333,801.46,3,41,13.54103969852616,12.442430041523044,0,Corporate Buyers
c1231,individual,betty,carter,1954-12-09,f,usa,california,home,2,0,agency,3,859705.1699999999,286568.38999999996,922.6666666666666,3,71,13.664345947058964,12.565735984764379,0,Corporate Buyers
c1232,individual,mary,jackson,1989-09-23,f,canada,british columbia,home,3,0,website,4,1527373.03,381843.2575,1173.8125,4,37,14.239060498542102,12.852768101575716,3,Global Investors
c1233,individual,brian,scott,1979-08-05,m,usa,utah,home,4,0,website,3,936287.8,312095.93333333335,1078.7866666666666,3,47,13.749679254877437,12.651069102300097,1,First-Time Buyers
c1234,individual,karen,king,1957-01-20,f,usa,colorado,investment,1,0,website,4,1463190.28,365797.57,1278.045,4,69,14.196130416500303,12.80983810569124,3,Global Investors
c1235,individual,michael,morales,1957-05-27,m,usa,arizona,home,2,0,website,4,1271344.1099999999,317836.02749999997,1025.3225,4,69,14.05558603967218,12.669294038254968,0,Corporate Buyers
c1236,individual,brandon,cook,1972-08-24,m,usa,arizona,home,4,1,website,4,1747766.02,436941.505,1415.4825,4,54,14.373849542561688,12.987556897916242,3,Global Investors
c1237,individual,helen,cook,1943-09-25,f,uk,wales,investment,4,1,website,3,688233.74,229411.24666666667,775.5666666666666,3,83,13.441885250583239,12.343275867896153,0,Corporate Buyers
c1238,individual,joshua,bennett,1946-04-22,m,usa,nevada,home,1,1,agency,4,1648873.57,412218.3925,1343.6575,4,80,14.31560353436732,12.929310992668581,3,Global Investors
c1239,individual,catherine,adams,1953-02-07,f,usa,oregon,home,3,0,agency,4,1457041.08,364260.27,1114.2125,4,73,14.191918966023156,12.805626663867073,1,First-Time Buyers
c1240,individual,gloria,wright,1984-11-12,f,usa,nevada,investment,4,1,website,3,1018594.4400000001,339531.48000000004,1104.51,3,41,13.83393521668985,12.735324891507888,1,First-Time Buyers
c1241,individual,danielle,martin,1973-08-19,f,usa,california,home,1,0,agency,4,1157084.5899999999,289271.14749999996,948.835,4,53,13.96141497923922,12.575123210836875,0,Corporate Buyers
c1242,individual,gerald,collins,1961-09-22,m,usa,california,home,3,1,website,3,1055842.78,351947.5933333333,1138.4233333333334,3,65,13.869850796698731,12.771240402248445,1,First-Time Buyers
c1243,individual,jeffrey,edwards,1948-10-04,m,usa,colorado,home,1,0,website,4,1419502.04,354875.51,1246.6175,4,78,14.165817396492024,12.779525148785593,3,Global Investors
c1244,individual,joseph,phillips,1992-06-10,m,usa,utah,investment,5,1,website,3,1438309.93,479436.6433333333,1513.17,3,34,14.17898001781222,13.080369119663064,3,Global Investors
c1245,individual,edward,reyes,1963-02-10,m,usa,california,home,3,1,agency,3,1422519.51,474173.17,1529.4633333333334,3,63,14.16794086315636,13.069329980442387,3,Global Investors
c1246,individual,joyce,jackson,1943-05-10,f,canada,alberta,home,2,0,agency,3,859984.47,286661.49,980.8699999999999,3,83,13.664670772738125,12.566060809687999,0,Corporate Buyers
c1247,individual,judy,moore,1957-04-09,f,usa,nevada,investment,2,0,website,4,1774416.3199999998,443604.07999999996,1489.73,4,69,14.388982656576589,13.002689986151118,3,Global Investors
c1248,individual,sara,scott,1976-07-04,f,usa,arizona,home,3,0,agency,3,786895.89,262298.63,899.62,3,50,13.575852502297701,12.47724275525542,0,Corporate Buyers
c1249,individual,janet,james,1971-07-14,f,usa,california,investment,1,0,website,4,1289938.6400000001,322484.66000000003,1146.0149999999999,4,55,14.070105984545462,12.683813949113082,0,Corporate Buyers
c1250,individual,jordan,stewart,1950-04-19,m,usa,nevada,home,5,0,agency,3,1582661.61,527553.87,1674.54,3,76,14.274619182855803,13.176008157880108,3,Global Investors
c1251,individual,aaron,thompson,1975-11-01,m,usa,texas,investment,5,0,website,4,1246714.37,311678.5925,967.0,4,50,14.036022946804435,12.649730992004754,1,First-Time Buyers
c1252,individual,margaret,cook,1962-02-27,f,usa,arizona,home,3,1,website,3,1137673.55,379224.51666666666,1221.6766666666665,3,64,13.944496868584363,12.845886337886704,1,First-Time Buyers
c1253,individual,jason,flores,1991-09-24,m,usa,california,home,2,0,agency,3,767162.2200000001,255720.74000000002,814.3533333333334,3,35,13.550454860839093,12.451845179174736,0,Corporate Buyers
c1254,individual,ethan,freeman,1956-04-04,m,usa,california,home,5,1,agency,4,1604050.8800000001,401012.72000000003,1279.9,4,70,14.288043411025187,12.901750920167245,1,First-Time Buyers
c1255,individual,mark,patterson,1999-09-15,m,usa,california,home,3,0,agency,4,1105130.19,276282.5475,942.035,4,27,13.915474609868756,12.52918296335502,0,Corporate Buyers
c1256,company,triton,co,1972-02-18,f,usa,california,investment,4,0,agency,3,1227293.02,409097.67333333334,1357.1933333333334,3,54,14.020322320089415,12.921711661021334,3,Global Investors
c1257,individual,michael,scott,1991-12-22,m,usa,california,home,5,1,agency,3,850550.13,283516.71,893.3766666666667,3,34,13.65363980658896,12.55502986933463,0,Corporate Buyers
c1258,individual,betty,stone,1969-06-22,f,usa,nevada,home,1,0,website,4,1015636.19,253909.0475,821.355,4,57,13.83102674688975,12.444735339576196,0,Corporate Buyers
c1259,individual,william,edwards,1971-02-19,m,usa,california,investment,3,1,agency,4,1256766.51,314191.6275,1004.1575,4,55,14.044053514220842,12.657761540174452,1,First-Time Buyers
c1260,individual,elizabeth,ward,1992-08-24,f,usa,california,home,2,0,agency,4,1633449.34,408362.335,1423.1725,4,34,14.30620510858165,12.9199125840632,3,Global Investors
c1261,individual,patrick,kim,1976-09-03,m,usa,utah,home,3,0,client,3,1491163.72,497054.5733333333,1504.28,3,50,14.215068063835307,13.116457116399745,3,Global Investors
c1262,individual,dorothy,evans,1950-11-10,f,usa,california,investment,4,0,agency,3,961425.37,320475.12333333335,1077.3233333333335,3,75,13.776173262815576,12.677563054387807,1,First-Time Buyers
c1263,individual,lawrence,alexander,1951-11-17,m,usa,california,investment,3,0,agency,4,1975384.2000000002,493846.05000000005,1602.67,4,74,14.49627397527461,13.109981132844705,3,Global Investors
c1264,individual,sarah,garcia,1999-12-06,f,usa,california,investment,1,0,agency,3,1287173.46,429057.82,1452.2633333333333,3,26,14.067960032946996,12.969349298068607,3,Global Investors
c1265,individual,gary,white,1943-03-24,m,usa,washington,home,1,1,agency,3,1070432.96,356810.98666666663,1325.71,3,83,13.883574694310227,12.784964274041483,3,Global Investors
c1266,individual,christopher,hughes,1952-06-20,m,uk,england,home,2,0,website,4,1204291.73,301072.9325,1101.9875,4,74,14.001403006528532,12.61511113649423,0,Corporate Buyers
c1267,individual,dorothy,peterson,1965-04-07,f,usa,colorado,home,3,1,website,3,1399933.8800000001,466644.6266666667,1529.4633333333334,3,61,14.15193627921795,13.0533254191867,3,Global Investors
c1268,individual,gloria,green,1995-10-01,f,uk,northern ireland,investment,1,1,website,3,968928.25,322976.0833333333,1003.3133333333334,3,31,13.783946874791402,12.685336650255358,0,Corporate Buyers
c1269,individual,jack,bennett,1964-09-28,m,usa,california,home,5,0,website,3,1046535.0,348845.0,1169.0466666666669,3,62,13.860996220658738,12.762385843055407,1,First-Time Buyers
c1270,individual,cheryl,ward,1978-10-18,f,usa,texas,home,4,0,agency,3,1310435.53,436811.8433333333,1465.92,3,48,14.085870868676514,12.987260106216219,3,Global Investors
c1271,individual,noah,anderson,1992-09-10,m,usa,california,home,2,1,agency,4,1296911.85,324227.9625,1040.5175,4,34,14.075497267517479,12.689205219580414,1,First-Time Buyers
c1272,individual,ryan,collins,1941-05-13,m,france,occitanie,home,1,1,website,3,778830.7999999999,259610.26666666663,899.62,3,85,13.565550383695882,12.466940662973037,0,Corporate Buyers
c1273,individual,gerald,jordan,1968-05-13,m,canada,alberta,home,5,0,website,3,1462080.32,487360.1066666667,1592.1233333333332,3,58,14.19537154018001,13.096760619423936,3,Global Investors
c1274,individual,linda,jones,1979-07-09,f,usa,california,investment,1,1,website,3,1038831.8500000001,346277.2833333334,1193.7733333333333,3,47,13.853608381297303,12.754998017864878,0,Corporate Buyers
c1275,individual,jessica,roberts,1969-02-26,f,usa,georgia,investment,1,0,website,4,1737593.0,434398.25,1312.8225,4,57,14.368011955677117,12.981719321081036,3,Global Investors
c1276,individual,arthur,griffin,1940-03-09,m,australia,victoria,home,1,1,agency,3,1635917.97,545305.99,1754.9366666666667,3,86,14.307715265578357,13.20910419946394,3,Global Investors
c1277,individual,lauren,griffin,1981-04-01,f,usa,california,investment,2,0,agency,3,1270250.68,423416.8933333333,1267.4066666666668,3,45,14.0547256120294,12.956114897851178,3,Global Investors
c1278,individual,arthur,griffin,1997-07-25,m,usa,utah,home,4,0,website,3,685587.81,228529.27000000002,791.0400000000001,3,29,13.438033324662266,12.339423953190373,0,Corporate Buyers
c1279,individual,peter,martin,1943-10-12,m,usa,california,home,4,1,website,3,1278123.59,426041.1966666667,1366.5633333333335,3,83,14.060904397430857,12.9622936735542,3,Global Investors
c1280,individual,jacob,bennett,1953-09-19,m,usa,texas,home,2,1,website,3,1295836.68,431945.56,1445.2933333333333,3,73,14.074667901136728,12.97605715587061,3,Global Investors
c1281,individual,deborah,edwards,1998-06-12,f,canada,manitoba,investment,2,1,website,3,889312.14,296437.38,899.9899999999999,3,28,13.698204690944827,12.599594651200816,0,Corporate Buyers
c1282,individual,ashley,taylor,1996-05-18,f,usa,colorado,investment,3,1,agency,4,1302998.6,325749.65,1155.47,4,30,14.080179549123052,12.693887490380343,1,First-Time Buyers
c1283,individual,janice,collins,1945-11-08,f,usa,new york,home,3,0,agency,4,1479050.94,369762.735,1185.59,4,80,14.206911859399494,12.820619526603881,1,First-Time Buyers
c1284,individual,patrick,bennett,1955-10-16,m,usa,california,home,2,0,website,4,1443865.51,360966.3775,1111.6475,4,71,14.182835149563305,12.79654286619566,3,Global Investors
c1285,individual,steven,cox,1954-03-02,m,usa,utah,home,4,1,website,3,1609592.58,536530.86,1680.5266666666666,3,72,14.291492270311014,13.19288122419182,3,Global Investors
c1286,individual,stephen,evans,1963-07-10,m,usa,california,home,5,0,agency,3,1203306.91,401102.3033333333,1192.5933333333332,3,63,14.000584913993944,12.90197428740943,1,First-Time Buyers
c1287,individual,diane,hughes,1998-04-07,f,usa,california,investment,4,0,website,3,843581.37,281193.79,901.6266666666667,3,28,13.64541282883827,12.546802911008742,0,Corporate Buyers
c1288,individual,sean,cooper,1941-01-20,m,belgium,wallonia,home,3,0,agency,3,971136.6900000001,323712.23000000004,1155.4633333333334,3,85,13.786223539486176,12.687613310256149,0,Corporate Buyers
c1289,individual,samuel,freeman,1973-07-26,m,mexico,jalisco,investment,1,1,agency,4,1076161.8599999999,269040.46499999997,854.58,4,53,13.888912365127894,12.502620791686272,0,Corporate Buyers
c1290,individual,teresa,long,1973-10-24,f,usa,washington,home,3,1,website,4,1332432.9100000001,333108.22750000004,1195.1875,4,52,14.102517835293028,12.716225725689405,1,First-Time Buyers
c1291,individual,paul,johnson,1983-11-09,m,usa,california,investment,5,1,website,3,1123403.46,374467.82,1240.6066666666666,3,42,13.931874329163385,12.833263820796397,1,First-Time Buyers
c1292,individual,jordan,evans,1977-05-22,m,usa,texas,investment,5,1,website,4,1099365.94,274841.485,1000.415,4,49,13.910245063008768,12.523953430728355,1,First-Time Buyers
c1293,individual,anna,wright,1972-08-01,f,usa,california,home,1,0,agency,4,1853570.08,463392.52,1552.15,4,54,14.432624649906945,13.04633190728316,3,Global Investors
c1294,individual,henry,davis,1963-02-09,m,canada,ontario,investment,3,1,agency,3,1220533.28,406844.4266666667,1371.6133333333335,3,63,14.014799255270376,12.916188605227575,3,Global Investors
c1295,individual,anna,bryant,1992-04-21,f,usa,california,investment,1,1,website,4,1478836.57,369709.1425,1202.2649999999999,4,34,14.206766911456272,12.820474578954682,3,Global Investors
c1296,individual,keith,hughes,1963-06-02,m,usa,virginia,home,1,0,website,3,1025127.71,341709.23666666663,1089.46,3,63,13.840328733403009,12.741718395707522,0,Corporate Buyers
c1297,company,vertex,co,1983-09-06,m,germany,berlin,home,5,0,website,3,1169866.19,389955.39666666667,1267.4066666666668,3,43,13.972400787510358,12.873790208436558,1,First-Time Buyers
c1298,individual,margaret,taylor,1968-08-04,f,usa,california,home,2,0,agency,4,1571360.11,392840.0275,1276.8225,4,58,14.267452750785813,12.881160298836969,3,Global Investors
c1299,individual,karen,james,1944-05-05,f,usa,california,investment,3,0,website,3,1296600.42,432200.13999999996,1440.1933333333334,3,82,14.075257106894421,12.97664636071919,3,Global Investors
c1300,individual,judith,collins,1961-01-06,f,usa,california,home,2,0,website,3,1428770.88,476256.95999999996,1451.5366666666669,3,65,14.172325808059638,13.073714919194133,3,Global Investors
c1301,individual,benjamin,hayes,1955-12-17,m,usa,virginia,home,2,0,agency,3,742139.88,247379.96,851.8699999999999,3,70,13.517294369356506,12.418684775590886,0,Corporate Buyers
c1302,individual,jerry,anderson,1996-04-19,m,usa,arizona,investment,5,0,website,4,1709532.6,427383.15,1486.3274999999999,4,30,14.351731142738183,12.965438536481354,3,Global Investors
c1303,individual,christian,miller,1962-08-22,m,usa,arizona,home,3,1,website,3,979418.98,326472.99333333335,1106.3533333333332,3,64,13.79471581828732,12.69610557164204,0,Corporate Buyers
c1304,individual,angela,cook,1985-06-08,f,usa,california,investment,1,0,website,3,965747.81,321915.9366666667,1049.3799999999999,3,41,13.780659048324818,12.682048830586444,0,Corporate Buyers
c1305,individual,catherine,anderson,1978-09-17,f,usa,georgia,home,4,0,website,4,1034190.9,258547.725,853.07,4,48,13.849130906772801,12.462839446464306,0,Corporate Buyers
c1306,individual,kathleen,morales,1948-03-18,f,usa,washington,home,5,0,website,3,967094.76,322364.92,1090.7733333333333,3,78,13.782052797453897,12.683442576831181,1,First-Time Buyers
c1307,individual,rachel,rogers,1993-02-14,f,usa,colorado,home,5,0,agency,3,920439.02,306813.00666666665,1012.96,3,33,13.732607117293249,12.633997001496574,1,First-Time Buyers
c1308,individual,timothy,sanders,2000-03-04,m,usa,california,investment,5,0,agency,4,1363559.13,340889.7825,1042.1975,4,26,14.125609580038724,12.73931741903941,1,First-Time Buyers
c1309,individual,david,reyes,1999-12-06,m,usa,california,home,5,0,website,3,1460171.4100000001,486723.8033333334,1674.54,3,26,14.194065075753652,13.095454156785873,3,Global Investors
c1310,individual,ann,roberts,1955-05-04,f,usa,new york,home,5,0,agency,4,1244334.1400000001,311083.53500000003,1077.195,4,71,14.034111921142907,12.647819970946157,1,First-Time Buyers
c1311,individual,christopher,ward,1940-08-14,m,uk,england,home,4,1,client,3,1352275.6400000001,450758.5466666667,1330.2166666666667,3,86,14.117300130038789,13.018689320356904,3,Global Investors
c1312,individual,timothy,stone,1942-09-03,m,usa,new york,home,5,0,website,3,786877.06,262292.35333333333,801.46,3,84,13.575828572573823,12.477218825592361,0,Corporate Buyers
c1313,individual,heather,reed,1972-03-17,f,australia,western australia,investment,3,0,website,3,997579.61,332526.5366666667,1138.4233333333334,3,54,13.813088236511115,12.71447795269151,0,Corporate Buyers
c1314,individual,rachel,miller,1964-09-17,f,usa,arizona,home,3,0,website,3,803329.23,267776.41,1037.11,3,62,13.596521153720728,12.49791135468569,0,Corporate Buyers
c1315,individual,joshua,garcia,1948-12-24,m,usa,colorado,home,3,0,agency,3,1066308.48,355436.16,1136.21,3,77,13.879714160522878,12.781103747481087,1,First-Time Buyers
c1316,individual,emma,king,1993-05-09,f,usa,colorado,home,2,1,website,4,1238162.97,309540.7425,1052.8325,4,33,14.029140170952244,12.642848232771835,0,Corporate Buyers
c1317,company,atlas,co,1973-11-27,m,usa,utah,home,2,1,website,3,1315200.12,438400.04000000004,1460.493333333333,3,52,14.089500154865199,12.990889386875903,3,Global Investors
c1318,individual,william,montgomery,1943-01-18,m,usa,texas,home,1,0,website,4,1423923.98,355980.995,1169.615,4,83,14.168927686982013,12.78263543271247,3,Global Investors
c1319,individual,grace,james,1954-08-17,f,usa,florida,home,3,1,client,4,1424704.13,356176.0325,1227.645,4,72,14.169475423956895,12.78318316853367,1,First-Time Buyers
c1320,individual,peter,reyes,1969-05-03,m,usa,california,investment,1,0,website,3,1077693.04,359231.01333333337,1129.1766666666665,3,57,13.89033416827363,12.791723735418088,0,Corporate Buyers
c1321,individual,christopher,reed,1990-09-11,m,usa,colorado,investment,5,0,client,3,787847.37,262615.79,853.8133333333334,3,36,13.577060926466302,12.478451176354517,0,Corporate Buyers
c1322,individual,barbara,reyes,1994-12-26,f,usa,california,home,5,0,agency,3,1094026.3399999999,364675.4466666666,1255.1200000000001,3,31,13.90537625251103,12.806765791949127,1,First-Time Buyers
c1323,individual,nicholas,moore,1963-07-28,m,usa,utah,home,3,0,website,4,1180654.6,295163.65,975.4225,4,63,13.981580435377417,12.59528861521544,0,Corporate Buyers
c1324,individual,carl,edwards,1992-04-21,m,usa,arizona,investment,2,1,agency,3,1323306.51,441102.17,1471.6200000000001,3,34,14.095644849950961,12.997034072646215,3,Global Investors
c1325,individual,george,jones,1974-12-09,m,canada,alberta,home,5,1,agency,4,1380292.56,345073.14,1098.1675,4,51,14.137806759148392,12.751514571476836,1,First-Time Buyers
c1326,individual,brandon,mitchell,1944-05-22,m,usa,colorado,investment,4,0,website,4,1489578.01,372394.5025,1239.145,4,82,14.214004094374511,12.827711747244452,1,First-Time Buyers
c1327,individual,betty,carter,1993-05-14,f,usa,california,home,4,1,website,3,664017.81,221339.27000000002,775.5666666666666,3,33,13.406065756370586,12.307456479660809,0,Corporate Buyers
c1328,individual,sandra,cooper,1956-07-23,f,usa,washington,home,4,0,website,4,1337283.29,334320.8225,1173.8125,4,70,14.10615146624085,12.719859348470901,1,First-Time Buyers
c1329,individual,scott,parker,1968-04-28,m,usa,california,investment,3,1,agency,3,1041797.56,347265.85333333333,1127.1499999999999,3,58,13.856459162069198,12.75784879315617,1,First-Time Buyers
c1330,individual,kelly,james,1975-05-02,f,usa,colorado,investment,2,0,agency,4,835096.87,208774.2175,699.545,4,51,13.635304206545324,12.24901343781229,0,Corporate Buyers
c1331,individual,christina,bennett,1986-10-06,f,usa,california,investment,1,0,agency,3,1047958.11,349319.37,1113.29,3,40,13.862355125926362,12.763744745727841,0,Corporate Buyers
c1332,individual,michael,howard,1995-12-11,m,usa,washington,investment,5,1,agency,3,1227353.63,409117.87666666665,1350.4933333333333,3,30,14.020371703939125,12.92176104479057,1,First-Time Buyers
c1333,individual,jack,hansen,1988-03-27,m,usa,nevada,investment,2,1,website,4,1364310.45,341077.6125,1146.9925,4,38,14.126160427098025,12.739868264887116,1,First-Time Buyers
c1334,individual,victoria,nelson,1965-12-08,f,usa,california,home,5,1,agency,4,1906641.78,476660.445,1552.15,4,60,14.460854546637368,13.074561758962524,3,Global Investors
c1335,individual,elizabeth,hall,1982-05-01,f,usa,oregon,investment,2,1,website,3,1001510.5800000001,333836.86000000004,1070.1933333333334,3,44,13.81702099667718,12.718410704988479,0,Corporate Buyers
c1336,individual,joyce,thompson,1948-12-09,f,usa,california,home,5,0,client,4,1371591.4,342897.85,1182.3725,4,77,14.131482958581506,12.74519078469794,1,First-Time Buyers
c1337,individual,jennifer,johnson,1953-09-20,f,usa,california,investment,5,0,website,4,1310989.71,327747.4275,1073.905,4,73,14.086293676526985,12.700001603750211,1,First-Time Buyers
c1338,individual,christine,james,1968-12-01,f,usa,california,home,2,1,website,3,1096818.64,365606.2133333333,1169.0466666666669,3,57,13.90792531370741,12.809314848491493,3,Global Investors
c1339,company,rexon,co,1961-02-24,m,usa,nevada,home,4,1,website,4,1532340.63,383085.1575,1338.9,4,65,14.242307600506294,12.85601519717245,3,Global Investors
c1340,company,forsyte,co,1988-12-05,m,usa,colorado,home,5,0,website,4,1746049.93,436512.4825,1421.4650000000001,4,37,14.372867184486617,12.98657454152819,3,Global Investors
c1341,individual,julie,cox,1952-09-23,f,usa,colorado,home,5,1,website,3,756694.8300000001,252231.61000000002,952.2633333333333,3,74,13.536716641896978,12.438106996295312,0,Corporate Buyers
c1342,individual,maria,griffin,1964-02-21,f,usa,california,home,1,1,agency,3,922722.19,307574.0633333333,1003.3133333333334,3,62,13.73508456601337,12.636474444840186,0,Corporate Buyers
c1343,individual,megan,turner,1995-03-13,f,canada,ontario,home,5,0,agency,3,1005148.6399999999,335049.54666666663,1161.5433333333333,3,31,13.820646983913862,12.72203668499726,1,First-Time Buyers
c1344,individual,carl,phillips,1974-05-24,m,usa,florida,home,1,0,agency,4,1319490.92,329872.73,1139.4675,4,52,14.092757311375125,12.706465223855053,3,Global Investors
c1345,individual,mary,parker,1956-04-25,f,usa,texas,home,5,0,website,3,942467.41,314155.80333333334,1049.3066666666666,3,70,13.756257680501209,12.657647513917889,1,First-Time Buyers
c1346,company,triton,co,1987-03-18,f,usa,colorado,investment,4,0,agency,3,1037623.3900000001,345874.4633333334,1088.5866666666668,3,39,13.852444417876185,12.75383405668597,1,First-Time Buyers
c1347,individual,mark,james,1956-02-13,m,usa,washington,home,2,0,client,3,1001705.48,333901.82666666666,1090.9466666666667,3,70,13.817215583581627,12.718605291504378,0,Corporate Buyers
c1348,individual,peter,harris,1998-07-16,m,usa,oregon,home,4,1,client,3,1021309.9299999999,340436.6433333333,1186.05,3,28,13.836597585555335,12.737987255152806,1,First-Time Buyers
c1349,individual,joyce,johnson,1982-02-14,f,usa,virginia,investment,3,0,website,3,773186.34,257728.78,952.0733333333334,3,44,13.55827665266959,12.45966695069336,0,Corporate Buyers
c1350,individual,julia,king,1991-05-17,f,germany,hamburg,home,5,0,website,4,743296.88,185824.22,632.215,4,35,13.518852158563481,12.132561833502386,0,Corporate Buyers
c1351,individual,judith,long,1987-06-24,f,australia,south australia,home,2,0,client,4,1400457.41,350114.3525,1234.8075000000001,4,39,14.152310176704399,12.766017957737938,3,Global Investors
c1352,individual,benjamin,gray,1989-03-16,m,usa,california,home,2,1,agency,3,1535963.18,511987.7266666666,1635.6233333333332,3,37,14.244668872105331,13.146057885550073,3,Global Investors
c1353,individual,debra,jackson,1997-10-15,f,canada,alberta,home,1,0,agency,3,532598.24,177532.74666666667,564.01,3,28,13.185524525398877,12.086915991892425,0,Corporate Buyers
c1354,individual,patrick,johnson,1941-04-09,m,usa,florida,home,5,0,website,3,1545799.94,515266.64666666667,1685.2766666666666,3,85,14.251052741754089,13.152441746912794,3,Global Investors
c1355,individual,shirley,owens,1966-11-22,f,usa,california,investment,2,1,client,3,1245446.7799999998,415148.9266666666,1523.6933333333334,3,59,14.035005685868441,12.936395003047181,3,Global Investors
c1356,individual,jonathan,morales,1994-03-26,m,usa,oregon,investment,4,0,agency,3,1490237.62,496745.87333333335,1648.5966666666666,3,32,14.214446812750383,13.115835866148323,3,Global Investors
c1357,individual,danielle,patterson,1987-03-01,f,usa,california,home,5,1,website,3,1077383.54,359127.8466666667,1104.51,3,39,13.890046939766048,12.791436507443626,1,First-Time Buyers
c1358,individual,gregory,taylor,1943-01-05,m,usa,texas,home,4,0,agency,3,965180.83,321726.9433333333,1078.7866666666666,3,83,13.780071787441853,12.681461570920012,1,First-Time Buyers
c1359,individual,gary,owens,1975-07-25,m,usa,virginia,home,3,0,agency,4,1381335.3,345333.825,1093.05,4,51,14.138561921934437,12.752269732622196,1,First-Time Buyers
c1360,individual,billy,nelson,1990-11-27,m,usa,virginia,home,4,0,agency,3,1001006.54,333668.8466666667,1111.2966666666666,3,35,13.816517590736522,12.717907300053364,1,First-Time Buyers
c1361,individual,ashley,owens,1943-07-21,f,usa,california,home,3,0,client,4,1529260.3,382315.075,1296.5625,4,83,14.240295366320604,12.854002966930247,3,Global Investors
c1362,individual,laura,jordan,1965-04-13,f,usa,california,investment,1,1,agency,4,993131.84,248282.96,894.905,4,61,13.808619710515085,12.422328370134565,0,Corporate Buyers
c1363,individual,james,stone,1981-06-04,m,usa,georgia,home,5,1,agency,4,1109919.3599999999,277479.83999999997,942.035,4,45,13.919798822966776,12.533507164739863,1,First-Time Buyers
c1364,individual,andrea,watson,1998-12-23,f,usa,california,investment,1,0,website,4,1201578.93,300394.7325,1120.62,4,27,13.999147857122821,12.612855992712621,0,Corporate Buyers
c1365,individual,tiffany,sanders,1969-03-16,f,belgium,brussels,investment,5,1,website,4,1443894.02,360973.505,1260.0625,4,57,14.18285489496105,12.79656261155238,1,First-Time Buyers
c1366,individual,george,thompson,1995-07-27,m,usa,california,home,1,0,website,3,1488525.13,496175.0433333333,1678.6133333333335,3,31,14.213297013869042,13.114686068810974,3,Global Investors
c1367,individual,stephanie,jordan,1953-01-11,f,germany,berlin,home,2,0,client,3,1035889.5,345296.5,1124.5,3,73,13.850772001234763,12.752161643270785,0,Corporate Buyers
c1368,individual,jose,gray,1947-11-22,m,usa,california,home,5,1,client,4,1378979.49,344744.8725,1042.6625,4,78,14.13685500874207,12.750562823140077,1,First-Time Buyers
c1369,individual,peter,garcia,1983-10-07,m,france,brittany,home,4,1,agency,4,1615394.12,403848.53,1338.9,4,43,14.29509014106216,12.908797637071325,3,Global Investors
c1370,individual,frank,evans,1965-06-04,m,usa,colorado,investment,1,0,agency,4,834659.23,208664.8075,700.7825,4,61,13.63478001084294,12.24848924399351,0,Corporate Buyers
c1371,individual,timothy,thomas,1989-06-19,m,uk,england,home,2,1,website,4,1036681.19,259170.2975,948.835,4,37,13.85153596965172,12.465244502374984,0,Corporate Buyers
c1372,individual,lisa,turner,1981-11-21,f,usa,washington,investment,2,0,website,3,874872.8,291624.26666666666,1049.3066666666666,3,44,13.681834926366383,12.583224923739659,0,Corporate Buyers
c1373,individual,melissa,evans,1992-10-11,f,usa,california,home,3,1,website,3,1275663.27,425221.09,1221.6766666666665,3,34,14.058977596981759,12.960366876123048,3,Global Investors
c1374,company,quasar,co,1990-01-25,m,france,ile de france,home,3,1,agency,3,1230590.28,410196.76,1321.5233333333333,3,36,14.0230053272891,12.924394663854654,3,Global Investors
c1375,individual,carolyn,flores,1972-11-22,f,usa,california,investment,4,1,agency,4,1097182.3900000001,274295.59750000003,987.505,4,53,13.908256899396545,12.521965272546902,1,First-Time Buyers
c1376,individual,carolyn,edwards,1987-06-23,f,usa,arizona,investment,3,1,agency,3,1272387.2999999998,424129.0999999999,1493.243333333333,3,39,14.056406243593221,12.957795526771086,3,Global Investors
c1377,individual,laura,long,1984-01-04,f,usa,utah,investment,2,0,website,3,828441.4099999999,276147.13666666666,862.1066666666666,3,42,13.627302602267987,12.52869272776598,0,Corporate Buyers
c1378,individual,maria,morales,1976-11-19,f,usa,california,investment,1,0,website,3,1399739.87,466579.9566666667,1464.8466666666666,3,49,14.151797684596547,13.053186824763312,3,Global Investors
c1379,individual,kevin,gray,1970-06-11,m,uk,scotland,home,2,0,website,3,827767.69,275922.5633333333,1077.3233333333335,3,56,13.62648903443577,12.527879161898648,0,Corporate Buyers
c1380,individual,michael,hughes,1949-10-15,m,canada,alberta,investment,4,0,website,3,1012542.1799999999,337514.06,1052.4533333333334,3,77,13.827975723967057,12.729365410521401,1,First-Time Buyers
c1381,individual,eric,cox,1962-06-16,m,germany,hesse,home,3,1,website,3,1082639.9100000001,360879.97000000003,1131.0966666666666,3,64,13.894913901287978,12.796303459952751,1,First-Time Buyers
c1382,individual,adam,james,1951-05-19,m,usa,oregon,home,2,0,website,4,1176910.13,294227.5325,1024.3375,4,75,13.978403877869214,12.592112065791557,0,Corporate Buyers
c1383,individual,noah,moore,1992-11-11,m,usa,california,home,2,0,agency,3,864768.8300000001,288256.2766666667,899.9899999999999,3,33,13.67021865801958,12.571608682102932,0,Corporate Buyers
c1384,individual,mary,young,1988-03-10,f,usa,california,home,2,1,agency,3,905480.04,301826.68,1016.7633333333333,3,38,13.71622161737849,12.617611537478652,0,Corporate Buyers
c1385,individual,kenneth,owens,1946-06-01,m,usa,california,home,1,0,agency,3,1182983.03,394327.6766666667,1186.4366666666667,3,80,13.983550643292059,12.884940045262418,3,Global Investors
c1386,individual,harold,howard,1947-08-23,m,usa,washington,home,4,1,website,3,1284366.78,428122.26,1431.79,3,79,14.065777155239743,12.96716642375679,3,Global Investors
c1387,individual,jose,reed,1943-05-27,m,germany,hamburg,investment,4,0,website,3,804550.47,268183.49,901.6266666666667,3,83,13.598040220993948,12.49943041817987,0,Corporate Buyers
c1388,individual,hannah,stone,1999-04-20,f,usa,washington,home,3,0,website,3,1183031.06,394343.6866666667,1283.46,3,27,13.983591243185025,12.884980645086747,3,Global Investors
c1389,individual,jordan,montgomery,1952-07-03,m,uk,scotland,home,2,0,website,4,1742522.83,435630.7075,1282.79,4,74,14.370845097276533,12.98455245779589,3,Global Investors
c1390,individual,lauren,thomas,1979-07-21,f,usa,nevada,home,3,0,website,3,906492.19,302164.0633333333,971.1899999999999,3,47,13.717338796738455,12.618728714372406,0,Corporate Buyers
c1391,individual,barbara,campbell,1974-03-06,f,usa,utah,home,1,0,website,4,1579627.98,394906.995,1343.6575,4,52,14.272700554643153,12.886408092701606,3,Global Investors
c1392,individual,jose,johnson,1990-06-05,m,usa,colorado,home,4,1,agency,4,1434978.2000000002,358744.55000000005,1125.5149999999999,4,36,14.176660912297288,12.790368641797851,1,First-Time Buyers
c1393,individual,virginia,miller,1981-07-09,f,mexico,baja california,investment,1,0,agency,4,1187799.99,296949.9975,1027.325,4,45,13.987614248037199,12.601322412589736,0,Corporate Buyers
c1394,individual,debra,hansen,1977-02-26,f,usa,nevada,home,4,0,website,4,1325404.6,331351.15,967.0,4,49,14.097229083766917,12.710936986102535,1,First-Time Buyers
c1395,individual,megan,campbell,1988-09-27,f,canada,alberta,investment,4,0,website,4,1497964.92,374491.23,1278.045,4,38,14.21961869246673,12.833326334060624,1,First-Time Buyers
c1396,individual,steven,foster,1971-06-02,m,canada,manitoba,investment,3,1,website,3,977070.1199999999,325690.04,1075.8333333333333,3,55,13.792314722643713,12.69370448090741,0,Corporate Buyers
c1397,individual,linda,chavez,1983-03-10,f,usa,nevada,home,4,0,website,4,1551369.83,387842.4575,1175.235,4,43,14.254649504490091,12.86835707714196,1,First-Time Buyers
c1398,individual,alexander,jones,1966-12-13,m,usa,california,home,5,1,website,3,926545.71,308848.57,1182.08,3,59,13.739219738979095,12.64060960886146,1,First-Time Buyers
c1399,individual,lauren,evans,1978-08-23,f,canada,british columbia,home,5,0,agency,4,1259614.96,314903.74,1061.1325,4,48,14.046317438817841,12.660025459373417,1,First-Time Buyers
c1400,individual,maria,jones,1991-10-24,f,uk,northern ireland,home,4,0,client,4,1146194.54,286548.635,939.4875,4,34,13.951958789973725,12.565667046204862,1,First-Time Buyers
c1401,individual,virginia,brooks,1999-03-24,f,usa,virginia,investment,1,0,website,4,1223523.71,305880.9275,1005.5625,4,27,14.017246357819484,12.630954448629089,0,Corporate Buyers
c1402,individual,helen,jordan,1968-09-28,f,usa,utah,home,3,0,agency,4,1394159.93,348539.9825,1132.7375,4,58,14.147803308402644,12.761511099112365,1,First-Time Buyers
c1403,individual,pamela,scott,1983-09-22,f,usa,oregon,home,2,0,website,4,1463350.69,365837.6725,1210.7375000000002,4,43,14.196240040723698,12.809947729689885,3,Global Investors
c1404,individual,sharon,williams,1950-07-22,f,usa,california,home,4,0,agency,4,1193678.04,298419.51,1024.3375,4,76,13.992550726078338,12.606258878193689,1,First-Time Buyers
c1405,individual,ryan,williams,1955-06-08,m,usa,oregon,home,5,0,agency,3,1306722.3599999999,435574.11999999994,1438.2933333333333,3,71,14.083033309912416,12.984422551788972,3,Global Investors
c1406,individual,sara,wood,1970-09-01,f,usa,california,home,3,0,website,4,1364413.45,341103.3625,1151.6100000000001,4,56,14.126235920206401,12.739943757829495,1,First-Time Buyers
c1407,individual,sharon,hansen,1956-03-22,f,usa,california,home,1,0,agency,4,1429717.0899999999,357429.27249999996,1123.3175,4,70,14.172987842941334,12.786695580135001,3,Global Investors
c1408,company,grandis,co,1963-11-13,f,usa,california,home,2,0,agency,4,1345035.74,336258.935,1103.3025,4,62,14.111931886630131,12.725639755930098,1,First-Time Buyers
c1409,individual,katherine,price,1957-08-01,f,usa,oregon,investment,2,0,website,3,1072801.12,357600.37333333335,1117.9399999999998,3,69,13.885784587084864,12.78717416269172,0,Corporate Buyers
c1410,individual,jennifer,edwards,1965-12-16,f,usa,nevada,home,2,0,agency,4,1439196.49,359799.1225,1164.0149999999999,4,60,14.179596217592481,12.793303940965439,3,Global Investors
c1411,individual,anthony,watson,1987-04-04,m,usa,california,home,2,0,client,4,1318823.1600000001,329705.79000000004,1099.4925,4,39,14.092251109696472,12.705959023327589,1,First-Time Buyers
c1412,company,optima,co,1985-06-28,f,usa,nevada,home,2,0,agency,4,1498125.2,374531.3,1158.7275,4,41,14.219725685171717,12.833433326551345,3,Global Investors
c1413,individual,margaret,rogers,1968-09-18,f,usa,california,home,4,0,agency,4,1489065.1600000001,372266.29000000004,1425.7675,4,58,14.213659743184088,12.827367396747668,3,Global Investors
c1414,individual,michelle,wright,1975-05-01,f,usa,florida,home,4,0,website,4,1188718.7,297179.675,972.335,4,51,13.988387403557898,12.602095566158455,1,First-Time Buyers
c1415,individual,tyler,murray,1959-07-14,m,usa,california,investment,1,0,website,3,748797.26,249599.08666666667,879.3433333333332,3,67,13.52622488042487,12.427615262699572,0,Corporate Buyers
c1416,individual,bryan,peterson,1954-07-01,m,usa,oregon,home,2,0,agency,3,1418066.3900000001,472688.7966666667,1452.2633333333333,3,72,14.1648055096276,13.066194631328704,3,Global Investors
c1417,individual,dennis,williams,1953-10-26,m,uk,scotland,home,5,0,website,3,1023021.48,341007.16,1066.59,3,72,13.83827201927688,12.739661685598113,1,First-Time Buyers
c1418,individual,kyle,cox,1954-04-06,m,usa,ohio,investment,2,0,website,3,1443234.8900000001,481078.2966666667,1529.4633333333334,3,72,14.1823982963294,13.08378739343518,3,Global Investors
c1419,individual,jason,peterson,1971-08-08,m,germany,hamburg,investment,4,1,website,4,1143605.72,285901.43,928.745,4,55,13.949697615593513,12.563405877749624,1,First-Time Buyers
c1420,company,terova,co,1981-10-20,m,uk,wales,home,5,0,website,4,1196856.69,299214.1725,929.6975,4,44,13.995210088583377,12.608918234024012,1,First-Time Buyers
c1421,individual,james,jones,1957-11-14,m,usa,colorado,home,1,0,website,3,938557.1900000001,312852.39666666667,1098.0666666666666,3,68,13.752100136283172,12.65348997854087,0,Corporate Buyers
c1422,individual,billy,hansen,1955-01-15,m,usa,florida,investment,1,1,website,4,2032565.11,508141.2775,1555.2975000000001,4,71,14.524809646320394,13.138516761166166,3,Global Investors
c1423,individual,jack,brooks,1955-09-21,m,uk,northern ireland,home,4,1,website,4,1822778.3599999999,455694.58999999997,1504.0974999999999,4,71,14.415873015068783,13.029580299785792,3,Global Investors
c1424,individual,judy,harris,1954-03-12,f,usa,utah,home,2,1,agency,3,1382756.57,460918.8566666667,1465.1466666666665,3,72,14.139590302439661,13.040979460155643,3,Global Investors
c1425,individual,raymond,taylor,1971-12-16,m,belgium,flanders,home,3,0,website,3,1449563.3199999998,483187.77333333326,1521.64,3,54,14.186773600281397,13.088162691337244,3,Global Investors
c1426,individual,christina,campbell,1964-05-20,f,usa,washington,home,2,0,website,4,1709098.18,427274.545,1510.65,4,62,14.351476994351799,12.965184388541022,3,Global Investors
c1427,individual,julia,richardson,1955-05-10,f,australia,victoria,home,5,0,website,4,1378636.21,344659.0525,1184.9475,4,71,14.136606040219876,12.750313855159586,1,First-Time Buyers
c1428,individual,nicole,allen,1953-12-05,f,usa,oregon,home,4,1,agency,4,1136052.54,284013.135,946.6525,4,72,13.943071007434327,12.556779287031562,1,First-Time Buyers
c1429,individual,jesse,stewart,1991-10-01,m,usa,nevada,investment,5,0,agency,4,1697550.01,424387.5025,1421.4650000000001,4,35,14.34469718803713,12.958404594167433,3,Global Investors
c1430,individual,patrick,allen,1963-09-11,m,usa,nevada,home,4,0,website,3,928463.2,309487.73333333334,1022.67,3,63,13.741287102219502,12.642676967643974,0,Corporate Buyers
c1431,individual,melissa,griffin,1943-07-01,f,germany,hesse,home,3,1,website,4,1620159.73,405039.9325,1365.9450000000002,4,83,14.298035918336362,12.911743408882895,3,Global Investors
c1432,individual,larry,weaver,1951-12-26,m,usa,utah,home,3,0,agency,3,863383.74,287794.58,1033.6200000000001,3,74,13.668615687636457,12.57000571543005,0,Corporate Buyers
c1433,individual,christian,mitchell,1953-04-12,m,germany,hamburg,home,4,0,website,3,1358111.0699999998,452703.68999999994,1493.243333333333,3,73,14.12160610946891,13.022995293432237,3,Global Investors
c1434,company,terova,co,1985-06-25,f,usa,california,investment,5,0,agency,4,1038640.05,259660.0125,894.905,4,41,13.853423733971004,12.467132261236536,1,First-Time Buyers
c1435,individual,zachary,morales,1967-04-08,m,usa,texas,investment,2,0,agency,3,903765.87,301255.29,945.65,3,59,13.714326718947557,12.615716643237075,0,Corporate Buyers
c1436,individual,kyle,wright,1998-10-09,m,usa,california,home,2,0,website,3,969917.19,323305.73,992.2199999999999,3,28,13.784967006716546,12.686356780075892,0,Corporate Buyers
c1437,individual,gerald,stewart,1997-04-08,m,usa,arizona,investment,5,0,agency,4,1668948.58,417237.145,1332.2825,4,29,14.32770499248124,12.941412428897559,1,First-Time Buyers
c1438,individual,benjamin,taylor,1988-08-04,m,usa,california,home,2,1,agency,3,1255115.0,418371.6666666667,1321.5033333333333,3,38,14.042738556555491,12.944127861364324,3,Global Investors
c1439,individual,helen,morales,2000-10-14,f,usa,virginia,home,2,0,agency,3,1040682.81,346894.27,1138.4233333333334,3,25,13.855388564668198,12.756778197811553,0,Corporate Buyers
c1440,individual,mary,phillips,1952-07-20,f,usa,colorado,investment,2,0,agency,3,901013.4199999999,300337.80666666664,1010.5300000000001,3,74,13.711276540901917,12.612666471951645,0,Corporate Buyers
c1441,individual,helen,campbell,1945-09-08,f,usa,california,investment,5,0,website,3,1201777.78,400592.5933333333,1334.84,3,81,13.99931333387802,12.900702709408321,1,First-Time Buyers
c1442,individual,timothy,foster,2000-06-17,m,usa,colorado,home,2,1,client,3,1007348.75,335782.9166666667,1110.6233333333332,3,26,13.822833430168117,12.724223126905786,0,Corporate Buyers
c1443,individual,betty,hughes,1979-11-22,f,usa,florida,home,2,0,website,3,1045348.1100000001,348449.37000000005,1072.4833333333333,3,46,13.859861464144926,12.761251088711417,0,Corporate Buyers
c1444,individual,frank,alexander,1981-06-25,m,usa,colorado,home,3,0,website,3,1089631.7,363210.56666666665,1186.05,3,45,13.90135122494028,12.802740771751377,1,First-Time Buyers
c1445,individual,gregory,hall,1988-07-26,m,usa,florida,home,5,0,website,4,1249138.91,312284.7275,976.9675,4,38,14.037965800448301,12.651673840978036,1,First-Time Buyers
c1446,individual,amber,gray,1951-12-09,f,usa,ohio,home,4,0,website,4,1550820.49,387705.1225,1385.6475,4,74,14.25429534204684,12.868002915383698,3,Global Investors
c1447,individual,janet,rogers,1972-05-14,f,usa,nevada,investment,4,1,client,4,1372408.9,343102.225,1151.37,4,54,14.132078803580752,12.74578662839432,1,First-Time Buyers
c1448,individual,henry,ward,1959-03-15,m,russia,tatarstan,home,1,0,website,4,1221304.62,305326.155,984.9525,4,67,14.015431024802568,12.629139120067276,0,Corporate Buyers
c1449,individual,nicole,cox,1999-06-14,f,usa,california,investment,5,0,website,3,1110557.49,370185.83,1221.6766666666665,3,27,13.920373590898087,12.821763103124049,1,First-Time Buyers
c1450,individual,pamela,white,1996-04-06,f,usa,virginia,home,5,0,website,3,1028509.6,342836.5333333333,1037.5833333333333,3,30,13.843622294293308,12.745011950182752,1,First-Time Buyers
c1451,individual,hannah,turner,1983-10-19,f,usa,california,home,1,0,website,4,1529673.3199999998,382418.32999999996,1259.875,4,42,14.24056540796503,12.854273008044997,3,Global Investors
c1452,individual,kelly,edwards,1993-08-05,f,belgium,wallonia,home,3,0,client,3,1320005.77,440001.92333333334,1487.6599999999999,3,33,14.09314742333728,12.994536649811767,3,Global Investors
c1453,individual,kenneth,stone,1981-10-07,m,usa,california,home,2,0,agency,3,1145044.9,381681.6333333333,1243.8233333333333,3,45,13.950955281503246,12.852344739488483,3,Global Investors
c1454,individual,ann,kim,1948-05-23,f,usa,california,investment,1,0,client,3,1188825.44,396275.14666666667,1321.5033333333333,3,78,13.988477193613514,12.889866587275348,3,Global Investors
c1455,individual,christina,nelson,1989-06-15,f,usa,colorado,home,3,1,agency,3,985992.4299999999,328664.1433333333,983.4266666666667,3,37,13.801404970276568,12.702794710017484,0,Corporate Buyers
c1456,company,quasar,co,1992-06-26,f,usa,oregon,investment,1,1,website,4,1598853.55,399713.3875,1313.38,4,34,14.284798024576759,12.898505539798395,3,Global Investors
c1457,individual,julie,foster,1949-01-27,f,usa,california,home,3,1,agency,4,1537205.06,384301.265,1227.17,4,77,14.245477079897686,12.85918467036851,3,Global Investors
c1458,individual,keith,reed,1950-09-16,m,usa,arizona,home,1,0,website,3,917921.54,305973.8466666667,979.0866666666667,3,76,13.729868286957545,12.631258177120147,0,Corporate Buyers
c1459,individual,terry,hall,1949-09-28,m,usa,arizona,home,5,0,website,4,1556253.48,389063.37,1385.6475,4,77,14.257792517905871,12.871500084489416,1,First-Time Buyers
c1460,individual,pamela,long,1972-12-05,f,uk,england,home,1,1,agency,4,1569390.69,392347.6725,1294.645,4,53,14.266198643644287,12.879906194091248,3,Global Investors
c1461,individual,gloria,reyes,1944-01-13,f,usa,california,home,5,0,website,4,1507966.87,376991.7175,1294.645,4,82,14.226273520957006,12.839981149267446,1,First-Time Buyers
c1462,individual,virginia,allen,1984-04-19,f,germany,hamburg,investment,3,0,agency,4,1220331.12,305082.78,956.6725,4,42,14.014633609169907,12.628341706394153,1,First-Time Buyers
c1463,individual,lawrence,ward,1943-12-28,m,usa,california,home,2,1,website,4,1639044.0,409761.0,1386.5875,4,82,14.309624313114774,12.923331782327336,3,Global Investors
c1464,individual,terry,weaver,1940-01-25,m,usa,arizona,home,1,0,website,3,1094818.68,364939.56,1086.24,3,86,13.906100231873102,12.807489769988171,0,Corporate Buyers
c1465,individual,edward,stewart,1990-07-09,m,usa,ohio,home,3,1,website,3,1312191.47,437397.1566666667,1457.8333333333333,3,36,14.087209937421946,12.988599172919324,3,Global Investors
c1466,individual,ashley,howard,1999-08-28,f,belgium,flanders,investment,2,0,website,4,1387827.15,346956.7875,1053.27,4,27,14.14325060114445,12.756958401673144,1,First-Time Buyers
c1467,individual,rebecca,adams,1951-07-19,f,usa,california,home,5,0,client,3,761353.26,253784.42,849.6366666666667,3,75,13.54285404757732,12.444244385803783,0,Corporate Buyers
c1468,individual,jason,martin,1940-08-24,m,canada,manitoba,home,3,0,website,3,1072452.07,357484.0233333334,1185.3533333333332,3,86,13.885459171251162,12.78684874746478,1,First-Time Buyers
c1469,individual,keith,richardson,1970-05-17,m,usa,colorado,home,1,0,website,3,1512121.6400000001,504040.5466666667,1538.7766666666666,3,56,14.229024943543399,13.130413977518456,3,Global Investors
c1470,individual,alexander,richardson,1940-05-27,m,usa,colorado,investment,3,1,agency,3,1440682.21,480227.4033333333,1590.8633333333335,3,86,14.1806280104246,13.082017109985767,3,Global Investors
c1471,individual,judith,williams,1940-05-24,f,uk,northern ireland,home,1,1,website,4,1048588.76,262147.19,801.0649999999999,4,86,13.8629567336714,12.476665233532822,0,Corporate Buyers
c1472,individual,paul,flores,1991-03-23,m,usa,washington,home,1,0,website,4,1610320.87,402580.2175,1237.1025,4,35,14.291944636234113,12.905652138094078,3,Global Investors
c1473,individual,maria,freeman,1974-03-14,f,usa,california,home,2,0,agency,4,1415300.74,353825.185,1009.23,4,52,14.162853310142498,12.776561068709693,1,First-Time Buyers
c1474,individual,kevin,brown,1969-04-10,m,usa,oregon,home,3,0,website,4,1563434.47,390858.6175,1307.3,4,57,14.26239618224287,12.876103739972322,3,Global Investors
c1475,individual,raymond,brown,1944-08-02,m,mexico,jalisco,home,4,1,agency,4,1579186.25,394796.5625,1287.055,4,82,14.272420873920556,12.886128412510246,3,Global Investors
c1476,individual,kevin,jackson,2000-06-08,m,usa,nevada,home,1,0,agency,4,1505369.42,376342.355,1141.225,4,26,14.224549552126865,12.838257183869974,3,Global Investors
c1477,company,zynex,co,1968-04-10,f,usa,california,investment,1,0,agency,4,1051466.92,262866.73,920.7075,4,58,13.865697764862531,12.479406256892664,0,Corporate Buyers
c1478,individual,emily,reed,1958-09-12,f,canada,british columbia,investment,1,0,agency,3,965772.74,321924.24666666664,1082.8966666666668,3,68,13.780684862157539,12.682074644365708,0,Corporate Buyers
c1479,individual,paul,carter,1968-03-26,m,usa,california,investment,1,0,website,4,1275455.51,318863.8775,1018.5225,4,58,14.058814719549934,12.672522710526293,0,Corporate Buyers
c1480,individual,danielle,white,1985-04-09,f,usa,virginia,investment,3,0,client,4,1466467.79,366616.9475,1220.42,4,41,14.198367885209318,12.812075569817884,3,Global Investors
c1481,company,caldera,co,1984-12-04,f,usa,arizona,investment,3,0,website,4,1059700.8800000001,264925.22000000003,901.245,4,41,13.87349818124836,12.487206651109343,0,Corporate Buyers
c1482,individual,kimberly,murray,1953-01-24,f,usa,oregon,home,2,1,website,4,1665015.1700000002,416253.79250000004,1312.8225,4,73,14.325345393061236,12.939052833724023,3,Global Investors
c1483,individual,gary,hall,1975-06-01,m,usa,colorado,home,3,1,agency,4,1831769.62,457942.405,1486.3274999999999,4,51,14.420793608953527,13.03450088559194,3,Global Investors
c1484,individual,christina,nelson,1971-10-09,f,usa,colorado,home,3,0,client,4,1117191.81,279297.9525,995.0275,4,55,13.926329677300261,12.540038001478688,0,Corporate Buyers
c1485,individual,rachel,scott,1984-06-26,f,usa,washington,investment,4,0,website,4,1604885.52,401221.38,1350.2175,4,42,14.28856360799676,12.902271116166167,3,Global Investors
c1486,individual,madison,campbell,1996-06-14,f,uk,wales,home,5,1,website,3,1019385.69,339795.23,1156.5633333333333,3,30,13.834711720102819,12.736101393396797,1,First-Time Buyers
c1487,individual,sandra,martin,1965-12-10,f,usa,new york,home,3,0,agency,4,1553533.51,388383.3775,1294.645,4,60,14.256043221923187,12.869750791881804,3,Global Investors
c1488,individual,keith,scott,1975-09-07,m,usa,florida,investment,2,0,website,3,1029238.79,343079.5966666667,1140.1866666666667,3,51,13.844331019738402,12.745720674250178,0,Corporate Buyers
c1489,individual,gloria,montgomery,1951-03-19,f,usa,arizona,home,5,0,agency,3,1056549.47,352183.1566666667,1240.6066666666666,3,75,13.870519885839043,12.77190949012178,1,First-Time Buyers
c1490,individual,dennis,hall,1994-11-06,m,uk,wales,investment,5,1,client,3,861119.76,287039.92,939.3299999999999,3,31,13.665990029091823,12.567380062975637,0,Corporate Buyers
c1491,individual,rebecca,evans,1997-07-10,f,usa,georgia,home,4,0,agency,4,1056750.03,264187.5075,901.245,4,29,13.870709693115101,12.484418170881245,0,Corporate Buyers
c1492,individual,mary,taylor,1984-12-18,f,germany,bavaria,home,2,0,agency,3,1309655.49,436551.83,1579.3133333333335,3,41,14.085275439417252,12.986664677865978,3,Global Investors
c1493,individual,thomas,bennett,1992-03-16,m,usa,washington,home,4,1,agency,3,864605.61,288201.87,1037.11,3,34,13.670029896340273,12.571419920860222,0,Corporate Buyers
c1494,individual,nicholas,cooper,1996-04-09,m,usa,new york,home,1,0,client,3,913338.07,304446.0233333333,934.8733333333333,3,30,13.724862470698316,12.626252371795076,0,Corporate Buyers
c1495,individual,jason,hughes,1991-11-09,m,denmark,capital region,home,1,0,website,4,2059292.68,514823.17,1591.4724999999999,4,34,14.5378736081847,13.151580703873929,3,Global Investors
c1496,individual,bryan,patterson,1986-11-15,m,usa,florida,home,5,0,agency,3,1119013.6099999999,373004.5366666666,1151.5466666666669,3,39,13.927959043509098,12.829348542126153,1,First-Time Buyers
c1497,individual,samuel,parker,1940-01-13,m,usa,california,investment,4,0,agency,3,794765.34,264921.77999999997,880.66,3,86,13.5858034384862,12.487193666277815,0,Corporate Buyers
c1498,individual,nicole,carter,1967-02-03,f,mexico,puebla,investment,5,0,website,4,1142631.83,285657.9575,889.8725000000001,4,59,13.948845657574584,12.562553921966567,1,First-Time Buyers
c1499,individual,lauren,gray,1997-11-04,f,russia,saint petersburg,home,3,1,agency,3,1321905.54,440635.18,1523.6933333333334,3,28,14.094585600979414,12.995974825276425,3,Global Investors
c1500,individual,shirley,ward,1995-01-04,f,australia,victoria,home,2,0,agency,4,1020299.92,255074.98,841.385,4,31,13.83560816135857,12.449316740543377,0,Corporate Buyers
c1501,individual,brenda,white,1951-12-16,f,usa,oregon,investment,4,0,agency,3,761279.08,253759.69333333333,851.4266666666667,3,74,13.542756611182895,12.444146949665324,0,Corporate Buyers
c1502,individual,elizabeth,weaver,1994-10-27,f,uk,wales,home,5,1,website,4,1045772.34,261443.085,911.0425,4,31,13.860267207965254,12.473975715531706,1,First-Time Buyers
c1503,company,triton,co,1986-08-21,m,usa,arizona,investment,5,0,website,4,1299971.48,324992.87,1050.5725,4,40,14.077853652976925,12.691561599595532,1,First-Time Buyers
c1504,individual,patrick,hughes,1946-08-19,m,usa,california,home,4,0,website,3,871805.96,290601.98666666663,979.0866666666667,3,80,13.678323302237011,12.579713307652108,0,Corporate Buyers
c1505,individual,william,cook,1994-05-14,m,usa,virginia,home,3,0,agency,4,1012922.06,253230.515,799.9225,4,32,13.828350827730283,12.44205942833145,0,Corporate Buyers
c1506,individual,larry,price,1950-01-11,m,usa,utah,investment,3,0,website,3,1010109.4,336703.13333333336,1155.4633333333334,3,76,13.825570189774568,12.726959881086092,0,Corporate Buyers
c1507,individual,joyce,cooper,1951-03-28,f,usa,florida,home,3,0,agency,4,1499666.44,374916.61,1220.915,4,75,14.220753934825215,12.834461574146836,3,Global Investors
c1508,individual,benjamin,morris,1994-12-03,m,uk,scotland,home,3,0,agency,4,965283.79,241320.9475,783.64,4,31,13.780178455953012,12.393887202719382,0,Corporate Buyers
c1509,individual,rebecca,campbell,1946-12-16,f,usa,california,home,3,0,website,4,1821912.8699999999,455478.21749999997,1482.5875,4,79,14.415398083456353,13.029105368955207,3,Global Investors
c1510,company,altira,co,1962-12-01,m,usa,california,home,5,0,agency,3,804243.22,268081.0733333333,842.68,3,63,13.597658258255429,12.499048456391034,0,Corporate Buyers
c1511,individual,ann,hansen,1989-07-20,f,france,provence,home,2,1,website,3,1093080.8599999999,364360.2866666666,1152.6466666666668,3,37,13.904511659139196,12.805901200158546,0,Corporate Buyers
c1512,individual,anna,young,1955-06-18,f,usa,nevada,home,4,1,client,4,1209056.95,302264.2375,1046.42,4,71,14.00535206062357,12.619060180771248,1,First-Time Buyers
c1513,individual,danielle,morales,1995-06-08,f,usa,florida,home,2,0,website,3,1452266.37,484088.79000000004,1538.7766666666666,3,31,14.18863659653381,13.090025685021631,3,Global Investors
c1514,individual,linda,bryant,1986-12-08,f,usa,new york,home,4,0,website,3,1211908.53,403969.51,1386.32,3,39,14.007707797610783,12.909097159229514,3,Global Investors
c1515,individual,angela,williams,1946-10-16,f,usa,nevada,investment,5,0,website,4,1433703.52,358425.88,1227.17,4,80,14.175772225911262,12.789479957270553,1,First-Time Buyers
c1516,individual,grace,wood,1953-05-23,f,usa,texas,home,4,0,website,3,690456.91,230152.30333333334,801.46,3,73,13.445110294144493,12.346500902100601,0,Corporate Buyers
c1517,individual,benjamin,chavez,1978-02-23,m,usa,california,investment,2,0,agency,4,1328693.42,332173.355,1076.59,4,48,14.099707378976992,12.71341527571005,1,First-Time Buyers
c1518,individual,teresa,rogers,1994-10-08,f,australia,victoria,home,5,1,agency,4,961942.8799999999,240485.71999999997,886.4275,4,32,13.776711391147849,12.390420148708149,0,Corporate Buyers
c1519,individual,kyle,freeman,1972-08-19,m,usa,california,home,1,0,agency,4,1366990.1300000001,341747.53250000003,1072.9850000000001,4,54,14.128122627023734,12.74183046050236,3,Global Investors
c1520,individual,patrick,griffin,1945-12-05,m,usa,utah,home,1,0,website,4,1425469.02,356367.255,1187.8925,4,80,14.170012155896588,12.783719899343472,3,Global Investors
c1521,individual,bryan,foster,1973-12-25,m,usa,nevada,home,4,0,agency,3,913579.4099999999,304526.47,1032.28,3,52,13.725126675009502,12.626516575527795,0,Corporate Buyers
c1522,individual,debra,mitchell,1964-09-14,f,usa,washington,home,5,0,website,4,1598304.98,399576.245,1378.985,4,62,14.284454863825063,12.898162379690694,1,First-Time Buyers
c1523,company,horizon,co,1981-07-22,m,australia,victoria,investment,3,0,website,4,1652083.92,413020.98,1334.8775,4,45,14.317548636100256,12.931256090866,3,Global Investors
c1524,individual,jordan,wilson,1967-07-24,m,usa,virginia,home,2,0,client,4,1434208.3,358552.075,1164.0149999999999,4,59,14.17612424486085,12.78983197548368,3,Global Investors
c1525,individual,timothy,brown,1959-08-24,m,usa,california,home,1,0,agency,3,1336757.18,445585.7266666666,1511.63,3,67,14.1057579721115,13.007147179599189,3,Global Investors
c1526,individual,victoria,howard,1956-08-05,f,usa,california,home,3,0,website,3,1429330.15,476443.3833333333,1600.9133333333332,3,70,14.172717165544842,13.074106276131621,3,Global Investors
c1527,individual,martha,thomas,1989-05-13,f,usa,california,home,1,0,agency,3,993447.0599999999,331149.01999999996,1200.3500000000001,3,37,13.80893705978855,12.710326784308714,0,Corporate Buyers
c1528,individual,jennifer,weaver,1997-09-02,f,germany,hamburg,home,1,1,website,3,1058452.68,352817.56,1125.17,3,29,13.872319608561769,12.773709209440787,0,Corporate Buyers
c1529,company,helios,co,1989-04-19,m,usa,california,home,4,0,website,4,1614522.9000000001,403630.72500000003,1350.98,4,37,14.294550672415587,12.908258169426885,3,Global Investors
c1530,individual,sarah,wright,1988-11-20,f,usa,california,home,2,0,website,3,1011087.75,337029.25,1107.81,3,37,13.826538278521696,12.727927967917353,0,Corporate Buyers
c1531,individual,bryan,cox,1964-03-15,m,france,brittany,investment,2,0,website,4,1272471.05,318117.7625,1065.415,4,62,14.056472062529046,12.670180059022012,0,Corporate Buyers
c1532,individual,linda,freeman,1998-09-26,f,usa,texas,home,3,1,website,4,1446462.79,361615.6975,1164.0149999999999,4,28,14.184632370247115,12.798340083148648,1,First-Time Buyers
c1533,individual,anthony,bryant,1988-10-05,m,canada,british columbia,home,4,0,agency,4,1019127.09,254781.7725,727.265,4,38,13.83445800597337,12.448166588541927,0,Corporate Buyers
c1534,individual,sandra,pierce,1996-06-08,f,usa,california,home,4,1,website,3,1195359.88,398453.2933333333,1303.4733333333334,3,30,13.993958689389252,12.895348073854638,1,First-Time Buyers
c1535,individual,jeremy,stone,1994-09-03,m,uk,england,investment,3,0,agency,4,1967005.46,491751.365,1591.4724999999999,4,32,14.492023381554924,13.105730545594087,3,Global Investors
c1536,individual,sara,baker,1982-06-05,f,usa,washington,home,3,0,website,3,1076884.84,358961.61333333334,1050.6433333333332,3,44,13.889583952377336,12.790973520914575,1,First-Time Buyers
c1537,individual,lisa,foster,1999-08-04,f,usa,arizona,home,5,0,website,3,1637300.4100000001,545766.8033333333,1579.3133333333335,3,27,14.308559962801096,13.209948895654428,3,Global Investors
c1538,individual,jessica,kim,1947-01-07,f,usa,california,investment,5,0,website,3,775544.78,258514.92666666667,941.38,3,79,13.561322292738371,12.462712582896001,0,Corporate Buyers
c1539,individual,terry,brown,1997-05-13,m,usa,nevada,home,1,0,agency,3,811448.36,270482.7866666667,995.5099999999999,3,29,13.606577261032152,12.507967437086592,0,Corporate Buyers
c1540,individual,roger,cox,1957-12-02,m,usa,california,home,2,1,client,3,842510.7,280836.89999999997,908.2333333333332,3,68,13.644142828352583,12.54553291353593,0,Corporate Buyers
c1541,individual,carl,adams,1964-11-20,m,usa,california,home,2,0,website,4,1173616.46,293404.115,995.0275,4,61,13.975601383000857,12.589309578076888,0,Corporate Buyers
c1542,individual,gary,cook,1989-07-27,m,usa,nevada,home,1,1,website,3,1261648.92,420549.63999999996,1356.7466666666667,3,37,14.047930882649663,12.949320179206094,3,Global Investors
c1543,individual,virginia,peterson,1955-11-10,f,usa,new york,investment,3,0,agency,3,1199490.31,399830.10333333333,1267.4066666666668,3,70,13.997408116550359,12.898797495254339,3,Global Investors
c1544,individual,heather,evans,1947-04-27,f,russia,tatarstan,home,3,0,website,3,1551623.3,517207.76666666666,1679.1066666666666,3,79,14.254812875678214,13.156201875981095,3,Global Investors
c1545,individual,elizabeth,price,1992-11-23,f,usa,california,investment,1,1,website,3,1101811.15,367270.3833333333,1254.5033333333333,3,33,13.912466791369646,12.813856317891343,3,Global Investors
c1546,individual,sarah,scott,1966-06-06,f,mexico,puebla,home,4,1,agency,4,1161022.51,290255.6275,874.9925000000001,4,60,13.964812510259673,12.578520733063447,1,First-Time Buyers
c1547,individual,margaret,martin,1975-04-03,f,usa,florida,home,2,1,agency,4,1199337.46,299834.365,997.415,4,51,13.997280679412368,12.610988819668318,0,Corporate Buyers
c1548,company,telnox,co,1967-12-26,m,usa,california,home,2,1,website,3,615223.03,205074.34333333335,678.9699999999999,3,58,13.329741756878871,12.231132719053791,0,Corporate Buyers
c1549,individual,gary,reyes,1961-06-15,m,mexico,nuevo leon,home,4,0,client,3,837044.35,279014.7833333333,983.4266666666667,3,65,13.637633529604798,12.539023630290636,0,Corporate Buyers
c1550,individual,jason,rogers,1998-10-01,m,usa,california,home,2,0,agency,4,1368767.79,342191.9475,1164.0149999999999,4,28,14.129422200306603,12.743130030935044,3,Global Investors
c1551,individual,aaron,howard,1991-05-17,m,usa,california,home,2,0,agency,3,1252240.69,417413.5633333333,1438.2933333333333,3,35,14.040445855142744,12.941835163609133,3,Global Investors
c1552,individual,peter,wilson,1947-04-20,m,usa,california,investment,2,1,agency,4,1356450.7000000002,339112.67500000005,1074.0525,4,79,14.120382804107358,12.734090654637674,1,First-Time Buyers
c1553,company,horizon,co,1990-03-27,m,usa,utah,home,4,0,agency,3,979536.36,326512.12,1038.7166666666667,3,36,13.794835657548486,12.696225410658505,1,First-Time Buyers
c1554,individual,gregory,cox,1998-03-04,m,germany,bavaria,home,1,0,website,3,742034.24,247344.74666666667,678.9699999999999,3,28,13.517152014283203,12.418542420901243,0,Corporate Buyers
c1555,individual,julia,martin,1946-04-25,f,uk,england,home,5,0,website,4,1233852.38,308463.095,1012.5575,4,80,14.025652659532435,12.639360729816795,1,First-Time Buyers
c1556,individual,grace,wood,1982-11-20,f,usa,colorado,investment,2,0,agency,4,1215734.71,303933.6775,1020.3875,4,43,14.010859974135673,12.624568080654328,0,Corporate Buyers
c1557,individual,joan,griffin,1942-03-15,f,usa,new york,home,2,1,website,3,955054.1799999999,318351.3933333333,1072.4833333333333,3,84,13.769524397898373,12.67091420334791,0,Corporate Buyers
c1558,individual,tyler,phillips,1944-03-12,m,mexico,baja california,home,4,0,website,3,1482069.56,494023.1866666667,1680.5266666666666,3,82,14.208950695040818,13.110339755835213,3,Global Investors
c1559,individual,sara,mitchell,1975-03-27,f,uk,england,home,2,0,website,3,1345808.87,448602.9566666667,1445.2933333333333,3,51,14.112506523637236,13.013895721062044,3,Global Investors
c1560,individual,christina,hughes,1940-07-15,f,usa,california,home,4,1,client,3,1052677.5699999998,350892.52333333326,1148.0433333333333,3,86,13.866848492855423,12.768238104100693,1,First-Time Buyers
c1561,individual,jeffrey,green,1964-04-28,m,mexico,nuevo leon,investment,5,0,agency,3,1135294.51,378431.50333333336,1193.7733333333333,3,62,13.942403536243017,12.843793009229225,1,First-Time Buyers
c1562,individual,maria,morris,1987-07-05,f,usa,california,home,4,0,client,3,1179775.32,393258.44,1268.0466666666669,3,39,13.980835419151175,12.88222482571823,1,First-Time Buyers
c1563,individual,susan,baker,1987-06-18,f,usa,utah,home,5,0,website,3,979729.05,326576.35000000003,1090.7733333333333,3,39,13.795032353517232,12.69642210622568,1,First-Time Buyers
c1564,individual,jason,wood,1964-11-06,m,usa,washington,investment,5,0,website,3,1595925.43,531975.1433333333,1635.6233333333332,3,61,14.282964959438187,13.184353923959891,3,Global Investors
c1565,individual,kenneth,bennett,1980-08-08,m,mexico,jalisco,home,4,0,agency,4,1140899.22,285224.805,994.0725,4,46,13.947328175414665,12.561036443793833,1,First-Time Buyers
c1566,individual,anthony,wilson,1995-01-01,m,usa,california,home,3,0,website,4,1450240.65,362560.1625,1175.235,4,31,14.18724075568374,12.80094846318248,1,First-Time Buyers
c1567,individual,frank,wilson,1977-10-11,m,usa,georgia,home,4,0,client,4,1594452.6199999999,398613.15499999997,1276.9875,4,49,14.28204167752096,12.895749197921573,3,Global Investors
c1568,individual,betty,owens,1990-03-06,f,usa,california,home,5,0,website,3,1373808.0899999999,457936.02999999997,1357.1933333333334,3,36,14.133097797423678,13.034486964560863,3,Global Investors
c1569,individual,pamela,turner,1993-11-05,f,usa,california,investment,1,1,website,3,1175242.5499999998,391747.5166666666,1258.29,3,32,13.976985960677315,12.87837537378268,3,Global Investors
c1570,individual,amanda,williams,1963-12-27,f,usa,ohio,home,5,0,website,4,1469638.4,367409.6,1333.5625,4,62,14.200527622540001,12.814235302735101,1,First-Time Buyers
c1571,individual,ethan,morales,1978-06-03,m,usa,california,home,2,0,website,4,1243439.96,310859.99,1092.085,4,48,14.033393062208209,12.647101113745194,0,Corporate Buyers
c1572,individual,donald,baker,1960-06-10,m,australia,queensland,home,3,0,agency,4,886149.52,221537.38,748.33,4,66,13.694642102291215,12.30835112659497,0,Corporate Buyers
c1573,individual,amanda,richardson,1946-05-07,f,usa,california,home,1,0,website,4,1175839.94,293959.985,1059.9375,4,80,13.977494143190873,12.59120233343322,0,Corporate Buyers
c1574,individual,gary,morris,1984-08-14,m,usa,california,home,4,0,website,3,1195224.9,398408.3,1255.6333333333334,3,42,13.993845763139285,12.895235147793622,1,First-Time Buyers
c1575,individual,paul,freeman,2000-12-19,m,usa,california,home,2,0,website,4,1395067.1600000001,348766.79000000004,1158.7275,4,25,14.148453832259035,12.762161621569396,3,Global Investors
c1576,individual,heather,cook,1977-09-28,f,usa,nevada,investment,3,1,website,4,1359536.24,339884.06,1098.1675,4,49,14.122654935103181,12.73636278061405,1,First-Time Buyers
c1577,individual,ethan,edwards,1983-02-15,m,germany,bavaria,home,3,0,website,3,1427933.58,475977.86000000004,1471.8999999999999,3,43,14.17173960850732,13.07312872046262,3,Global Investors
c1578,individual,mark,turner,1996-03-12,m,usa,california,investment,2,0,website,3,765431.01,255143.67,934.8733333333333,3,30,13.548195672369179,12.449585996601185,0,Corporate Buyers
c1579,individual,robert,bell,1945-10-03,m,usa,arizona,investment,4,0,website,4,1101753.5899999999,275438.39749999996,952.0525,4,81,13.912414548794942,12.526122910600776,0,Corporate Buyers
c1580,individual,jordan,martin,1997-12-05,m,usa,georgia,investment,1,1,website,4,1008834.66,252208.665,872.2,4,28,13.82430741193751,12.438016024538372,0,Corporate Buyers
c1581,individual,james,reyes,1950-11-08,m,usa,california,investment,1,0,website,3,1123364.22,374454.74,1023.9266666666666,3,75,13.931839399014244,12.833228890709442,0,Corporate Buyers
c1582,individual,harold,baker,1955-08-20,m,france,ile de france,home,4,1,client,3,1030269.01,343423.00333333336,1050.08,3,71,13.845331471482725,12.746721124051415,1,First-Time Buyers
c1583,individual,peter,scott,1968-01-03,m,usa,california,home,2,0,agency,4,1378030.61,344507.6525,1170.135,4,58,14.136166669334735,12.749874485230752,3,Global Investors
c1584,company,nexus,co,1985-08-12,m,france,brittany,investment,1,1,website,3,1199226.44,399742.14666666667,1361.7433333333333,3,41,13.997188107430018,12.898577486500876,3,Global Investors
c1585,individual,kevin,watson,1960-10-10,m,canada,ontario,home,5,0,website,4,1480011.91,370002.9775,1276.8225,4,66,14.207561368675226,12.821269034562626,1,First-Time Buyers
c1586,individual,carolyn,roberts,1967-01-21,f,germany,berlin,home,3,0,website,3,1116579.83,372193.2766666667,1224.68,3,59,13.925781743521876,12.827171246034624,1,First-Time Buyers
c1587,individual,carl,cooper,1943-12-02,m,canada,quebec,investment,4,1,agency,3,743057.13,247685.71,850.2466666666668,3,82,13.518529557517075,12.419919960424803,0,Corporate Buyers
c1588,individual,patricia,thomas,1980-10-25,f,usa,utah,investment,5,0,website,3,957201.31,319067.10333333333,1104.51,3,45,13.771770048302201,12.673159849054365,1,First-Time Buyers
c1589,individual,christina,ward,1953-08-12,f,usa,california,investment,4,0,agency,3,1380536.7000000002,460178.9000000001,1396.87,3,73,14.137983618925498,13.039372778967229,3,Global Investors
c1590,company,elara,co,1979-06-19,f,usa,oregon,home,1,0,website,4,1470403.6,367600.9,1228.8325,4,47,14.201048158979102,12.8147558381119,3,Global Investors
c1591,individual,christine,brooks,1971-08-15,f,usa,california,investment,4,0,website,4,1676312.98,419078.245,1341.715,4,55,14.332107881380573,12.945815309899945,3,Global Investors
c1592,individual,heather,allen,1975-06-01,f,usa,texas,investment,2,1,agency,4,878452.1900000001,219613.04750000002,735.11,4,51,13.685917901182815,12.299626955150845,0,Corporate Buyers
c1593,individual,anthony,williams,1975-08-05,m,usa,california,home,1,0,website,4,825960.49,206490.1225,666.135,4,51,13.624303429140234,12.238012700144344,0,Corporate Buyers
c1594,individual,kathleen,green,1969-10-24,f,usa,colorado,home,2,0,agency,4,1522994.53,380748.6325,1259.875,4,56,14.236189696876275,12.849897305556679,3,Global Investors
c1595,individual,charles,reed,1955-08-20,m,usa,california,home,5,0,website,4,1310147.8599999999,327536.96499999997,1186.5225,4,71,14.085651322309314,12.699359251002937,1,First-Time Buyers
c1596,individual,frank,hall,1979-11-10,m,germany,berlin,investment,4,0,website,3,1642954.44,547651.48,1649.26,3,46,14.312007275531718,13.213396204181336,3,Global Investors
c1597,individual,rachel,cox,1949-12-28,f,usa,nevada,investment,4,1,website,4,1155778.2,288944.55,947.7475,4,76,13.960285306510768,12.573993541038996,1,First-Time Buyers
c1598,individual,angela,adams,1940-06-23,f,usa,georgia,home,4,1,agency,3,1163931.67,387977.2233333333,1310.3966666666665,3,86,13.967315061957901,12.868704491600766,1,First-Time Buyers
c1599,individual,stephanie,thompson,1980-11-19,f,usa,virginia,investment,5,1,website,3,1321031.17,440343.7233333333,1337.1733333333334,3,45,14.093923935970997,12.995313161269413,3,Global Investors
c1600,individual,jennifer,rogers,1968-02-13,f,belgium,wallonia,home,5,0,website,4,1237164.36,309291.09,984.6475,4,58,14.028333320694323,12.642041384469648,1,First-Time Buyers
c1601,individual,tiffany,parker,1996-08-13,f,russia,krasnodar krai,home,3,0,website,3,829078.01,276359.33666666667,913.6700000000001,3,30,13.628070737175468,12.529460860819773,0,Corporate Buyers
c1602,individual,harold,turner,1986-11-01,m,usa,nevada,investment,4,0,website,4,1676863.99,419215.9975,1425.28,4,39,14.332436530707012,12.946143958638316,3,Global Investors
c1603,individual,hannah,rogers,1962-09-07,f,uk,england,home,5,0,website,4,1077719.71,269429.9275,976.2049999999999,4,64,13.890358915250982,12.504067337779764,1,First-Time Buyers
c1604,individual,ronald,kim,1949-09-10,m,usa,texas,home,4,0,website,3,1050264.24,350088.08,1243.8233333333333,3,77,13.864553299757102,12.765942915368045,1,First-Time Buyers
c1605,individual,joshua,collins,1999-01-21,m,uk,england,investment,4,1,website,4,1170783.34,292695.835,874.9925000000001,4,27,13.97318445824065,12.586892659502281,1,First-Time Buyers
c1606,individual,zachary,howard,1965-03-20,m,usa,washington,home,1,1,agency,3,917562.71,305854.23666666663,1033.4833333333333,3,61,13.729477295192206,12.630867186206878,0,Corporate Buyers
c1607,individual,emma,hall,1963-03-11,f,usa,california,home,3,0,agency,3,829294.5700000001,276431.5233333334,927.6066666666666,3,63,13.628331908570452,12.52972203158481,0,Corporate Buyers
c1608,individual,heather,pierce,1999-11-14,f,uk,england,home,4,1,website,3,1431381.65,477127.2166666666,1447.82,3,26,14.174151423212756,13.075540531794083,3,Global Investors
c1609,individual,justin,reed,1964-10-02,m,usa,california,investment,2,0,website,3,804844.43,268281.4766666667,900.46,3,62,13.598405525541596,12.499795721819588,0,Corporate Buyers
c1610,individual,kenneth,white,1967-03-23,m,usa,california,investment,3,0,website,4,1249167.74,312291.935,1114.2125,4,59,14.037988880062585,12.651696920536892,1,First-Time Buyers
c1611,individual,sarah,bryant,1975-09-02,f,usa,nevada,investment,4,0,website,4,1072189.52,268047.38,842.75,4,51,13.885214328702464,12.498922765588848,0,Corporate Buyers
c1612,individual,jason,price,1990-02-25,m,usa,california,home,1,0,agency,3,766554.56,255518.18666666668,839.1433333333334,3,36,13.549662459989968,12.451052780392219,0,Corporate Buyers
c1613,individual,ryan,griffin,1998-01-08,m,denmark,southern denmark,home,2,1,agency,4,1608368.22,402092.055,1400.6975,4,28,14.29073131679155,12.904438820913276,3,Global Investors
c1614,individual,julie,williams,1968-05-16,f,usa,utah,investment,4,0,website,3,822155.05,274051.68333333335,1059.3466666666666,3,58,13.619685497869781,12.521075641826924,0,Corporate Buyers
c1615,individual,jason,mitchell,1963-08-01,m,usa,utah,home,5,0,agency,3,857125.52,285708.50666666665,903.87,3,63,13.661340817955372,12.562730862662347,0,Corporate Buyers
c1616,individual,aaron,nelson,1991-09-01,m,uk,wales,investment,5,1,website,4,1344053.71,336013.4275,1128.1275,4,35,14.111201506081969,12.724909377011585,1,First-Time Buyers
c1617,individual,michelle,baker,1952-10-09,f,usa,california,home,3,0,website,3,776005.5,258668.5,839.1433333333334,3,74,13.561916175418935,12.463306464045504,0,Corporate Buyers
c1618,individual,linda,price,1962-11-22,f,usa,washington,home,2,1,website,4,1356655.6800000002,339163.92000000004,1103.3025,4,63,14.120533907544214,12.734241757740367,1,First-Time Buyers
c1619,individual,jason,baker,1952-10-24,m,belgium,wallonia,home,2,0,website,4,1390206.46,347551.615,1164.0149999999999,4,74,14.144963545768494,12.758671342597578,3,Global Investors
c1620,individual,jacob,morales,1944-05-07,m,usa,california,home,1,1,website,3,788250.3500000001,262750.1166666667,979.0866666666667,3,82,13.577572290060456,12.478962538650878,0,Corporate Buyers
c1621,individual,carl,wood,1954-06-15,m,usa,oregon,investment,2,0,agency,3,739739.97,246579.99,973.09,3,72,13.514055363361322,12.415445778338647,0,Corporate Buyers
c1622,individual,angela,taylor,1961-02-01,f,usa,oregon,home,1,1,website,3,1054193.3599999999,351397.7866666666,1107.81,3,65,13.868287393360474,12.769677001873927,0,Corporate Buyers
c1623,individual,julia,hall,1994-01-12,f,usa,oregon,home,4,0,website,3,1060233.46,353411.1533333333,1111.2966666666666,3,32,13.874000630308887,12.775390228014205,1,First-Time Buyers
c1624,individual,jennifer,stewart,1951-01-04,f,usa,california,home,4,1,website,4,1943363.94,485840.985,1602.67,4,75,14.479931533677249,13.09363871627034,3,Global Investors
c1625,individual,harold,wright,2000-02-03,m,australia,western australia,home,4,0,agency,3,910587.85,303529.2833333333,1094.84,3,26,13.72184675713401,12.623236664844436,0,Corporate Buyers
c1626,individual,jennifer,morales,1970-02-24,f,france,provence,home,2,1,website,3,1225657.22,408552.4066666667,1464.8466666666666,3,56,14.018988580103928,12.920377923210758,3,Global Investors
c1627,individual,david,bryant,1973-08-14,m,usa,california,investment,1,0,website,3,1275226.77,425075.59,1527.8633333333335,3,53,14.058635363757134,12.960024643435071,3,Global Investors
c1628,company,lumina,co,1993-10-13,f,france,normandy,home,4,1,website,3,800299.08,266766.36,842.73,3,33,13.592742036317647,12.494132246709016,0,Corporate Buyers
c1629,individual,stephanie,roberts,1956-08-26,f,usa,utah,home,5,0,agency,3,789150.05,263050.01666666666,1008.13,3,70,13.578713026371702,12.480103272069433,0,Corporate Buyers
c1630,company,grandis,co,1994-05-06,f,usa,virginia,investment,1,1,website,3,1206881.92,402293.9733333333,1338.1466666666668,3,32,14.003551494546283,12.904940863038375,3,Global Investors
c1631,individual,joan,patterson,1966-03-12,f,uk,northern ireland,home,5,0,website,4,1683720.2,420930.05,1267.07,4,60,14.336516901883364,12.950224322529555,1,First-Time Buyers
c1632,individual,victoria,wright,1963-07-12,f,usa,california,investment,3,1,agency,4,1425130.6800000002,356282.67000000004,1152.755,4,63,14.169774774433167,12.783482518379696,1,First-Time Buyers
c1633,individual,sara,bennett,1977-07-03,f,canada,ontario,home,2,0,website,3,847190.3300000001,282396.7766666667,976.8166666666666,3,49,13.64968183950592,12.551071911576843,0,Corporate Buyers
c1634,individual,sara,king,1944-01-11,f,usa,georgia,investment,2,0,website,4,1044217.01,261054.2525,872.2,4,82,13.858778847463556,12.47248735930282,0,Corporate Buyers
c1635,individual,lawrence,moore,1948-04-27,m,france,brittany,home,1,0,website,4,1104480.44,276120.11,919.7425000000001,4,78,13.914886497717417,12.528594852800639,0,Corporate Buyers
c1636,company,zynex,co,1987-01-10,f,usa,arizona,home,5,1,website,3,1171439.72,390479.9066666667,1308.5133333333333,3,39,13.9737449338571,12.8751343524869,1,First-Time Buyers
c1637,individual,jacob,cook,1969-02-11,m,mexico,nuevo leon,home,5,0,agency,3,1333020.46,444340.1533333333,1525.18,3,57,14.102958698056014,13.004347909737719,3,Global Investors
c1638,individual,cynthia,peterson,1978-12-14,f,france,occitanie,investment,1,1,agency,3,1047895.71,349298.57,1175.6833333333334,3,47,13.862295579845545,12.76368519976067,0,Corporate Buyers
c1639,individual,ronald,smith,1943-09-26,m,usa,colorado,home,1,0,website,4,1088561.44,272140.36,975.4225,4,83,13.900368521355578,12.514076916160157,0,Corporate Buyers
c1640,individual,helen,adams,1966-11-04,f,usa,california,home,1,1,website,4,1172146.65,293036.6625,1047.99,4,59,13.974348222412795,12.588056420694155,0,Corporate Buyers
c1641,individual,charles,phillips,1972-02-14,m,usa,utah,home,1,0,agency,4,1898878.08,474719.52,1504.0974999999999,4,54,14.456774312148298,13.07048153090659,3,Global Investors
c1642,individual,maria,adams,1981-07-20,f,canada,british columbia,home,5,0,website,4,1441785.62,360446.405,1167.1599999999999,4,45,14.181393610842973,12.795101330472644,1,First-Time Buyers
c1643,individual,carl,rogers,1978-01-09,m,france,ile de france,home,4,0,agency,3,1182889.92,394296.63999999996,1468.6933333333334,3,48,13.983471932453982,12.884861334557419,3,Global Investors
c1644,individual,megan,freeman,1944-06-22,f,usa,california,home,1,0,client,4,1312822.17,328205.5425,1024.3375,4,82,14.08769046790148,12.701398391930603,0,Corporate Buyers
c1645,individual,shirley,chavez,1995-02-08,f,australia,new south wales,investment,1,0,website,4,1503973.21,375993.3025,1238.115,4,31,14.223621635738517,12.837329269331693,3,Global Investors
c1646,individual,billy,patterson,1998-06-10,m,usa,washington,investment,4,1,agency,3,972186.46,324062.1533333333,1052.4533333333334,3,28,13.787303924929766,12.688693693475955,1,First-Time Buyers
c1647,individual,paul,stone,1945-11-25,m,usa,ohio,home,4,1,agency,3,1316368.95,438789.64999999997,1471.8999999999999,3,80,14.09038846838269,12.991777699043155,3,Global Investors
c1648,individual,julia,wood,1949-09-21,f,australia,new south wales,home,3,0,website,3,1282946.7,427648.89999999997,1476.9433333333334,3,77,14.064670878932143,12.966060149172819,3,Global Investors
c1649,individual,melissa,price,1982-03-02,f,usa,oregon,home,4,1,agency,4,1540887.81,385221.9525,1254.045,4,44,14.24786995725383,12.861577543060324,1,First-Time Buyers
c1650,individual,edward,griffin,1969-04-01,m,usa,washington,investment,2,0,website,3,1065238.5,355079.5,1057.95,3,57,13.878710214472463,12.780099803314643,0,Corporate Buyers
c1651,individual,ryan,bell,1945-11-19,m,usa,california,investment,4,0,website,3,962066.4199999999,320688.80666666664,880.66,3,80,13.776839810352216,12.678229600538332,0,Corporate Buyers
c1652,individual,paul,weaver,1964-01-15,m,usa,nevada,investment,4,1,client,3,1078933.8,359644.60000000003,1168.3833333333334,3,62,13.891484816093861,12.792874381104163,1,First-Time Buyers
c1653,individual,sara,white,1974-08-02,f,usa,colorado,investment,4,1,website,4,957106.48,239276.62,860.9325,4,52,13.771670973428769,12.385379746748178,0,Corporate Buyers
c1654,individual,judith,brooks,1968-04-05,f,usa,california,home,1,0,website,4,1250065.3800000001,312516.34500000003,951.6375,4,58,14.038707211868516,12.652415250618303,0,Corporate Buyers
c1655,individual,sara,cox,1965-05-16,f,usa,texas,investment,2,0,website,3,974749.8,324916.60000000003,1088.5866666666668,3,61,13.78993712756777,12.691326890704026,0,Corporate Buyers
c1656,individual,jacob,baker,1991-05-05,m,belgium,wallonia,investment,4,1,website,4,1401657.84,350414.46,1182.3725,4,35,14.153166978876712,12.766874758075637,1,First-Time Buyers
c1657,individual,donald,kim,1958-05-19,m,usa,california,home,2,0,website,4,1316624.69,329156.1725,1023.9675,4,68,14.090582726205923,12.70429064363536,1,First-Time Buyers
c1658,individual,ronald,patterson,1970-08-07,m,usa,california,home,5,0,agency,4,1243178.6,310794.65,984.12,4,56,14.033182849194477,12.646890901238686,1,First-Time Buyers
c1659,individual,joshua,thompson,1946-09-05,m,denmark,zealand,home,4,0,website,4,1576416.87,394104.2175,1307.3,4,80,14.270665660194076,12.884373202121088,3,Global Investors
c1660,individual,henry,richardson,1940-04-27,m,usa,nevada,home,4,1,website,4,1330046.48,332511.62,1068.57,4,86,14.100725198808854,12.714433093244995,1,First-Time Buyers
c1661,individual,ronald,cox,1975-08-20,m,usa,washington,home,4,0,agency,3,1511063.27,503687.75666666665,1599.3433333333332,3,51,14.228324775095501,13.129713809996955,3,Global Investors
c1662,individual,gary,montgomery,1967-05-16,m,russia,tatarstan,home,4,0,website,4,1505862.74,376465.685,1320.35,4,59,14.224877205160938,12.838584836251187,1,First-Time Buyers
c1663,individual,joshua,garcia,1977-05-13,m,usa,colorado,investment,3,0,agency,3,926064.21,308688.07,1042.71,3,49,13.73869993231517,12.640089803319855,0,Corporate Buyers
c1664,individual,judith,hayes,1969-07-25,f,france,occitanie,investment,5,0,agency,3,1390001.73,463333.91,1445.2933333333333,3,57,14.144816269133722,13.046205419310672,3,Global Investors
c1665,individual,harold,bell,1995-12-16,m,usa,arizona,home,5,0,website,4,966971.19,241742.7975,827.2,4,30,13.781925014973279,12.39563375631629,0,Corporate Buyers
c1666,individual,brenda,edwards,1962-09-08,f,usa,ohio,home,2,0,website,3,706503.5900000001,235501.19666666668,736.0433333333334,3,64,13.4680849779009,12.369475520066727,0,Corporate Buyers
c1667,individual,stephanie,cook,1967-11-14,f,usa,california,investment,4,0,agency,3,831811.52,277270.50666666665,862.11,3,58,13.631362357872792,12.532752473589742,0,Corporate Buyers
c1668,individual,scott,green,1957-11-12,m,australia,victoria,home,5,0,website,4,1046863.21,261715.8025,872.2,4,68,13.861309787076781,12.475018291653962,1,First-Time Buyers
c1669,individual,steven,collins,1960-04-07,m,canada,alberta,investment,3,1,agency,4,948271.3400000001,237067.83500000002,837.5225,4,66,13.76239701846161,12.37610582098483,0,Corporate Buyers
c1670,individual,angela,watson,1970-12-09,f,usa,colorado,home,3,1,website,4,1356021.03,339005.2575,1076.59,4,55,14.120065993663193,12.733773844894293,1,First-Time Buyers
c1671,individual,ashley,howard,1948-09-13,f,usa,california,home,3,0,agency,4,1329236.75,332309.1875,1120.62,4,78,14.100116215600968,12.713824111411121,1,First-Time Buyers
c1672,individual,jacqueline,morales,1974-04-09,f,usa,nevada,investment,4,0,website,3,728363.1699999999,242787.7233333333,889.9166666666666,3,52,13.49855643562023,12.399946892827517,0,Corporate Buyers
c1673,individual,katherine,martin,1992-03-04,f,usa,washington,home,1,1,website,4,1803634.76,450908.69,1422.9925,4,34,14.405315052345156,13.01902235453089,3,Global Investors
c1674,individual,emily,jackson,1941-12-22,f,usa,california,home,5,1,website,4,1614623.53,403655.8825,1268.7075,4,84,14.294612998445013,12.908320495340503,1,First-Time Buyers
c1675,individual,emma,reyes,1985-04-08,f,canada,alberta,investment,5,0,website,3,918037.6799999999,306012.56,1012.96,3,41,13.729994803791223,12.631384693678184,1,First-Time Buyers
c1676,individual,amy,allen,1999-09-19,f,usa,washington,home,2,0,website,4,1251637.0,312909.25,1019.1225,4,27,14.039963651453718,12.65367168719011,0,Corporate Buyers
c1677,individual,kevin,thomas,1964-12-20,m,usa,texas,home,1,1,website,3,942915.1799999999,314305.06,975.9433333333333,3,61,13.756732671132609,12.65812250354156,0,Corporate Buyers
c1678,individual,gary,sanders,1961-03-06,m,usa,california,home,1,1,agency,3,1377654.29,459218.0966666667,1650.4733333333334,3,65,14.135893546867637,13.03728270994044,3,Global Investors
c1679,individual,christina,nelson,1986-02-28,f,usa,nevada,investment,4,0,website,3,1194618.9,398206.3,1268.0466666666669,3,40,13.993338617437258,12.894728002940427,1,First-Time Buyers
c1680,individual,danielle,howard,1999-09-25,f,usa,california,investment,4,0,agency,3,665078.77,221692.92333333334,692.13,3,27,13.407662267331197,12.30905298581664,0,Corporate Buyers
c1681,individual,carl,alexander,1961-07-27,m,usa,oregon,home,3,1,client,4,1408304.94,352076.235,1156.7625,4,65,14.157898079028557,12.771605848125347,1,First-Time Buyers
c1682,individual,amanda,brooks,1987-04-11,f,usa,nevada,home,2,0,website,4,1469905.41,367476.3525,1257.0925,4,39,14.200709290061445,12.814416969885738,3,Global Investors
c1683,individual,amber,patterson,1999-11-19,f,usa,oregon,investment,1,0,client,4,1410114.6,352528.65,1144.74,4,26,14.159182244809301,12.772890011172297,3,Global Investors
c1684,individual,grace,cooper,1977-07-01,f,usa,colorado,investment,4,0,website,4,1109440.17,277360.0425,883.4825000000001,4,49,13.919366996064337,12.533075339004855,0,Corporate Buyers
c1685,individual,kathleen,parker,1977-05-16,f,usa,california,home,5,0,agency,3,1109623.75,369874.5833333333,1274.52,3,49,13.919532453069255,12.820921966810651,1,First-Time Buyers
c1686,individual,david,howard,1977-01-25,m,usa,california,investment,2,1,agency,4,1214377.82,303594.455,1073.905,4,49,14.00974324475995,12.623451354035824,0,Corporate Buyers
c1687,individual,eric,anderson,1967-05-15,m,usa,california,home,4,1,website,4,1026117.62,256529.405,935.37,4,59,13.841293912065153,12.455002474579583,0,Corporate Buyers
c1688,individual,amanda,flores,1996-04-28,f,usa,oregon,home,5,0,client,3,1314384.27,438128.09,1281.9566666666667,3,30,14.088879639008194,12.990268871962797,1,First-Time Buyers
c1689,individual,virginia,king,1985-01-26,f,usa,oregon,investment,1,1,client,3,896100.8,298700.26666666666,973.09,3,41,13.705809301574678,12.607199244793357,0,Corporate Buyers
c1690,individual,terry,martin,1951-08-18,m,denmark,north denmark,home,2,1,agency,3,1662639.06,554213.02,1754.9366666666667,3,75,14.323917294580141,13.225306208817486,3,Global Investors
c1691,individual,robert,reed,1946-03-25,m,usa,arizona,home,5,0,website,4,1212731.6,303182.9,984.9525,4,80,14.008386718447332,12.622094831076632,1,First-Time Buyers
c1692,individual,joseph,patterson,1991-03-08,m,canada,ontario,home,5,1,agency,4,1165619.9100000001,291404.97750000004,984.9525,4,35,13.968764472960977,12.582472685573347,1,First-Time Buyers
c1693,individual,donald,turner,1990-11-20,m,belgium,flanders,home,1,0,website,4,1557035.08,389258.77,1342.1525000000001,4,35,14.258294623315795,12.872002188931674,3,Global Investors
c1694,individual,gloria,foster,1957-07-18,f,usa,virginia,home,5,0,agency,4,1457395.73,364348.9325,1202.695,4,69,14.192162340494106,12.805870037836987,1,First-Time Buyers
c1695,individual,tiffany,peterson,1955-12-13,f,belgium,flanders,home,5,0,website,3,975866.19,325288.73,1111.2966666666666,3,70,13.791081780316404,12.692471541105403,1,First-Time Buyers
c1696,individual,emily,jones,1987-02-20,f,usa,florida,home,1,0,website,4,1316025.35,329006.3375,1092.085,4,39,14.090127413463298,12.703835331930424,0,Corporate Buyers
c1697,individual,maria,brown,1980-08-07,f,belgium,brussels,home,2,0,client,4,802813.26,200703.315,700.7825,4,46,13.595878658576657,12.209588034304184,0,Corporate Buyers
c1698,individual,zachary,stone,1950-12-05,m,uk,northern ireland,home,4,1,website,3,764529.97,254843.32333333333,901.6266666666667,3,75,13.547017813668086,12.448408140979527,0,Corporate Buyers
c1699,individual,peter,phillips,1969-07-15,m,australia,western australia,home,3,1,agency,4,1161971.24,290492.81,946.6524999999999,4,57,13.965629326263532,12.579337546957582,0,Corporate Buyers
c1700,individual,nicholas,young,1943-11-04,m,usa,nevada,home,3,0,website,4,1293648.37,323412.0925,1050.5725,4,82,14.072977751328155,12.686685709226532,1,First-Time Buyers
c1701,individual,karen,montgomery,1982-06-27,f,usa,arizona,home,1,0,website,3,916043.72,305347.9066666667,979.0866666666667,3,44,13.727820463425262,12.62921035805429,0,Corporate Buyers
c1702,individual,frank,alexander,1990-01-04,m,usa,washington,investment,5,1,website,3,1259181.49,419727.16333333333,1477.03,3,36,14.045973250894207,12.947362550556962,3,Global Investors
c1703,individual,gerald,cox,1999-08-13,m,usa,texas,investment,4,0,agency,3,868665.77,289555.25666666665,980.8699999999999,3,27,13.674714866955066,12.576104880663156,0,Corporate Buyers
c1704,individual,susan,flores,1963-02-15,f,denmark,capital region,home,4,0,agency,3,1131490.6400000001,377163.5466666667,1251.25,3,63,13.939047355605986,12.840436834514554,1,First-Time Buyers
c1705,individual,kenneth,howard,1979-11-23,m,usa,virginia,investment,3,1,website,3,1031987.6799999999,343995.8933333333,1049.3066666666666,3,46,13.846998255971236,12.748387905307004,0,Corporate Buyers
c1706,individual,matthew,jordan,1976-05-13,m,usa,california,home,3,1,website,4,1417221.48,354305.37,1128.9675,4,50,14.164209514111269,12.777917269805686,1,First-Time Buyers
c1707,individual,adam,allen,1973-09-19,m,usa,georgia,home,1,1,website,3,770609.62,256869.87333333332,899.7566666666667,3,53,13.554938492548215,12.456328799221193,0,Corporate Buyers
c1708,individual,andrea,wilson,1986-08-06,f,germany,hesse,home,1,1,agency,3,854426.52,284808.84,897.3100000000001,3,40,13.658186956407173,12.559577008484899,0,Corporate Buyers
c1709,individual,danielle,cox,1946-08-09,f,usa,arizona,investment,3,0,agency,3,1336416.1600000001,445472.0533333334,1513.17,3,80,14.105502829849227,13.006892037718698,3,Global Investors
c1710,individual,joe,flores,1957-05-26,m,canada,alberta,investment,2,1,website,3,1027918.12,342639.37333333335,1156.0800000000002,3,69,13.843047044859246,12.744436701867615,0,Corporate Buyers
c1711,individual,debra,hayes,1981-08-24,f,usa,california,investment,3,1,website,4,1015613.11,253903.2775,836.9425,4,45,13.831004021981215,12.444712614734788,0,Corporate Buyers
c1712,individual,ryan,turner,1971-03-04,m,france,occitanie,home,5,0,website,4,1280242.15,320060.5375,1102.08,4,55,14.062560578793006,12.676268560975233,1,First-Time Buyers
c1713,individual,julia,cook,1981-02-08,f,usa,oregon,home,1,0,website,4,1401670.4500000002,350417.61250000005,1186.5225,4,45,14.153175975319296,12.766883754498966,3,Global Investors
c1714,individual,nathan,brooks,1948-07-05,m,usa,colorado,home,3,0,website,4,1054289.58,263572.395,823.6625,4,78,13.868378662686844,12.482087147078227,0,Corporate Buyers
c1715,individual,hannah,watson,1963-04-13,f,usa,florida,home,3,1,agency,4,987214.1799999999,246803.54499999998,900.39,4,63,13.802643308838377,12.416351986565035,0,Corporate Buyers
c1716,individual,michelle,montgomery,1980-10-13,f,usa,california,home,1,0,website,3,1027286.48,342428.82666666666,1129.1766666666665,3,46,13.842432371843026,12.743822030047717,0,Corporate Buyers
c1717,individual,martha,thomas,1941-12-21,f,usa,california,home,4,1,website,3,915606.0700000001,305202.0233333334,980.8699999999999,3,84,13.727342588743275,12.628732484415895,0,Corporate Buyers
c1718,individual,janet,peterson,1995-01-06,f,usa,california,home,1,0,website,4,1362121.47,340530.3675,1150.74,4,31,14.12455468088552,12.738262522208332,3,Global Investors
c1719,company,halcyon,co,1960-05-10,m,usa,florida,home,2,0,agency,3,1178759.88,392919.95999999996,1263.8633333333335,3,66,13.979974343003857,12.881363751031266,3,Global Investors
c1720,individual,danielle,kim,1996-10-10,f,usa,california,home,5,1,website,4,1396671.77,349167.9425,1122.0925,4,30,14.149603373149064,12.76331115998884,1,First-Time Buyers
c1721,individual,carl,weaver,1986-12-10,m,usa,nevada,home,2,0,agency,4,1282729.71,320682.4275,1034.0675,4,39,14.064501730686851,12.678209708324792,0,Corporate Buyers
c1722,individual,jacqueline,morris,1982-11-23,f,usa,nevada,home,3,0,website,4,1676365.72,419091.43,1307.3,4,43,14.332139342772052,12.945846771235122,3,Global Investors
c1723,individual,carol,allen,1998-02-02,f,canada,quebec,home,2,1,agency,4,1084602.42,271150.605,900.39,4,28,13.896724966620342,12.510433371484584,0,Corporate Buyers
c1724,individual,justin,cook,1956-06-19,m,usa,virginia,home,4,0,website,4,1646338.3599999999,411584.58999999997,1358.9675,4,70,14.314064811508004,12.927772272611005,3,Global Investors
c1725,individual,sharon,patterson,1959-01-12,f,usa,nevada,home,3,1,website,4,1352500.23,338125.0575,1167.3975,4,67,14.117466199129348,12.731174056119581,1,First-Time Buyers
c1726,individual,diane,scott,1948-08-15,f,uk,northern ireland,home,3,0,website,3,1141107.24,380369.08,1193.7733333333333,3,78,13.947510488499145,12.84889995251161,1,First-Time Buyers
c1727,individual,katherine,morales,1945-12-06,f,usa,new york,home,3,0,website,4,1563834.42,390958.605,1210.7375,4,80,14.262651964371281,12.876359521609988,3,Global Investors
c1728,individual,kimberly,garcia,1944-03-08,f,usa,oregon,home,3,1,client,4,1436312.58,359078.145,1225.2649999999999,4,82,14.177590375224483,12.791298102782795,1,First-Time Buyers
c1729,individual,robert,richardson,1955-06-26,m,canada,british columbia,home,3,1,website,3,956356.54,318785.51333333337,1090.7733333333333,3,71,13.770887117930435,12.672276920528223,0,Corporate Buyers
c1730,individual,jeffrey,young,1979-11-22,m,mexico,puebla,investment,5,1,agency,3,796432.48,265477.49333333335,922.6899999999999,3,46,13.58789888946485,12.489289111988873,0,Corporate Buyers
c1731,individual,nathan,garcia,1971-12-19,m,usa,california,home,4,1,website,4,1172220.1099999999,293055.02749999997,966.56,4,54,13.974410891734514,12.588119089855484,1,First-Time Buyers
c1732,individual,megan,wilson,1970-07-15,f,canada,alberta,investment,2,0,agency,3,1551003.8399999999,517001.27999999997,1654.4733333333334,3,56,14.254413562721183,13.155802563538868,3,Global Investors
c1733,individual,helen,jones,1948-04-22,f,usa,california,home,3,1,agency,4,1179975.09,294993.7725,1009.9325,4,78,13.981004733524692,12.594712914825967,0,Corporate Buyers
c1734,individual,zachary,roberts,1975-01-14,m,usa,california,home,5,0,website,3,1078504.94,359501.64666666667,1254.5033333333333,3,51,13.891087252445693,12.792476818193098,1,First-Time Buyers
c1735,individual,amber,miller,1969-10-07,f,usa,utah,investment,3,0,website,3,1139995.98,379998.66,1258.3999999999999,3,57,13.946536171244363,12.847925636965327,3,Global Investors
c1736,individual,ann,cook,1989-09-21,f,usa,california,investment,4,1,website,4,1482243.88,370560.97,1122.0925,4,37,14.209068307355519,12.822775970190648,1,First-Time Buyers
c1737,individual,jennifer,jackson,1992-12-24,f,usa,california,investment,3,0,website,3,1060946.57,353648.8566666667,1090.7733333333333,3,33,13.87467300072951,12.776062597166915,1,First-Time Buyers
c1738,individual,sharon,hall,1977-02-25,f,usa,california,home,5,0,website,3,861195.69,287065.23,1016.7633333333333,3,49,13.666078200990738,12.567468234669777,0,Corporate Buyers
c1739,individual,steven,smith,1985-02-25,m,russia,novosibirsk,investment,3,1,website,4,998344.48,249586.12,872.2,4,41,13.813854667734468,12.42756331158185,0,Corporate Buyers
c1740,individual,ashley,alexander,1951-09-15,f,usa,california,home,5,1,website,4,1439013.3399999999,359753.33499999996,1164.015,4,75,14.1794689510735,12.79317667471176,1,First-Time Buyers
c1741,individual,alexander,wright,1976-04-18,m,usa,virginia,home,5,0,website,4,1310713.04,327678.26,1140.38,4,50,14.086082615383637,12.699790543089895,1,First-Time Buyers
c1742,company,crestwood,co,1988-08-14,f,usa,california,home,5,0,agency,3,1177856.21,392618.73666666663,1431.79,3,38,13.979207421924766,12.880596831253905,1,First-Time Buyers
c1743,individual,linda,bell,1946-07-26,f,belgium,flanders,home,1,0,client,3,839069.28,279689.76,881.7833333333333,3,80,13.640049748329693,12.541439843249304,0,Corporate Buyers
c1744,individual,brian,green,1961-11-16,m,russia,krasnodar krai,investment,1,0,website,4,1320002.42,330000.605,1092.085,4,64,14.093144885468288,12.7068527970672,0,Corporate Buyers
c1745,individual,ann,sanders,1976-06-21,f,usa,california,home,1,0,website,3,1261495.5,420498.5,1487.6599999999999,3,50,14.04780927258457,12.949198569333792,3,Global Investors
c1746,individual,jennifer,cox,1959-06-14,f,belgium,flanders,home,3,0,website,3,793835.85,264611.95,874.19,3,67,13.584633240526234,12.486023471264323,0,Corporate Buyers
c1747,individual,bryan,flores,1965-02-19,m,usa,colorado,home,5,0,client,3,1016661.44,338887.14666666667,1059.1499999999999,3,61,13.832035702529794,12.733425381081043,1,First-Time Buyers
c1748,individual,albert,jones,1950-11-11,m,usa,california,home,4,1,website,3,1112272.46,370757.48666666663,1274.52,3,75,13.921916640826158,12.823306150275393,1,First-Time Buyers
c1749,individual,brandon,moore,1956-05-27,m,usa,california,home,3,0,website,3,832665.62,277555.20666666667,862.1066666666666,3,70,13.632388624954713,12.53377873820539,0,Corporate Buyers
c1750,company,stratos,co,1991-01-12,m,usa,colorado,home,3,0,website,4,1497163.73,374290.9325,1150.2,4,35,14.21908369742796,12.83279134009358,1,First-Time Buyers
c1751,individual,christine,scott,1955-02-28,f,usa,ohio,home,5,0,website,4,873120.47,218280.1175,700.7825,4,71,13.679829966036014,12.293539040858256,0,Corporate Buyers
c1752,individual,jonathan,cook,1980-02-06,m,usa,california,investment,1,1,website,3,1119600.47,373200.1566666667,1152.5966666666666,3,46,13.928483349591492,12.829872847271709,3,Global Investors
c1753,individual,arthur,peterson,1945-12-18,m,usa,georgia,investment,3,1,website,3,770077.48,256692.49333333332,964.2666666666668,3,80,13.554247710714087,12.455638019180496,0,Corporate Buyers
c1754,individual,frank,gray,1995-11-11,m,usa,virginia,home,2,1,website,3,1361555.24,453851.74666666664,1471.8999999999999,3,30,14.12413889762439,13.025528077862575,3,Global Investors
c1755,individual,mark,griffin,1998-08-26,m,usa,nevada,home,1,1,website,3,672116.9199999999,224038.9733333333,776.2433333333333,3,28,13.418189080301616,12.319579767297396,0,Corporate Buyers
c1756,individual,daniel,cook,1990-03-21,m,usa,utah,home,1,0,website,4,1481404.3900000001,370351.09750000003,1146.0149999999999,4,36,14.208501783004822,12.822209446986893,3,Global Investors
c1757,individual,brian,hayes,1985-07-01,m,germany,bavaria,home,3,0,client,3,1125366.62,375122.2066666667,1182.08,3,41,13.933620313575213,12.835009802102562,1,First-Time Buyers
c1758,individual,carl,pierce,1985-01-14,m,usa,oregon,investment,4,1,agency,4,1006481.1799999999,251620.29499999998,801.065,4,41,13.821971818987217,12.435680438541588,0,Corporate Buyers
c1759,individual,jose,stone,1974-10-10,m,usa,california,investment,1,0,website,4,1031917.22,257979.305,831.47,4,52,13.846929977697613,12.460638523780618,0,Corporate Buyers
c1760,individual,mary,harris,1975-10-07,f,belgium,brussels,home,2,0,website,4,1454358.32,363589.58,1265.3825,4,51,14.190076031717146,12.803783733359094,3,Global Investors
c1761,individual,nicholas,thompson,1955-01-08,m,usa,washington,home,1,0,website,4,1181772.43,295443.1075,972.335,4,71,13.982526774987393,12.596234952421947,0,Corporate Buyers
c1762,individual,larry,harris,1964-01-21,m,usa,virginia,home,1,0,website,3,1023352.22,341117.4066666667,1090.9466666666667,3,62,13.838595263931204,12.739984929620599,0,Corporate Buyers
c1763,individual,kimberly,young,1954-11-26,f,usa,new york,home,3,0,website,4,1789381.67,447345.4175,1374.585,4,71,14.397381241238184,13.011088556672746,3,Global Investors
c1764,individual,kelly,baker,1946-11-05,f,usa,nevada,home,2,0,agency,4,1668335.18,417083.795,1338.8999999999999,4,79,14.327337388355598,12.941044825432822,3,Global Investors
c1765,individual,pamela,reyes,1997-05-01,f,usa,colorado,home,1,1,client,4,1734167.51,433541.8775,1577.2325,4,29,14.366038611531756,12.979745980346062,3,Global Investors
c1766,individual,sharon,bennett,1993-05-05,f,usa,california,home,4,0,website,4,1371247.08,342811.77,1071.3925,4,33,14.131231890388282,12.74493971705393,1,First-Time Buyers
c1767,individual,joe,sanders,1978-05-21,m,usa,colorado,home,3,0,website,4,1455838.9100000001,363959.72750000004,1123.3175,4,48,14.191093549770535,12.804801249314657,1,First-Time Buyers
c1768,individual,cynthia,hughes,1943-03-01,f,russia,saint petersburg,home,4,0,website,4,985105.21,246276.3025,834.6575,4,83,13.800504741752436,12.414213425984814,0,Corporate Buyers
c1769,company,forsyte,co,1985-10-22,m,usa,oregon,home,1,1,client,3,985909.0,328636.3333333333,1101.55,3,40,13.801320351528226,12.702710091440789,0,Corporate Buyers
c1770,individual,betty,parker,1945-11-17,f,usa,washington,home,1,1,agency,3,1334771.42,444923.80666666664,1469.18,3,80,14.104271363374387,13.005660573087928,3,Global Investors
c1771,company,atlas,co,1975-06-22,m,usa,georgia,home,3,1,client,3,1280895.97,426965.3233333333,1435.6633333333332,3,51,14.063071148292188,12.964460421028694,3,Global Investors
c1772,company,forsyte,co,1975-01-13,f,canada,alberta,investment,5,1,agency,4,1105281.92,276320.48,1015.8675,4,51,13.915611896361412,12.52932024947502,1,First-Time Buyers
c1773,individual,kenneth,williams,1980-12-25,m,usa,nevada,investment,3,1,agency,4,1284141.19,321035.2975,984.6475,4,45,14.065601496976226,12.679309472043494,1,First-Time Buyers
c1774,individual,frank,james,1984-12-26,m,usa,oregon,home,4,0,agency,4,1169335.49,292333.8725,1008.6625,4,41,13.971947043346358,12.585655247780673,1,First-Time Buyers
c1775,individual,betty,howard,1970-10-07,f,usa,california,home,3,0,agency,4,1414776.99,353694.2475,1102.9724999999999,4,56,14.162483179223269,12.77619093857517,1,First-Time Buyers
c1776,individual,martha,mitchell,1973-09-01,f,france,occitanie,home,1,0,website,3,1071718.4,357239.4666666666,1196.1733333333334,3,53,13.884774832618055,12.786164410108318,0,Corporate Buyers
c1777,individual,jason,long,1974-09-24,m,usa,california,investment,5,0,client,3,784629.95,261543.31666666665,900.46,3,52,13.572968758831482,12.474359019129164,0,Corporate Buyers
c1778,individual,jeffrey,cox,1994-01-09,m,usa,georgia,investment,4,1,website,3,1216664.8199999998,405554.93999999994,1339.73,3,32,14.011624740999912,12.913014096167212,3,Global Investors
c1779,individual,sharon,thomas,1979-04-20,f,usa,california,home,5,0,client,4,1563236.5499999998,390809.13749999995,1287.1,4,47,14.262269581220636,12.87597713919303,1,First-Time Buyers
c1780,individual,richard,patterson,1956-05-18,m,usa,utah,investment,1,0,website,4,1735557.1500000001,433889.28750000003,1341.715,4,70,14.366839619916838,12.980546987346006,3,Global Investors
c1781,individual,betty,thomas,1968-10-08,f,usa,california,home,4,0,website,4,1383316.42,345829.105,1164.0149999999999,4,58,14.139995099858146,12.753702907435551,1,First-Time Buyers
c1782,individual,ann,king,1999-12-04,f,uk,england,investment,1,0,website,4,897646.55,224411.6375,783.64,4,26,13.707532786946395,12.321241767889864,0,Corporate Buyers
c1783,individual,jacob,garcia,1954-03-07,m,usa,california,home,3,0,website,4,1136482.92,284120.73,883.805,4,72,13.943449773472485,12.557158052069697,0,Corporate Buyers
c1784,individual,albert,moore,1998-02-24,m,australia,western australia,home,3,0,client,4,1352274.53,338068.6325,1106.8725,4,28,14.117299309200492,12.731007166560937,1,First-Time Buyers
c1785,individual,lauren,allen,1956-02-27,f,usa,colorado,home,1,1,website,3,1006568.23,335522.74333333335,1156.5633333333333,3,70,13.822058304607625,12.723448002884828,0,Corporate Buyers
c1786,individual,adam,white,1995-03-07,m,usa,california,home,1,0,website,4,1247095.22,311773.805,1102.2725,4,31,14.03632838287225,12.650036427337707,0,Corporate Buyers
c1787,individual,stephen,flores,1955-09-22,m,usa,georgia,investment,5,0,agency,4,1289585.42,322396.355,1029.38,4,71,14.069832120282033,12.683540085486664,1,First-Time Buyers
c1788,individual,zachary,james,1989-10-27,m,usa,california,home,3,0,website,3,1116876.81,372292.27,1155.6966666666667,3,36,13.926047680841181,12.827437182877652,1,First-Time Buyers
c1789,individual,edward,brooks,1982-07-25,m,usa,colorado,home,5,1,agency,3,1359605.1,453201.7,1526.9566666666667,3,44,14.122705583407743,13.02409476575284,3,Global Investors
c1790,individual,jacob,hansen,1940-02-18,m,usa,nevada,investment,5,0,client,4,1335521.08,333880.27,1159.9675,4,86,14.10483284452914,12.718540729719269,1,First-Time Buyers
c1791,individual,gerald,scott,1966-04-26,m,usa,california,home,5,0,agency,3,894512.8,298170.93333333335,1050.08,3,60,13.704035609425098,12.605425556605965,1,First-Time Buyers
c1792,individual,terry,pierce,1995-06-17,m,usa,california,home,3,0,agency,4,1948563.24,487140.81,1676.3825,4,31,14.482603372167912,13.09631055064196,3,Global Investors
c1793,individual,richard,james,1969-04-05,m,usa,utah,investment,1,0,website,4,1317525.03,329381.2575,1102.08,4,57,14.091266316318235,12.704974232190613,0,Corporate Buyers
c1794,individual,douglas,chavez,1995-12-25,m,usa,colorado,home,3,0,website,4,1378476.06,344619.015,1137.5875,4,30,14.13648986803077,12.750197683223293,1,First-Time Buyers
c1795,individual,william,brown,1945-12-01,m,usa,california,home,5,1,website,4,1058019.94,264504.985,827.2,4,80,13.871910683265012,12.485619157623734,1,First-Time Buyers
c1796,individual,betty,hughes,1950-09-21,f,usa,california,investment,5,1,client,3,1158919.94,386306.64666666667,1286.4833333333333,3,76,13.962999906017643,12.864389343091304,1,First-Time Buyers
c1797,individual,katherine,howard,1957-02-26,f,usa,oregon,home,3,1,website,3,910545.9199999999,303515.30666666664,1033.6200000000001,3,69,13.72180070894727,12.623190616758837,0,Corporate Buyers
c1798,individual,bryan,peterson,1966-08-10,m,usa,arizona,investment,1,1,website,4,1601121.79,400280.4475,1263.96,4,60,14.286215684852994,12.8999231974165,3,Global Investors
c1799,individual,cheryl,freeman,1950-01-11,f,usa,colorado,home,5,0,agency,4,1022792.49,255698.1225,823.6625,4,76,13.838048157498193,12.451756729517426,0,Corporate Buyers
c1800,individual,james,campbell,1944-04-13,m,usa,oregon,home,1,0,client,3,1120963.1,373654.3666666667,1301.6499999999999,3,82,13.929699676563787,12.831089172072545,3,Global Investors
c1801,individual,jose,howard,1964-02-08,m,usa,california,home,5,1,website,3,1473065.73,491021.91,1422.97,3,62,14.202856996523206,13.10424606556592,3,Global Investors
c1802,individual,jack,morris,1948-03-26,m,usa,nevada,investment,1,0,client,4,1155979.49,288994.8725,1011.5875,4,78,13.96045945090941,12.57416768498566,0,Corporate Buyers
c1803,individual,susan,bennett,1987-04-14,f,canada,quebec,investment,5,0,agency,3,1329728.19,443242.73,1443.9800000000002,3,39,14.100485862923922,13.001875078320332,3,Global Investors
c1804,individual,albert,kim,1989-03-03,m,usa,california,home,1,0,website,4,1735376.55,433844.1375,1504.0974999999999,4,37,14.366735555759059,12.980442923368116,3,Global Investors
c1805,individual,austin,kim,1953-01-09,m,uk,northern ireland,investment,3,0,website,4,1871670.17,467917.5425,1699.3675,4,73,14.442342263538885,13.056049505263363,3,Global Investors
c1806,individual,martha,turner,1967-04-13,f,australia,new south wales,investment,2,0,agency,3,974821.86,324940.62,1049.3066666666666,3,59,13.79001105142252,12.691400814407105,0,Corporate Buyers
c1807,individual,angela,allen,1957-02-05,f,france,brittany,home,5,0,website,3,1520931.78,506977.26,1469.18,3,69,14.234834375656009,13.136223401969541,3,Global Investors
c1808,individual,victoria,stewart,1990-01-08,f,usa,washington,investment,2,0,client,4,1102931.4500000002,275732.86250000005,989.46,4,36,13.913483054293177,12.527191413191108,0,Corporate Buyers
c1809,individual,laura,white,1981-05-03,f,usa,new york,home,4,1,agency,4,1221253.05,305313.2625,1104.2925,4,45,14.01538879860794,12.629096893976374,1,First-Time Buyers
c1810,individual,maria,collins,1945-01-06,f,usa,texas,home,3,0,agency,3,991862.87,330620.95666666667,1138.4233333333334,3,81,13.80734114902783,12.708730876763427,0,Corporate Buyers
c1811,individual,stephanie,williams,1958-02-16,f,usa,california,home,3,1,agency,4,1189519.9,297379.975,1029.73,4,68,13.989061178978526,12.602769339879238,1,First-Time Buyers
c1812,individual,ryan,white,1977-04-18,m,france,provence,home,5,1,website,4,1080880.0,270220.0,955.7624999999999,4,49,13.893287007305494,12.50699542169543,1,First-Time Buyers
c1813,individual,walter,jordan,1947-12-02,m,germany,hamburg,investment,3,1,website,4,1552316.39,388079.0975,1294.645,4,78,14.255259462683215,12.868967034155926,3,Global Investors
c1814,individual,scott,roberts,1987-04-07,m,denmark,north denmark,home,2,0,website,4,1303261.99,325815.4975,1153.0825,4,39,14.080381669969897,12.694089610761877,1,First-Time Buyers
c1815,individual,aaron,carter,1949-03-26,m,usa,california,home,5,0,agency,4,1182628.3,295657.075,942.035,4,77,13.983250737979418,12.59695891357682,1,First-Time Buyers
c1816,individual,sean,miller,1962-04-08,m,canada,quebec,home,2,0,website,4,1078876.87,269719.2175,909.9825,4,64,13.891432049696848,12.505140469240008,0,Corporate Buyers
c1817,individual,cynthia,garcia,1944-07-28,f,usa,virginia,home,1,0,agency,3,1240667.65,413555.8833333333,1412.0199999999998,3,82,14.031161026117847,12.932550349482401,3,Global Investors
c1818,individual,christine,wood,1994-08-17,f,usa,washington,investment,5,1,website,3,814797.06,271599.02,851.4266666666667,3,32,13.610695582379572,12.512085748304377,0,Corporate Buyers
c1819,individual,william,brown,1963-02-11,m,russia,krasnodar krai,home,1,0,website,3,1067644.33,355881.44333333336,1339.7466666666667,3,63,13.88096615533386,12.782355739945267,3,Global Investors
c1820,individual,nicholas,howard,1979-08-21,m,france,provence,home,3,0,website,4,970434.94,242608.735,840.8725,4,47,13.785500672199854,12.399209402469346,0,Corporate Buyers
c1821,individual,adam,smith,1944-10-22,m,usa,nevada,home,5,0,website,4,1733692.6199999999,433423.15499999997,1244.8049999999998,4,82,14.365764730976437,12.979472100264601,1,First-Time Buyers
c1822,individual,frank,weaver,1996-02-28,m,usa,oregon,investment,5,1,website,4,1388147.75,347036.9375,1184.81,4,30,14.14348158289464,12.757189382924093,1,First-Time Buyers
c1823,individual,jacob,watson,1967-08-11,m,usa,oregon,home,4,1,website,3,993925.86,331308.62,994.8266666666667,3,59,13.809418901442527,12.71080862499289,1,First-Time Buyers
c1824,individual,jeffrey,weaver,1962-09-05,m,usa,california,home,3,0,website,4,945036.97,236259.2425,857.7574999999999,4,64,13.75898038556287,12.372689198913564,0,Corporate Buyers
c1825,individual,eric,jones,1956-12-28,m,mexico,nuevo leon,home,2,0,agency,4,948769.9299999999,237192.48249999998,802.7125,4,69,13.762922668054706,12.376631468915397,0,Corporate Buyers
c1826,individual,jack,williams,1951-06-08,m,usa,ohio,home,4,0,client,4,1300035.21,325008.8025,1159.5325,4,75,14.077902675890007,12.691610622395485,1,First-Time Buyers
c1827,individual,donald,thompson,1973-01-02,m,usa,new york,home,5,1,website,4,1221529.77,305382.4425,988.7175,4,53,14.015615359702407,12.62932345451436,1,First-Time Buyers
c1828,individual,william,wood,1991-11-15,m,usa,california,investment,2,1,website,4,1199213.25,299803.3125,1114.2125,4,34,13.997177108621871,12.610885249136903,0,Corporate Buyers
c1829,individual,rachel,ward,1997-07-17,f,usa,california,home,5,1,agency,3,1194095.83,398031.94333333336,1394.21,3,29,13.992900666798917,12.894290053035451,1,First-Time Buyers
c1830,individual,virginia,owens,1959-03-20,f,usa,arizona,home,3,0,website,3,1363309.64,454436.54666666663,1487.6599999999999,3,67,14.125426593735565,13.026815772083463,3,Global Investors
c1831,individual,janice,smith,1950-09-15,f,russia,tatarstan,home,3,0,website,4,1004720.27,251180.0675,972.335,4,76,13.82022071772497,12.433929342503369,0,Corporate Buyers
c1832,individual,henry,garcia,1987-04-21,m,usa,oregon,investment,1,1,website,4,1282390.94,320597.735,1103.3225,4,39,14.064237595167274,12.677945573423044,0,Corporate Buyers
c1833,individual,jennifer,weaver,1948-01-17,f,usa,arizona,investment,1,1,website,3,1132086.83,377362.2766666667,1357.1933333333334,3,78,13.939574123074669,12.84096360105238,3,Global Investors
c1834,individual,zachary,phillips,1963-03-13,m,belgium,flanders,investment,5,0,agency,4,1222274.5999999999,305568.64999999997,948.835,4,63,14.016224925200072,12.629933018515432,1,First-Time Buyers
c1835,individual,nicole,pierce,1959-10-25,f,canada,alberta,investment,4,1,agency,3,739211.6,246403.86666666667,849.7466666666668,3,66,13.513340844618885,12.414731261528702,0,Corporate Buyers
c1836,individual,judy,wood,1960-10-08,f,usa,california,investment,1,1,website,4,1213775.31,303443.8275,958.755,4,66,14.009246974974776,12.622955085476937,0,Corporate Buyers
c1837,individual,julia,freeman,1950-04-06,f,usa,california,home,2,1,client,4,1507583.69,376895.9225,1333.2775,4,76,14.226019385109968,12.839727013926057,3,Global Investors
c1838,individual,joyce,morales,1965-01-14,f,canada,alberta,investment,1,0,agency,4,1266344.58,316586.145,1030.83,4,61,14.051645814420933,12.665353822319812,0,Corporate Buyers
c1839,individual,kyle,gray,1943-01-21,m,usa,california,investment,2,0,agency,4,967894.54,241973.635,821.355,4,83,13.782879447212522,12.39658818559586,0,Corporate Buyers
c1840,individual,gerald,weaver,1986-06-22,m,uk,england,investment,3,0,website,3,911506.03,303835.3433333333,1064.7333333333333,3,40,13.722854585632824,12.624244491130794,0,Corporate Buyers
c1841,individual,austin,williams,1947-05-27,m,usa,new york,home,4,0,website,4,1612088.13,403022.0325,1374.585,4,79,14.293041492083464,12.90674899190113,3,Global Investors
c1842,company,rexon,co,1978-10-08,m,canada,alberta,home,3,1,agency,3,1252827.37,417609.12333333335,1407.5133333333333,3,48,14.04091424923686,12.942303556955336,3,Global Investors
c1843,individual,jose,stone,1952-06-18,m,germany,hesse,home,4,0,website,4,1487849.65,371962.4125,1218.84,4,74,14.212843119714151,12.826550774923637,1,First-Time Buyers
c1844,individual,grace,howard,1978-07-21,f,usa,ohio,home,1,0,agency,4,1033138.51,258284.6275,837.88,4,48,13.848112792225889,12.461821334872251,0,Corporate Buyers
c1845,individual,joshua,green,1949-09-11,m,usa,california,investment,1,1,website,3,889124.6799999999,296374.8933333333,972.0533333333333,3,77,13.697993876832374,12.599383837562517,0,Corporate Buyers
c1846,individual,sara,allen,1985-10-26,f,russia,novosibirsk,home,5,1,agency,3,886017.55,295339.18333333335,980.8699999999999,3,40,13.694493166162628,12.595883134781054,1,First-Time Buyers
c1847,individual,brian,griffin,1952-04-01,m,usa,utah,home,4,0,website,4,1080850.85,270212.7125,859.7125,4,74,13.893260038200593,12.506968452665381,0,Corporate Buyers
c1848,individual,sarah,davis,1993-07-17,f,usa,california,home,2,0,website,4,1595352.82,398838.205,1295.0974999999999,4,33,14.282606100321289,12.89631361966023,3,Global Investors
c1849,individual,joseph,wilson,1976-09-02,m,canada,alberta,investment,3,1,website,3,1019239.08,339746.36,1016.7633333333333,3,50,13.834567887987584,12.735957561563774,0,Corporate Buyers
c1850,individual,gregory,miller,1971-07-25,m,usa,new york,investment,5,1,agency,4,1380990.75,345247.6875,1176.685,4,55,14.138312458441652,12.752020269671265,1,First-Time Buyers
c1851,individual,kimberly,miller,1954-06-08,f,uk,england,home,3,1,agency,4,1552543.97,388135.9925,1153.5575,4,72,14.255406058553834,12.869113629743255,3,Global Investors
c1852,individual,julie,hall,1997-12-15,f,usa,virginia,home,4,0,website,3,1674072.07,558024.0233333333,1733.68,3,28,14.33077017901919,13.232159085041348,3,Global Investors
c1853,individual,jennifer,owens,1949-02-24,f,usa,virginia,investment,4,0,website,4,1207329.15,301832.2875,1012.5575,4,77,14.003921992089085,12.617630115787676,1,First-Time Buyers
c1854,company,rexon,co,1960-03-23,m,france,ile de france,investment,1,0,client,4,1387997.02,346999.255,1104.2925,4,66,14.143372993534902,12.757080793799043,3,Global Investors
c1855,individual,gloria,hansen,1984-02-07,f,usa,california,home,2,1,website,4,1117305.8599999999,279326.46499999997,874.6275,4,42,13.926431758317888,12.54014008222221,0,Corporate Buyers
c1856,company,altira,co,1994-05-24,m,usa,virginia,home,2,0,website,3,1216231.4300000002,405410.47666666674,1334.1000000000001,3,32,14.011268466334842,12.912657822087901,3,Global Investors
c1857,individual,walter,johnson,1987-03-22,m,usa,california,investment,2,1,website,3,919814.94,306604.98,932.37,3,39,13.731928863792117,12.633318749469698,0,Corporate Buyers
c1858,individual,amy,hayes,1958-06-05,f,usa,colorado,home,5,0,website,3,1161958.29,387319.43,1267.5866666666668,3,68,13.965618181356867,12.867007613917973,1,First-Time Buyers
c1859,individual,zachary,taylor,1943-11-18,m,usa,california,home,5,1,client,4,1087561.59,271890.3975,862.28,4,82,13.899449594311795,12.51315799165003,1,First-Time Buyers
c1860,company,caldera,co,1970-07-17,f,usa,california,home,4,1,agency,4,1661197.49,415299.3725,1338.8999999999999,4,56,14.323049881756862,12.936757326560413,3,Global Investors
c1861,individual,nathan,evans,1982-01-08,m,usa,california,investment,3,1,website,4,1475178.95,368794.7375,1239.9025000000001,4,44,14.204290540314663,12.817998212842904,3,Global Investors
c1862,individual,joshua,long,1953-08-22,m,usa,california,home,1,1,website,3,988771.17,329590.39,1076.69,3,73,13.804219220062942,12.705608954103438,0,Corporate Buyers
c1863,individual,megan,hansen,1948-03-04,f,uk,scotland,home,3,0,website,4,1281313.02,320328.255,1039.19,4,78,14.063396687449822,12.677104667673616,1,First-Time Buyers
c1864,individual,hannah,weaver,1972-04-25,f,usa,new york,home,5,1,website,4,1131730.6,282932.65,1027.325,4,54,13.939259407158533,12.55296769684032,1,First-Time Buyers
c1865,individual,sean,rogers,1974-01-11,m,usa,arizona,investment,4,0,website,3,1092253.24,364084.41333333333,1196.1733333333334,3,52,13.903754228701318,12.805143771107051,1,First-Time Buyers
c1866,individual,joyce,martin,1971-08-23,f,usa,nevada,home,2,0,agency,4,1620195.43,405048.8575,1380.26,4,55,14.298057952944426,12.911765443450157,3,Global Investors
c1867,individual,robert,richardson,1952-01-13,m,usa,california,home,2,1,website,3,761781.8,253927.2666666667,791.0400000000001,3,74,13.543416754667263,12.44480709141597,0,Corporate Buyers
c1868,individual,michelle,thomas,1975-11-28,f,uk,wales,home,1,0,website,4,1469394.43,367348.6075,1198.3725,4,50,14.200361602050506,12.814069282584533,3,Global Investors
c1869,individual,margaret,campbell,1975-10-05,f,mexico,nuevo leon,home,5,0,client,4,1335399.36,333849.84,1132.7375,4,51,14.104741699988017,12.718449585382894,1,First-Time Buyers
c1870,individual,lawrence,moore,1980-10-13,m,usa,washington,investment,1,0,agency,3,680865.94,226955.31333333332,842.68,3,46,13.43112217690708,12.332512825666159,0,Corporate Buyers
c1871,individual,amy,reyes,1961-10-18,f,usa,texas,home,1,1,website,4,1096466.77,274116.6925,1000.415,4,65,13.90760445288323,12.52131282781813,0,Corporate Buyers
c1872,individual,raymond,jones,1940-10-23,m,mexico,mexico city,home,5,0,client,3,1284121.27,428040.42333333334,1452.2633333333333,3,86,14.065585984555048,12.96697525336981,3,Global Investors
c1873,individual,cheryl,collins,1959-03-10,f,canada,british columbia,home,5,0,agency,4,841611.53,210402.8825,727.265,4,67,13.643075009162738,12.256784212622206,0,Corporate Buyers
c1874,individual,justin,cooper,1972-11-18,m,usa,colorado,investment,1,0,agency,3,1058361.99,352787.33,1125.17,3,53,13.872233923295454,12.773623524336385,0,Corporate Buyers
c1875,individual,melissa,roberts,1943-09-13,f,usa,nevada,home,2,0,client,3,1220153.8599999999,406717.9533333333,1339.73,3,83,14.014488343080176,12.915877693546923,3,Global Investors
c1876,company,bravada,co,1981-03-17,m,usa,ohio,investment,4,1,website,3,1543986.34,514662.11333333334,1523.6933333333334,3,45,14.249878810051378,13.151267816729838,3,Global Investors
c1877,individual,walter,bryant,1961-09-16,m,usa,arizona,home,5,0,agency,3,905899.79,301966.5966666667,1008.13,3,65,13.716685075717933,12.61807499479466,1,First-Time Buyers
c1878,individual,paul,rogers,1967-10-07,m,usa,washington,home,5,0,agency,3,958603.36,319534.4533333333,1097.4366666666667,3,59,13.773233713996929,12.674623511693117,1,First-Time Buyers
c1879,individual,deborah,roberts,1977-01-23,f,usa,new york,home,3,0,website,3,1536294.68,512098.2266666666,1504.28,3,49,14.244884674164007,13.14627368732778,3,Global Investors
c1880,individual,joan,morales,1998-01-22,f,usa,california,home,5,1,client,4,1319939.53,329984.8825,1053.27,4,28,14.093097240517332,12.706805152224529,1,First-Time Buyers
c1881,individual,brenda,phillips,1989-09-13,f,usa,oregon,home,2,1,website,3,972731.0900000001,324243.6966666667,1127.1499999999999,3,37,13.78786397895795,12.68925374635231,0,Corporate Buyers
c1882,individual,deborah,turner,1960-03-22,f,usa,virginia,investment,3,0,website,3,884144.1,294714.7,934.4333333333334,3,66,13.692376468421733,12.593766441823206,0,Corporate Buyers
c1883,individual,sean,peterson,1941-02-11,m,usa,california,home,1,0,agency,4,1877399.3199999998,469349.82999999996,1489.11,4,85,14.445398569333506,13.059105806166684,3,Global Investors
c1884,individual,terry,bell,1954-08-06,m,usa,nevada,home,5,1,website,3,930994.2100000001,310331.4033333334,997.4133333333333,3,72,13.744009411240597,12.645399270808946,1,First-Time Buyers
c1885,individual,ryan,bell,1967-10-26,m,germany,hamburg,home,1,1,agency,4,1740983.97,435245.9925,1564.0774999999999,4,58,14.369961585743503,12.98366894778462,3,Global Investors
c1886,individual,maria,richardson,1999-11-16,f,usa,california,home,5,0,website,3,774293.9299999999,258097.97666666665,842.68,3,26,13.559708126503708,12.461098420827348,0,Corporate Buyers
c1887,individual,emma,campbell,1986-01-07,f,usa,oregon,investment,1,0,agency,3,822999.76,274333.25333333336,941.2099999999999,3,40,13.62071240310957,12.522102544569922,0,Corporate Buyers
c1888,individual,donald,griffin,1962-08-06,m,usa,california,home,3,0,website,4,981962.01,245490.5025,820.9224999999999,4,64,13.797308918602706,12.411017612583045,0,Corporate Buyers
c1889,individual,matthew,richardson,1987-07-10,m,usa,california,home,4,1,website,3,1193609.3,397869.76666666666,1205.9633333333334,3,39,13.99249313775097,12.893882524670213,1,First-Time Buyers
c1890,individual,mark,nelson,1954-03-12,m,canada,ontario,home,4,0,client,4,1209659.27,302414.8175,1042.1725000000001,4,72,14.005850109555002,12.619558228467195,1,First-Time Buyers
c1891,individual,gary,james,1972-06-02,m,usa,oregon,home,2,0,agency,4,1466482.7999999998,366620.69999999995,1244.8049999999998,4,54,14.198378120628774,12.8120858052164,3,Global Investors
c1892,individual,nancy,jones,1951-06-06,f,usa,nevada,investment,5,1,agency,3,978638.94,326212.98,1033.4833333333333,3,75,13.793919070411224,12.695308825393566,1,First-Time Buyers
c1893,individual,ann,davis,1962-12-27,f,usa,washington,home,1,1,website,4,1458732.84,364683.21,1146.0149999999999,4,63,14.193079384543822,12.806787079999868,3,Global Investors
c1894,individual,joyce,hall,1944-03-11,f,usa,texas,investment,4,0,website,4,1284918.37,321229.5925,1027.81,4,82,14.066206527261064,12.679914500915299,1,First-Time Buyers
c1895,company,caldera,co,1969-01-07,m,usa,nevada,investment,4,0,agency,3,1170571.86,390190.62000000005,1308.5133333333333,3,57,13.973003810878877,12.874393230774464,1,First-Time Buyers
c1896,individual,andrew,bryant,1955-06-17,m,usa,virginia,investment,3,0,agency,3,1158311.0,386103.6666666667,1139.1533333333334,3,71,13.962474330877132,12.863863768858037,1,First-Time Buyers
c1897,individual,catherine,rogers,1950-12-27,f,canada,ontario,home,2,0,website,4,1108918.3399999999,277229.58499999996,941.61,4,75,13.918896531496227,12.532604875709207,0,Corporate Buyers
c1898,individual,daniel,james,1979-01-05,m,usa,new york,home,1,1,website,4,1159717.54,289929.385,951.8199999999999,4,47,13.963687895710168,12.577396121421492,0,Corporate Buyers
c1899,individual,joe,mitchell,1996-04-05,m,uk,england,home,3,0,website,3,1001627.28,333875.76,1221.3833333333334,3,30,13.817137513753657,12.718527221832288,1,First-Time Buyers
c1900,individual,rachel,griffin,1998-09-07,f,uk,england,investment,4,0,client,4,1185889.79,296472.4475,1210.7375000000002,4,28,13.98600477166925,12.599712940290066,1,First-Time Buyers
c1901,individual,justin,stewart,1982-09-17,m,canada,british columbia,home,4,0,agency,4,1357680.7,339420.175,1151.37,4,44,14.12128917082036,12.73499701934702,1,First-Time Buyers
c1902,company,grandis,co,1980-11-09,m,usa,colorado,investment,2,0,agency,4,1127600.93,281900.2325,885.395,4,45,13.935603749820487,12.54931204921042,0,Corporate Buyers
c1903,individual,nicole,bennett,1991-12-01,f,usa,nevada,home,2,0,website,4,1453139.0699999998,363284.76749999996,1192.72,4,34,14.18923733845677,12.802945041829467,3,Global Investors
c1904,individual,christian,nelson,1949-03-23,m,usa,texas,home,2,1,website,4,1337265.67,334316.4175,1073.7375,4,77,14.106138290197272,12.719846172456881,1,First-Time Buyers
c1905,individual,james,morris,1961-02-02,m,usa,virginia,home,1,0,website,3,1180529.35,393509.7833333334,1354.2933333333333,3,65,13.981474344622374,12.882863750106646,3,Global Investors
c1906,individual,michelle,adams,1955-09-15,f,usa,california,home,2,0,agency,4,1487182.67,371795.6675,1158.6325,4,71,14.212394734963299,12.826102391077079,3,Global Investors
c1907,individual,kyle,wright,1950-03-12,m,usa,colorado,home,3,0,website,4,1751481.1500000001,437870.28750000003,1349.2,4,76,14.375972930303117,12.989680282016801,3,Global Investors
c1908,individual,andrea,moore,1976-03-28,f,usa,california,home,2,0,website,4,1543714.5,385928.625,1324.385,4,50,14.249702730930563,12.863410313172052,3,Global Investors
c1909,individual,heather,pierce,1985-12-04,f,usa,california,investment,2,0,agency,3,1238663.76,412887.92,1313.16,3,40,14.029544550957013,12.930933876929483,3,Global Investors
c1910,company,telnox,co,1985-10-04,m,usa,california,home,2,1,agency,4,816793.9099999999,204198.47749999998,735.11,4,41,13.613143314177524,12.226852625943513,0,Corporate Buyers
c1911,individual,noah,murray,1989-01-11,m,usa,california,home,5,0,agency,3,1195691.95,398563.98333333334,1268.0466666666669,3,37,13.994236449762498,12.895625833763217,1,First-Time Buyers
c1912,individual,amanda,jackson,1954-07-26,f,usa,utah,investment,1,0,website,3,863871.21,287957.07,952.0733333333334,3,72,13.669180131754564,12.570570158241011,0,Corporate Buyers
c1913,individual,gary,king,1980-11-12,m,france,provence,home,5,0,website,4,1210353.53,302588.3825,972.245,4,45,14.006423874656807,12.620131992146455,1,First-Time Buyers
c1914,individual,brenda,gray,1993-08-24,f,uk,scotland,home,4,1,website,3,1553786.78,517928.9266666667,1584.7333333333333,3,33,14.256206236877494,13.157595235385624,3,Global Investors
c1915,individual,angela,williams,1964-06-09,f,usa,arizona,investment,4,0,client,3,1015184.58,338394.86,1076.6899999999998,3,62,13.83058199118372,12.731971672596815,1,First-Time Buyers
c1916,individual,zachary,weaver,1948-10-15,m,usa,california,investment,2,0,website,3,1257058.52,419019.50666666665,1303.7766666666666,3,78,14.044285837286692,12.945675139631877,3,Global Investors
c1917,individual,angela,montgomery,1971-09-16,f,australia,new south wales,home,2,0,client,4,1007433.23,251858.3075,820.9224999999999,4,55,13.822917290275095,12.43662590701266,0,Corporate Buyers
c1918,individual,dorothy,murray,1940-09-17,f,usa,california,home,1,0,client,4,1019401.51,254850.3775,765.6675,4,86,13.834727239117733,12.44843582089386,0,Corporate Buyers
c1919,company,vantage,co,1968-01-19,f,usa,nevada,investment,1,0,website,4,1083015.76,270753.94,929.2725,4,58,13.895261001394315,12.508969410310822,0,Corporate Buyers
c1920,individual,jonathan,pierce,1969-10-26,m,germany,north rhine westphalia,home,5,0,agency,4,1523588.92,380897.23,1278.045,4,56,14.236579897655012,12.850287505566952,1,First-Time Buyers
c1921,individual,carolyn,adams,1956-12-24,f,france,provence,home,5,0,website,3,980793.6799999999,326931.2266666666,1089.46,3,69,13.796118420005817,12.697508170498402,1,First-Time Buyers
c1922,individual,jessica,garcia,1988-01-09,f,usa,california,home,1,0,agency,3,1549836.17,516612.05666666664,1592.1233333333332,3,38,14.253660431764219,13.155049433553422,3,Global Investors
c1923,individual,sarah,cooper,1947-03-07,f,mexico,jalisco,investment,1,1,client,4,1302917.16,325729.29,1140.38,4,79,14.080117045231887,12.693824986633091,0,Corporate Buyers
c1924,individual,joe,cooper,1958-01-03,m,usa,california,home,3,0,client,4,1453954.37,363488.5925,1253.3075,4,68,14.189798241969024,12.803505944184066,3,Global Investors
c1925,individual,jordan,baker,1942-01-19,m,usa,colorado,home,2,0,agency,4,1165252.94,291313.235,1093.05,4,84,13.96844959547793,12.582157808900837,0,Corporate Buyers
c1926,individual,joshua,watson,1997-11-05,m,mexico,puebla,home,1,1,website,4,1238034.03,309508.5075,1014.73,4,28,14.02903602746449,12.642744089536427,0,Corporate Buyers
c1927,individual,victoria,long,1952-11-05,f,usa,california,investment,1,1,website,4,1325474.94,331368.735,1280.6875,4,73,14.097282152905583,12.710990055121085,3,Global Investors
c1928,individual,paul,scott,1998-02-20,m,australia,new south wales,home,4,1,client,3,741930.22,247310.07333333333,736.0433333333334,3,28,13.517011822435242,12.418402229431164,0,Corporate Buyers
c1929,individual,angela,baker,1941-10-24,f,mexico,jalisco,home,1,1,agency,4,1329874.96,332468.74,1127.175,4,85,14.100596232690762,12.714304127417813,3,Global Investors
c1930,individual,rachel,adams,1966-01-22,f,usa,colorado,investment,3,0,agency,4,1184992.23,296248.0575,990.9875000000001,4,60,13.98524761945488,12.598955789991818,0,Corporate Buyers
c1931,individual,melissa,jackson,1995-05-01,f,usa,utah,home,5,1,website,4,1323884.1099999999,330971.02749999997,1047.99,4,31,14.096081236789457,12.709789141724663,1,First-Time Buyers
c1932,individual,dorothy,allen,1962-05-13,f,usa,california,investment,2,0,website,4,1713149.19,428287.2975,1342.1525000000001,4,64,14.353844450053666,12.967551840092192,3,Global Investors
c1933,company,oasis,co,1994-04-05,f,australia,queensland,home,1,0,client,3,822428.05,274142.68333333335,851.87,3,32,13.62001749650276,12.521407639652407,0,Corporate Buyers
c1934,individual,noah,montgomery,1978-03-25,m,france,ile de france,investment,4,1,client,4,1719384.46,429846.115,1422.9925,4,48,14.357477494248432,12.971184877936471,3,Global Investors
c1935,individual,ashley,young,1983-04-14,f,usa,arizona,home,5,0,website,3,1205890.37,401963.4566666667,1357.1933333333334,3,43,14.00272957758544,12.904118947440137,1,First-Time Buyers
c1936,individual,jeffrey,brown,1984-02-24,m,russia,krasnodar krai,home,1,1,agency,3,965899.1000000001,321966.3666666667,992.2199999999999,3,42,13.780815691697768,12.682205473635024,0,Corporate Buyers
c1937,individual,ashley,richardson,1961-03-16,f,usa,arizona,home,3,1,website,4,1707838.06,426959.515,1419.32,4,65,14.350739421724718,12.964446817209085,3,Global Investors
c1938,individual,peter,anderson,1973-07-28,m,canada,quebec,home,4,1,website,3,1154671.2,384890.39999999997,1205.9633333333334,3,53,13.959327052132677,12.860716495556384,1,First-Time Buyers
c1939,individual,gloria,white,1979-06-09,f,usa,florida,investment,1,1,agency,3,674304.95,224768.31666666665,839.1433333333334,3,47,13.421439218649336,12.32282989598951,0,Corporate Buyers
c1940,individual,barbara,turner,1997-02-01,f,canada,manitoba,home,4,0,agency,4,1403901.1400000001,350975.28500000003,1216.595,4,29,14.154766160283975,12.768473936062883,1,First-Time Buyers
c1941,individual,maria,james,1943-05-20,f,usa,nevada,home,5,0,client,4,1368615.25,342153.8125,1140.38,4,83,14.129310750877364,12.743018581750087,1,First-Time Buyers
c1942,company,stratos,co,1984-11-10,f,usa,nevada,home,2,1,agency,3,1133984.52,377994.84,1313.16,3,41,13.941248994228875,12.842638469250161,3,Global Investors
c1943,individual,eric,long,1973-01-04,m,usa,arizona,home,1,0,website,3,967521.23,322507.07666666666,1042.71,3,53,13.782493680366299,12.68388345883202,0,Corporate Buyers
c1944,individual,henry,pierce,1986-02-15,m,usa,california,investment,1,0,website,4,1971083.9300000002,492770.98250000004,1602.67,4,40,14.494094675008649,13.107801835892033,3,Global Investors
c1945,individual,sean,johnson,1967-02-26,m,mexico,mexico city,investment,3,0,website,4,1112541.88,278135.47,939.4875,4,59,13.922158836099962,12.535867171501716,0,Corporate Buyers
c1946,individual,mark,bell,1955-01-15,m,usa,california,home,1,0,agency,3,1056227.37,352075.79000000004,1111.25,3,71,13.870214979337332,12.77160458419733,0,Corporate Buyers
c1947,individual,walter,mitchell,1979-02-02,m,usa,nevada,home,3,0,website,3,1247905.56,415968.52,1328.47,3,47,14.036977953313606,12.93836726732831,3,Global Investors
c1948,individual,melissa,harris,1955-04-01,f,usa,arizona,home,2,0,agency,3,1530233.0,510077.6666666667,1527.8633333333335,3,71,14.24093122285078,13.142320241171465,3,Global Investors
c1949,individual,christina,james,1955-07-20,f,usa,colorado,home,2,1,agency,3,1020270.72,340090.24,1274.52,3,71,13.835579541941225,12.73696921353331,0,Corporate Buyers
c1950,individual,edward,weaver,1975-03-27,m,usa,ohio,home,4,0,agency,4,1033306.43,258326.6075,933.355,4,51,13.848275312731129,12.46198385490561,0,Corporate Buyers
c1951,individual,alexander,murray,1996-09-08,m,usa,utah,home,1,1,website,4,1128864.17,282216.0425,972.335,4,30,13.936723411730888,12.550431708143618,0,Corporate Buyers
c1952,company,optima,co,1992-05-06,m,usa,nevada,home,3,0,agency,3,1235262.65,411754.2166666666,1451.5366666666669,3,34,14.026794987041598,12.92818431745973,3,Global Investors
c1953,individual,donald,miller,1972-10-16,m,germany,bavaria,home,1,1,website,4,1199064.43,299766.1075,946.6525,4,54,13.997053002996132,12.610761143821652,0,Corporate Buyers
c1954,individual,judy,roberts,1966-09-03,f,australia,western australia,investment,3,0,website,3,809731.0700000001,269910.3566666667,899.9899999999999,3,60,13.604458694151807,12.505848875433456,0,Corporate Buyers
c1955,individual,benjamin,wright,1998-05-20,m,canada,quebec,home,1,0,website,4,1707150.06,426787.515,1380.26,4,28,14.350336492295856,12.964043888488154,3,Global Investors
c1956,individual,julie,weaver,1967-08-21,f,usa,oregon,home,2,0,agency,4,1224023.79,306005.9475,920.7075,4,59,14.017654995117288,12.631363084925146,0,Corporate Buyers
c1957,individual,adam,howard,1962-09-24,m,usa,california,home,4,1,website,4,1318838.26,329709.565,1150.2,4,64,14.092262559224023,12.705970472829097,1,First-Time Buyers
c1958,individual,susan,foster,1970-10-09,f,usa,california,home,3,0,website,4,1567012.19,391753.0475,1287.0549999999998,4,56,14.264681938660742,12.878389492009182,3,Global Investors
c1959,individual,judy,morales,1942-02-20,f,usa,texas,home,1,0,website,3,626084.02,208694.67333333334,753.3133333333334,3,84,13.347241455556741,12.248632361337853,0,Corporate Buyers
c1960,individual,dorothy,brown,1987-08-02,f,usa,colorado,home,2,1,website,3,1196488.96,398829.6533333333,1350.4933333333333,3,39,13.994902795154532,12.89629217804105,3,Global Investors
c1961,individual,william,campbell,1994-09-26,m,usa,california,home,5,0,agency,4,1289265.38,322316.345,1138.4975,4,32,14.06958391689358,12.68329188267568,1,First-Time Buyers
c1962,individual,kimberly,harris,1995-08-01,f,mexico,puebla,home,5,0,agency,3,971475.24,323825.08,1108.1033333333332,3,31,13.786572090475335,12.687961860527613,1,First-Time Buyers
c1963,company,terova,co,1968-03-01,m,usa,texas,home,5,0,website,3,983925.13,327975.04333333333,1090.7733333333333,3,58,13.7993061020782,12.700695846080945,1,First-Time Buyers
c1964,individual,kevin,martin,1972-06-17,m,usa,virginia,home,5,0,agency,3,1149434.67,383144.88999999996,1359.24,3,54,13.954781658156985,12.856171109471644,1,First-Time Buyers
c1965,individual,sean,wright,1997-01-09,m,usa,california,home,4,0,agency,3,1489053.39,496351.12999999995,1579.3133333333335,3,29,14.213651838870074,13.115040893335346,3,Global Investors
c1966,individual,ronald,howard,1964-02-10,m,canada,british columbia,home,1,0,agency,4,1210176.2,302544.05,1111.6475,4,62,14.006277353131706,12.619985470984549,0,Corporate Buyers
c1967,individual,roger,bryant,1957-10-09,m,usa,oregon,investment,4,0,agency,3,747143.37,249047.79,859.2633333333333,3,69,13.52401371184034,12.425404100027471,0,Corporate Buyers
c1968,individual,judy,griffin,1958-11-02,f,usa,california,investment,3,1,client,3,987718.99,329239.66333333333,1072.7266666666667,3,67,13.803154525630363,12.704544261825571,0,Corporate Buyers
c1969,individual,jesse,james,1993-06-14,m,usa,colorado,investment,2,1,agency,4,1030940.4299999999,257735.10749999998,854.58,4,33,13.845982952462034,12.459691501299535,0,Corporate Buyers
c1970,individual,raymond,howard,1978-02-25,m,usa,arizona,investment,4,1,website,3,1346312.7000000002,448770.9000000001,1361.7433333333333,3,48,14.112880822953581,13.014270019822249,3,Global Investors
c1971,individual,emma,jordan,1976-07-18,f,usa,virginia,home,5,0,website,3,673422.3200000001,224474.1066666667,775.5666666666666,3,50,13.420129415344128,12.32152009657173,0,Corporate Buyers
c1972,individual,carol,wilson,1972-01-05,f,usa,california,home,4,1,website,3,943260.84,314420.27999999997,1077.3333333333333,3,54,13.75709919009339,12.65848902172507,1,First-Time Buyers
c1973,company,oasis,co,1993-09-13,m,usa,washington,home,4,1,agency,4,1450499.68,362624.92,1214.7825,4,33,14.187419351347346,12.801127058476673,1,First-Time Buyers
c1974,individual,keith,peterson,1950-04-09,m,usa,nevada,home,5,1,agency,4,968686.8500000001,242171.71250000002,809.6575,4,76,13.783697702752974,12.397406438601168,0,Corporate Buyers
c1975,individual,dorothy,campbell,1975-08-05,f,belgium,wallonia,home,4,0,agency,3,985031.21,328343.73666666663,1023.8800000000001,3,51,13.80042962012719,12.701819361847477,1,First-Time Buyers
c1976,individual,albert,wilson,1995-05-03,m,usa,florida,home,5,0,client,4,1146120.65,286530.1625,1030.29,4,31,13.951894322455576,12.56560257885545,1,First-Time Buyers
c1977,individual,jason,bennett,1994-04-07,m,usa,virginia,home,1,0,website,4,2001430.4300000002,500357.60750000004,1577.2325,4,32,14.50937319752238,13.123080335328563,3,Global Investors
c1978,company,summit,co,1967-02-06,f,usa,california,investment,5,1,website,3,1205900.67,401966.88999999996,1290.0866666666668,3,59,14.002738118948507,12.90412748878904,1,First-Time Buyers
c1979,individual,brian,richardson,1942-05-25,m,usa,colorado,home,3,1,agency,4,1287568.79,321892.1975,1014.73,4,84,14.06826711587619,12.681975084724373,1,First-Time Buyers
c1980,individual,barbara,green,1956-05-09,f,usa,texas,investment,4,0,website,4,1579565.09,394891.2725,1228.8325,4,70,14.272660740704087,12.886368278838155,1,First-Time Buyers
c1981,individual,sarah,flores,1992-12-09,f,canada,quebec,home,5,0,agency,4,1440160.68,360040.17,1245.935,4,33,14.180265943027283,12.793973665004671,1,First-Time Buyers
c1982,individual,jose,long,1947-09-05,m,usa,california,home,4,1,website,3,1545398.56,515132.85333333333,1669.3466666666666,3,79,14.25079304976565,13.152182055260393,3,Global Investors
c1983,individual,ryan,reed,1961-03-13,m,uk,northern ireland,home,3,0,website,4,1317304.52,329326.13,1070.475,4,65,14.091098935598572,12.704806851852107,1,First-Time Buyers
c1984,individual,jesse,watson,1956-10-18,m,usa,california,home,4,0,website,3,846287.21,282095.73666666663,994.52,3,70,13.648615254331096,12.550005328921287,0,Corporate Buyers
c1985,individual,gregory,bell,1963-05-11,m,uk,scotland,home,1,1,agency,4,1149379.8599999999,287344.96499999997,1014.73,4,63,13.954733972750782,12.56844222172837,0,Corporate Buyers
c1986,individual,thomas,griffin,1977-04-23,m,usa,new york,investment,1,0,website,4,1442798.93,360699.7325,1153.5575,4,49,14.182096179494748,12.795803897663065,3,Global Investors
c1987,individual,douglas,davis,1986-10-18,m,belgium,wallonia,investment,5,0,website,4,1316082.96,329020.74,1104.1725,4,39,14.090171188224403,12.703879106591742,1,First-Time Buyers
c1988,individual,henry,thompson,1994-09-19,m,usa,california,home,5,1,website,4,1301018.95,325254.7375,972.245,4,32,14.078659091735258,12.692367036495874,1,First-Time Buyers
c1989,individual,william,montgomery,1959-11-19,m,usa,texas,home,3,0,agency,4,1380788.8599999999,345197.21499999997,1135.325,4,66,14.13816625571539,12.75187406726263,1,First-Time Buyers
c1990,individual,scott,howard,1976-11-28,m,usa,texas,investment,5,0,agency,3,1253745.81,417915.27,1303.4733333333334,3,49,14.041647073888146,12.94303638043718,1,First-Time Buyers
c1991,individual,susan,reed,1950-07-09,f,usa,california,home,3,0,website,4,1134341.88,283585.47,900.39,4,76,13.941564080882955,12.555272364462553,0,Corporate Buyers
c1992,individual,rachel,hansen,1943-01-19,f,usa,texas,home,3,1,website,3,1266058.76,422019.58666666667,1445.08,3,83,14.051420084363663,12.95280937539857,3,Global Investors
c1993,individual,douglas,thompson,1985-06-09,m,usa,new york,home,2,0,website,3,1385369.38,461789.7933333333,1454.4099999999999,3,41,14.141478084235256,13.042867239223359,3,Global Investors
c1994,individual,nicole,miller,1994-07-21,f,usa,oregon,investment,3,1,website,3,1257875.21,419291.73666666663,1454.4099999999999,3,32,14.044935309174951,12.946324610487155,3,Global Investors
c1995,individual,michelle,scott,1993-03-05,f,usa,california,investment,4,0,agency,4,1044043.64,261010.91,905.7525,4,33,13.858612805131287,12.472321317447623,0,Corporate Buyers
c1996,individual,samantha,brooks,1992-06-20,f,usa,nevada,home,1,1,website,4,1151831.48,287957.87,1027.325,4,34,13.956864692997279,12.570572936419406,0,Corporate Buyers
c1997,individual,matthew,cox,1942-09-27,m,usa,arizona,home,4,1,website,4,1101825.4,275456.35,910.42,4,84,13.91247972452513,12.526188086153502,0,Corporate Buyers
c1998,individual,mark,patterson,1963-09-13,m,usa,virginia,home,5,1,website,3,1023688.56,341229.52,1140.3999999999999,3,63,13.838923874555576,12.740313539602855,1,First-Time Buyers
c1999,individual,lawrence,montgomery,1944-06-15,m,usa,ohio,home,4,1,client,3,838587.38,279529.12666666665,919.0466666666666,3,82,13.63947525719542,12.540865353484772,0,Corporate Buyers
c2000,individual,amanda,james,1996-03-24,f,usa,georgia,home,1,1,agency,3,913528.5,304509.5,1033.4833333333333,3,30,13.7250709476559,12.626460848296192,0,Corporate Buyers
